date,etl:adj_close,etl:adj_open,etl:adj_high,etl:adj_low,price:成交股數,price:成交筆數,price:成交金額,institutional_investors_trading_summary:外陸資買賣超股數(不含外資自營商),institutional_investors_trading_summary:外資自營商買賣超股數,institutional_investors_trading_summary:投信買賣超股數,institutional_investors_trading_summary:自營商買賣超股數(自行買賣),institutional_investors_trading_summary:自營商買賣超股數(避險),foreign_investors_shareholding:全體外資及陸資持股比率
2012-05-02,45.19028049184785,43.78394396201856,45.284036260503136,43.5026766560527,878987.0,440.0,20983829.0,-67000.0,0.0,2000.0,-30000.0,0.0,7.02
2012-05-03,45.284036260503136,45.565303566469,45.565303566469,44.90901318588199,464520.0,262.0,11192509.0,20000.0,0.0,0.0,0.0,0.0,7.03
2012-05-04,45.471547797813706,45.37779202915842,45.565303566469,45.00276895453728,368352.0,218.0,8920253.0,19000.0,0.0,0.0,-2000.0,0.0,7.04
2012-05-07,44.815257417226704,45.00276895453728,45.00276895453728,44.440234342605564,292969.0,166.0,6981525.0,-50000.0,0.0,0.0,0.0,0.0,7.01
2012-05-08,44.627745879916134,45.00276895453728,45.096524723192566,44.627745879916134,285612.0,158.0,6822988.0,-51000.0,0.0,0.0,0.0,0.0,6.99
2012-05-09,45.00276895453728,44.627745879916134,45.00276895453728,44.252722805294994,290810.0,169.0,6941159.0,-36000.0,0.0,0.0,0.0,0.0,6.97
2012-05-10,44.815257417226704,44.815257417226704,45.37779202915842,44.252722805294994,207184.0,149.0,4955896.0,-37000.0,0.0,0.0,0.0,0.0,6.95
2012-05-11,44.34647857395027,44.815257417226704,44.815257417226704,43.87769973067385,374900.0,225.0,8842058.0,-120000.0,0.0,0.0,-1000.0,0.0,6.89
2012-05-14,44.06521126798442,45.00276895453728,45.00276895453728,44.06521126798442,158820.0,101.0,3744892.0,0.0,0.0,0.0,-1000.0,0.0,6.89
2012-05-15,44.06521126798442,43.69018819336328,44.06521126798442,43.12765358143156,174190.0,114.0,4058172.0,29000.0,0.0,2000.0,2000.0,0.0,6.91
2012-05-16,43.408920887397414,44.06521126798442,44.06521126798442,43.31516511874214,259159.0,157.0,6019404.0,-2000.0,0.0,0.0,-2000.0,0.0,6.91
2012-05-17,44.06521126798442,43.87769973067385,44.440234342605564,43.78394396201856,264558.0,142.0,6213318.0,89000.0,0.0,0.0,-3000.0,0.0,6.95
2012-05-18,43.221409350086844,43.87769973067385,43.87769973067385,43.12765358143156,319013.0,199.0,7374147.0,-16000.0,0.0,0.0,0.0,0.0,6.94
2012-05-21,43.408920887397414,43.31516511874214,43.69018819336328,43.31516511874214,66670.0,56.0,1545358.0,9000.0,0.0,0.0,0.0,0.0,6.95
2012-05-22,44.06521126798442,43.31516511874214,44.34647857395027,43.31516511874214,246900.0,157.0,5792193.0,-67000.0,0.0,0.0,-1000.0,0.0,6.91
2012-05-23,43.5026766560527,44.06521126798442,44.06521126798442,43.5026766560527,156073.0,100.0,3634196.0,-34000.0,0.0,0.0,0.0,0.0,6.9
2012-05-24,43.31516511874214,43.31516511874214,43.87769973067385,43.12765358143156,294898.0,148.0,6823560.0,67000.0,0.0,0.0,-1000.0,0.0,6.93
2012-05-25,43.12765358143156,43.5026766560527,43.59643242470799,43.12765358143156,207640.0,116.0,4790954.0,3000.0,0.0,-43000.0,0.0,0.0,6.94
2012-05-28,43.221409350086844,43.12765358143156,43.59643242470799,42.94014204412098,130837.0,89.0,3021690.0,9000.0,0.0,0.0,0.0,0.0,6.94
2012-05-29,44.815257417226704,43.5026766560527,45.284036260503136,43.408920887397414,498712.0,250.0,11880013.0,56950.0,0.0,0.0,-1000.0,0.0,6.97
2012-05-30,44.06521126798442,44.721501648571426,44.721501648571426,43.87769973067385,280314.0,188.0,6602436.0,7000.0,0.0,0.0,0.0,0.0,6.97
2012-05-31,45.284036260503136,43.78394396201856,45.284036260503136,43.59643242470799,279210.0,152.0,6628666.0,0.0,0.0,0.0,-2000.0,0.0,6.97
2012-06-01,44.06521126798442,44.627745879916134,44.815257417226704,44.06521126798442,228346.0,132.0,5410559.0,-22984.0,0.0,0.0,0.0,0.0,6.96
2012-06-04,42.1900958948787,43.5026766560527,43.5026766560527,41.440049745636415,591913.0,361.0,13315249.0,-28000.0,0.0,1000.0,0.0,0.0,6.95
2012-06-05,42.75263050681042,42.75263050681042,43.221409350086844,42.37760743218927,181910.0,134.0,4159295.0,42000.0,0.0,0.0,0.0,0.0,6.97
2012-06-06,43.221409350086844,42.56511896949984,43.5026766560527,42.56511896949984,253608.0,141.0,5807893.0,57000.0,0.0,0.0,1000.0,0.0,7.0
2012-06-07,43.12765358143156,43.78394396201856,43.78394396201856,43.12765358143156,163568.0,115.0,3785764.0,13000.0,0.0,0.0,0.0,0.0,7.0
2012-06-08,42.846386275465704,43.033897812776274,43.31516511874214,42.846386275465704,159500.0,85.0,3663400.0,13000.0,0.0,0.0,-1000.0,0.0,7.01
2012-06-11,43.12765358143156,43.408920887397414,43.5026766560527,42.94014204412098,141288.0,82.0,3246074.0,38000.0,0.0,0.0,1000.0,0.0,7.03
2012-06-12,42.846386275465704,42.75263050681042,43.12765358143156,42.75263050681042,123000.0,76.0,2816500.0,18000.0,0.0,0.0,0.0,0.0,7.04
2012-06-13,42.846386275465704,42.846386275465704,43.408920887397414,42.75263050681042,141020.0,105.0,3227956.0,-4000.0,0.0,2000.0,-1000.0,0.0,7.03
2012-06-14,42.75263050681042,42.846386275465704,43.408920887397414,42.37760743218927,113500.0,88.0,2593474.0,0.0,0.0,2000.0,0.0,0.0,7.03
2012-06-15,42.1900958948787,42.47136320084456,43.12765358143156,42.1900958948787,487459.0,276.0,11075675.0,-177481.0,0.0,0.0,2000.0,0.0,6.95
2012-06-18,42.94014204412098,43.31516511874214,43.31516511874214,42.846386275465704,322250.0,204.0,7403636.0,59000.0,0.0,0.0,1000.0,0.0,6.98
2012-06-19,43.12765358143156,43.033897812776274,43.221409350086844,42.75263050681042,86417.0,82.0,1980881.0,8000.0,0.0,0.0,-1000.0,0.0,6.98
2012-06-20,43.5026766560527,43.5026766560527,43.69018819336328,43.31516511874214,271747.0,179.0,6298828.0,20000.0,0.0,0.0,3000.0,0.0,6.99
2012-06-21,44.440234342605564,43.78394396201856,44.440234342605564,43.5026766560527,432217.0,281.0,10170198.0,-15000.0,0.0,0.0,0.0,0.0,6.98
2012-06-22,44.34647857395027,43.97145549932913,44.34647857395027,43.69018819336328,247915.0,165.0,5824742.0,-68000.0,0.0,0.0,0.0,0.0,6.95
2012-06-25,43.87769973067385,44.06521126798442,44.440234342605564,43.31516511874214,273717.0,178.0,6412502.0,-25000.0,0.0,0.0,1000.0,0.0,6.94
2012-06-26,43.31516511874214,43.69018819336328,43.87769973067385,43.31516511874214,267375.0,190.0,6201409.0,-51000.0,0.0,-3000.0,7000.0,0.0,6.87
2012-06-27,43.221409350086844,43.221409350086844,43.59643242470799,43.12765358143156,287437.0,248.0,6643952.0,-74000.0,0.0,0.0,0.0,0.0,6.83
2012-06-28,43.408920887397414,43.31516511874214,43.69018819336328,43.31516511874214,387838.0,277.0,8985759.0,-51479.0,0.0,-1000.0,0.0,0.0,6.81
2012-06-29,43.87769973067385,43.5026766560527,44.06521126798442,43.5026766560527,455973.0,280.0,10650366.0,-34480.0,0.0,0.0,0.0,0.0,6.79
2012-07-02,44.252722805294994,44.252722805294994,44.53399011126085,44.06521126798442,696425.0,392.0,16462026.0,-32000.0,0.0,0.0,0.0,0.0,6.78
2012-07-03,44.252722805294994,44.627745879916134,44.721501648571426,44.252722805294994,1975877.0,903.0,46838943.0,-70250.0,0.0,0.0,0.0,0.0,6.74
2012-07-04,45.174654530405306,44.86734395536853,45.37952824709649,44.66247023867736,1037055.0,585.0,22832960.0,53000.0,0.0,0.0,0.0,0.0,6.77
2012-07-05,44.86734395536853,45.174654530405306,45.174654530405306,44.76490709702295,387051.0,218.0,8496675.0,15000.0,0.0,-1000.0,0.0,0.0,6.78
2012-07-06,44.252722805295,45.072217672059715,45.072217672059715,44.04784908860381,574835.0,308.0,12424289.0,-3000.0,0.0,0.0,0.0,0.0,6.77
2012-07-09,43.02348050514791,43.638101655221455,43.740538513567046,43.02348050514791,522623.0,341.0,11051685.0,-160000.0,0.0,0.0,0.0,0.0,6.7
2012-07-10,42.71616993011114,43.02348050514791,43.43322793853027,42.71616993011114,333530.0,206.0,6993545.0,-27000.0,0.0,0.0,0.0,0.0,6.68
2012-07-11,42.92104364680232,42.61373307176555,43.02348050514791,42.61373307176555,360700.0,174.0,7537992.0,-32000.0,0.0,0.0,0.0,0.0,6.67
2012-07-12,41.896675063346414,42.71616993011114,42.71616993011114,41.896675063346414,445802.0,228.0,9205698.0,-122000.0,0.0,0.0,0.0,0.0,6.61
2012-07-13,40.97474333823611,41.896675063346414,41.896675063346414,40.97474333823611,433565.0,230.0,8712911.0,-48000.0,0.0,0.0,0.0,0.0,6.59
2012-07-16,39.84793789643461,40.97474333823611,41.69180134665524,39.74550103808902,506166.0,277.0,9965374.0,-52250.0,0.0,0.0,0.0,0.0,6.56
2012-07-17,39.23331674636107,39.84793789643461,40.25768532981697,39.130879888015485,400463.0,231.0,7734966.0,26000.0,0.0,-14000.0,0.0,0.0,6.57
2012-07-18,38.9260061713243,39.23331674636107,39.33575360470666,38.721132454633114,322202.0,208.0,6133115.0,-9000.0,0.0,0.0,0.0,0.0,6.57
2012-07-19,39.028443029669894,39.028443029669894,39.64306417974343,39.028443029669894,329240.0,175.0,6292644.0,69000.0,0.0,0.0,-80000.0,0.0,6.6
2012-07-20,38.51625873794194,38.51625873794194,39.130879888015485,38.41382187959635,642873.0,322.0,12112897.0,-247000.0,0.0,0.0,0.0,0.0,6.48
2012-07-23,37.18457957944926,37.491890154486036,37.9016375878684,36.97970586275809,585252.0,282.0,10652270.0,-142000.0,0.0,0.0,0.0,0.0,6.41
2012-07-24,36.26264785433895,37.08214272110368,37.08214272110368,35.852900420956594,512800.0,259.0,9140319.0,37000.0,0.0,0.0,0.0,0.0,6.43
2012-07-25,36.672395287721315,36.26264785433895,37.08214272110368,36.16021099599336,329060.0,202.0,5909298.0,14000.0,0.0,0.0,-11000.0,0.0,6.44
2012-07-26,36.774832146066906,36.774832146066906,37.08214272110368,36.774832146066906,268490.0,181.0,4830720.0,-41000.0,0.0,0.0,0.0,0.0,6.42
2012-07-27,37.18457957944926,36.97970586275809,37.389453296140445,36.97970586275809,290731.0,169.0,5284878.0,-1000.0,0.0,0.0,0.0,0.0,6.42
2012-07-30,36.8772690044125,37.491890154486036,37.59432701283163,36.774832146066906,280778.0,166.0,5075875.0,-13000.0,0.0,0.0,0.0,0.0,6.41
2012-07-31,37.287016437794854,36.8772690044125,37.287016437794854,36.672395287721315,263610.0,163.0,4747337.0,47000.0,0.0,0.0,0.0,0.0,6.43
2012-08-01,37.491890154486036,37.18457957944926,37.491890154486036,36.8772690044125,351245.0,150.0,6373869.0,-6000.0,0.0,0.0,0.0,0.0,6.43
2012-08-03,37.08214272110368,37.491890154486036,37.491890154486036,36.97970586275809,160522.0,102.0,2912697.0,27000.0,0.0,0.0,0.0,0.0,6.44
2012-08-06,36.97970586275809,37.491890154486036,37.491890154486036,36.97970586275809,205250.0,104.0,3734035.0,21000.0,0.0,0.0,0.0,0.0,6.46
2012-08-07,36.26264785433895,36.97970586275809,37.08214272110368,36.26264785433895,364360.0,214.0,6486320.0,1000.0,0.0,0.0,0.0,0.0,6.46
2012-08-08,36.36508471268454,36.26264785433895,36.569958429375724,36.16021099599336,351876.0,173.0,6241603.0,22000.0,0.0,0.0,1000.0,0.0,6.48
2012-08-09,37.08214272110368,36.36508471268454,37.287016437794854,36.36508471268454,345423.0,204.0,6238081.0,34000.0,0.0,3000.0,10000.0,0.0,6.5
2012-08-10,37.9016375878684,37.08214272110368,38.10651130455958,37.08214272110368,369367.0,249.0,6817504.0,19000.0,0.0,0.0,0.0,0.0,6.51
2012-08-13,38.51625873794194,37.9016375878684,38.61869559628753,37.9016375878684,327440.0,226.0,6135370.0,-17000.0,0.0,0.0,0.0,0.0,6.5
2012-08-14,38.208948162905166,38.51625873794194,38.9260061713243,38.00407444621399,274580.0,150.0,5145464.0,-7000.0,0.0,0.0,1000.0,0.0,6.5
2012-08-15,38.208948162905166,38.31138502125076,38.41382187959635,37.9016375878684,171001.0,125.0,3181166.0,12000.0,0.0,8000.0,0.0,0.0,6.5
2012-08-16,38.10651130455958,38.208948162905166,38.41382187959635,38.00407444621399,284059.0,139.0,5295740.0,7000.0,0.0,0.0,0.0,0.0,6.51
2012-08-17,38.51625873794194,38.31138502125076,38.721132454633114,38.208948162905166,283411.0,158.0,5325025.0,6000.0,0.0,0.0,0.0,0.0,6.51
2012-08-20,38.00407444621399,38.721132454633114,38.721132454633114,38.00407444621399,240735.0,105.0,4499157.0,-5000.0,0.0,0.0,2000.0,0.0,6.51
2012-08-21,38.00407444621399,37.9016375878684,38.31138502125076,37.9016375878684,286781.0,142.0,5330933.0,55000.0,0.0,0.0,1000.0,0.0,6.53
2012-08-22,38.10651130455958,37.9016375878684,38.61869559628753,37.9016375878684,259561.0,142.0,4844177.0,-5000.0,0.0,0.0,0.0,0.0,6.53
2012-08-23,38.208948162905166,38.10651130455958,38.208948162905166,37.79920072952281,271759.0,143.0,5042326.0,33000.0,0.0,0.0,0.0,0.0,6.55
2012-08-24,38.00407444621399,38.208948162905166,38.208948162905166,37.79920072952281,233438.0,130.0,4324302.0,21000.0,0.0,0.0,0.0,0.0,6.56
2012-08-27,38.208948162905166,38.51625873794194,38.721132454633114,38.208948162905166,307622.0,170.0,5771867.0,7000.0,0.0,0.0,0.0,0.0,6.56
2012-08-28,37.491890154486036,38.31138502125076,38.31138502125076,37.491890154486036,289710.0,162.0,5334072.0,-15000.0,0.0,0.0,1000.0,0.0,6.55
2012-08-29,36.8772690044125,37.491890154486036,37.59432701283163,36.672395287721315,354084.0,228.0,6431304.0,33000.0,0.0,0.0,0.0,0.0,6.57
2012-08-30,36.672395287721315,36.8772690044125,37.08214272110368,36.46752157103013,390794.0,210.0,6999010.0,-13000.0,0.0,0.0,0.0,0.0,6.56
2012-08-31,36.36508471268454,36.46752157103013,36.672395287721315,36.36508471268454,311841.0,131.0,5556018.0,-24000.0,0.0,0.0,0.0,0.0,6.55
2012-09-03,36.36508471268454,36.36508471268454,36.774832146066906,36.26264785433895,320118.0,202.0,5691383.0,19000.0,0.0,0.0,0.0,0.0,6.57
2012-09-04,36.46752157103013,36.46752157103013,36.569958429375724,36.26264785433895,305146.0,171.0,5424889.0,12000.0,0.0,0.0,0.0,0.0,6.57
2012-09-05,36.36508471268454,36.46752157103013,36.672395287721315,36.36508471268454,259202.0,148.0,4616331.0,-2000.0,0.0,0.0,0.0,0.0,6.57
2012-09-06,36.16021099599336,36.36508471268454,36.569958429375724,36.16021099599336,373311.0,177.0,6625918.0,-15000.0,0.0,0.0,-1000.0,0.0,6.57
2012-09-07,36.16021099599336,36.36508471268454,36.672395287721315,36.16021099599336,391105.0,195.0,6928557.0,55000.0,0.0,0.0,0.0,0.0,6.59
2012-09-10,36.672395287721315,36.057774137647776,36.8772690044125,36.057774137647776,464099.0,252.0,8285269.0,12000.0,0.0,0.0,-2000.0,0.0,6.6
2012-09-11,36.672395287721315,37.08214272110368,37.08214272110368,36.672395287721315,219833.0,116.0,3952775.0,3000.0,0.0,0.0,0.0,0.0,6.6
2012-09-12,36.569958429375724,36.8772690044125,36.97970586275809,36.26264785433895,457100.0,271.0,8174592.0,52000.0,0.0,-15000.0,0.0,0.0,6.62
2012-09-13,36.8772690044125,36.774832146066906,37.389453296140445,36.672395287721315,427997.0,235.0,7741739.0,35000.0,0.0,0.0,1000.0,0.0,6.64
2012-09-14,36.97970586275809,37.287016437794854,37.287016437794854,36.569958429375724,606441.0,262.0,10930588.0,81000.0,0.0,0.0,2000.0,0.0,6.68
2012-09-17,36.97970586275809,37.08214272110368,37.08214272110368,36.774832146066906,332596.0,161.0,5992578.0,8000.0,0.0,0.0,0.0,0.0,6.68
2012-09-18,37.08214272110368,36.774832146066906,37.389453296140445,36.672395287721315,392466.0,178.0,7080388.0,-28000.0,0.0,8000.0,0.0,0.0,6.67
2012-09-19,36.8772690044125,36.97970586275809,37.18457957944926,36.8772690044125,611977.0,271.0,11048836.0,-363000.0,0.0,8000.0,0.0,0.0,6.5
2012-09-20,37.287016437794854,36.8772690044125,37.9016375878684,36.8772690044125,586044.0,286.0,10726443.0,34000.0,0.0,0.0,0.0,0.0,6.51
2012-09-21,37.287016437794854,37.287016437794854,37.9016375878684,37.287016437794854,462041.0,258.0,8458245.0,-139991.0,0.0,0.0,0.0,0.0,6.44
2012-09-24,37.08214272110368,36.8772690044125,37.18457957944926,36.8772690044125,272500.0,141.0,4925349.0,-55000.0,0.0,0.0,0.0,0.0,6.42
2012-09-25,36.97970586275809,36.97970586275809,37.287016437794854,36.97970586275809,205945.0,100.0,3729610.0,9000.0,0.0,0.0,0.0,0.0,6.42
2012-09-26,36.46752157103013,36.97970586275809,36.97970586275809,36.36508471268454,307922.0,152.0,5517448.0,-27000.0,0.0,0.0,0.0,0.0,6.41
2012-09-27,36.36508471268454,36.057774137647776,36.569958429375724,36.057774137647776,425712.0,159.0,7560770.0,-23000.0,0.0,0.0,0.0,0.0,6.4
2012-09-28,35.64802670426541,36.16021099599336,36.569958429375724,35.44315298757423,804444.0,360.0,14114312.0,-232000.0,0.0,0.0,2000.0,0.0,6.29
2012-10-01,35.852900420956594,35.44315298757423,36.057774137647776,35.13584241253746,423798.0,209.0,7394283.0,67000.0,0.0,0.0,0.0,0.0,6.32
2012-10-02,35.64802670426541,35.64802670426541,35.852900420956594,35.54558984591983,373452.0,156.0,6507807.0,-149000.0,0.0,0.0,0.0,0.0,6.25
2012-10-03,35.64802670426541,35.44315298757423,35.64802670426541,35.44315298757423,173131.0,107.0,3005415.0,-7000.0,0.0,0.0,0.0,0.0,6.24
2012-10-04,35.44315298757423,35.64802670426541,35.64802670426541,35.03340555419187,366958.0,176.0,6316319.0,-5000.0,0.0,0.0,0.0,0.0,6.24
2012-10-05,35.13584241253746,35.44315298757423,35.44315298757423,35.13584241253746,347771.0,154.0,5989570.0,11000.0,0.0,0.0,0.0,0.0,6.25
2012-10-08,35.03340555419187,35.13584241253746,35.23827927088305,35.03340555419187,351950.0,133.0,6031945.0,-63000.0,0.0,0.0,0.0,0.0,6.22
2012-10-09,35.23827927088305,35.03340555419187,35.23827927088305,35.03340555419187,271428.0,119.0,4653038.0,-13000.0,0.0,0.0,0.0,0.0,6.21
2012-10-11,35.03340555419187,35.03340555419187,35.13584241253746,34.93096869584628,589693.0,180.0,10077315.0,-95000.0,0.0,0.0,0.0,0.0,6.17
2012-10-12,35.852900420956594,36.26264785433895,37.389453296140445,35.852900420956594,3106580.0,1045.0,55898537.0,60000.0,0.0,0.0,-4000.0,0.0,6.19
2012-10-15,35.852900420956594,35.64802670426541,36.16021099599336,35.23827927088305,515010.0,280.0,8971422.0,12000.0,0.0,0.0,0.0,0.0,6.2
2012-10-16,35.955337279302185,35.852900420956594,36.36508471268454,35.64802670426541,262987.0,145.0,4608422.0,-3000.0,0.0,0.0,0.0,0.0,6.2
2012-10-17,35.44315298757423,36.057774137647776,36.26264785433895,35.44315298757423,251924.0,137.0,4428191.0,15000.0,0.0,0.0,0.0,0.0,6.21
2012-10-18,35.44315298757423,35.44315298757423,35.44315298757423,34.82853183750069,502150.0,277.0,8610037.0,-13000.0,0.0,9000.0,0.0,0.0,6.21
2012-10-19,35.13584241253746,35.44315298757423,35.64802670426541,35.03340555419187,254233.0,174.0,4372030.0,-1000.0,0.0,0.0,0.0,0.0,6.21
2012-10-22,34.213910687427145,34.82853183750069,35.03340555419187,34.213910687427145,413615.0,238.0,6961345.0,-6000.0,0.0,0.0,-1000.0,0.0,6.2
2012-10-23,33.80416325404479,34.213910687427145,34.418784404118334,33.80416325404479,254507.0,150.0,4238388.0,3000.0,0.0,0.0,-2000.0,0.0,6.21
2012-10-24,32.26761037886094,33.80416325404479,33.80416325404479,31.96029980382416,777691.0,412.0,12507885.0,23000.0,0.0,0.0,2000.0,0.0,6.22
2012-10-25,30.628620645331488,32.16517352051534,32.5749209538977,30.5261837869859,1049914.0,579.0,16139195.0,5000.0,0.0,0.0,0.0,0.0,6.22
2012-10-26,28.784757195110867,30.628620645331488,30.628620645331488,28.784757195110867,1303712.0,534.0,18584371.0,54000.0,0.0,0.0,0.0,0.0,6.25
2012-10-29,27.657951753309373,28.784757195110867,28.989630911802045,27.657951753309373,721179.0,268.0,9977916.0,-27000.0,0.0,0.0,-1000.0,0.0,6.24
2012-10-30,28.06769918669173,27.86282547000055,28.477446620074094,27.760388611654964,411909.0,228.0,5667747.0,31000.0,0.0,0.0,0.0,0.0,6.25
2012-10-31,27.760388611654964,28.375009761728503,28.477446620074094,27.657951753309373,487794.0,193.0,6648186.0,-1000.0,0.0,0.0,0.0,0.0,6.26
2012-11-01,28.784757195110867,27.657951753309373,28.887194053456454,27.657951753309373,463043.0,234.0,6394652.0,46000.0,0.0,0.0,-2000.0,0.0,6.28
2012-11-02,29.29694148683882,28.989630911802045,29.80912577856677,28.989630911802045,1330362.0,376.0,19093310.0,-35000.0,0.0,0.0,0.0,0.0,6.26
2012-11-05,28.887194053456454,29.092067770147633,29.911562636912358,28.682320336765272,856883.0,242.0,12308148.0,-22000.0,0.0,0.0,0.0,0.0,6.25
2012-11-06,28.989630911802045,28.989630911802045,29.29694148683882,28.784757195110867,186464.0,103.0,2637841.0,53000.0,0.0,0.0,0.0,0.0,6.28
2012-11-07,28.989630911802045,28.989630911802045,29.29694148683882,28.989630911802045,180714.0,92.0,2563467.0,28000.0,0.0,0.0,0.0,0.0,6.29
2012-11-08,28.784757195110867,28.682320336765272,28.887194053456454,28.682320336765272,235300.0,85.0,3306378.0,22000.0,0.0,0.0,0.0,0.0,6.3
2012-11-09,29.604252061875584,28.784757195110867,29.604252061875584,28.477446620074094,628825.0,208.0,8972101.0,4000.0,0.0,0.0,0.0,0.0,6.3
2012-11-12,29.501815203529997,29.604252061875584,29.706688920221175,29.194504628493224,261288.0,109.0,3758331.0,-11000.0,0.0,0.0,0.0,0.0,6.3
2012-11-13,29.092067770147633,29.501815203529997,29.501815203529997,29.092067770147633,232300.0,105.0,3312240.0,8000.0,0.0,0.0,0.0,0.0,6.3
2012-11-14,28.887194053456454,29.29694148683882,29.29694148683882,28.784757195110867,146485.0,87.0,2071386.0,8000.0,0.0,0.0,0.0,0.0,6.31
2012-11-15,28.57988347841968,28.887194053456454,28.887194053456454,28.477446620074094,222573.0,128.0,3113990.0,9000.0,0.0,0.0,0.0,0.0,6.31
2012-11-16,28.57988347841968,28.272572903382915,28.887194053456454,28.272572903382915,279256.0,138.0,3896421.0,-113000.0,0.0,0.0,-3000.0,0.0,6.34
2012-11-19,28.170136045037324,28.682320336765272,28.682320336765272,28.06769918669173,243539.0,115.0,3370042.0,1000.0,0.0,0.0,1000.0,0.0,6.41
2012-11-20,28.170136045037324,28.272572903382915,28.57988347841968,28.06769918669173,256858.0,161.0,3540151.0,-93000.0,0.0,0.0,0.0,0.0,6.37
2012-11-21,27.657951753309373,28.170136045037324,28.170136045037324,27.657951753309373,181297.0,94.0,2466009.0,-17000.0,0.0,0.0,-1000.0,0.0,6.34
2012-11-22,26.83845688654465,27.657951753309373,27.760388611654964,26.73602002819906,349609.0,191.0,4669437.0,-41000.0,0.0,0.0,3000.0,0.0,6.32
2012-11-23,27.3506411782726,26.83845688654465,27.55551489496378,26.83845688654465,590872.0,406.0,7846146.0,-37000.0,0.0,0.0,0.0,0.0,6.3
2012-11-26,28.06769918669173,27.55551489496378,28.57988347841968,27.55551489496378,466856.0,314.0,6383175.0,-132000.0,0.0,0.0,0.0,0.0,6.24
2012-11-27,28.477446620074094,28.06769918669173,28.477446620074094,27.760388611654964,301006.0,178.0,4146779.0,-25000.0,0.0,0.0,-3000.0,0.0,6.23
2012-11-28,28.170136045037324,28.375009761728503,28.375009761728503,27.965262328346142,313867.0,161.0,4314805.0,2000.0,0.0,33000.0,2000.0,0.0,6.23
2012-11-29,28.170136045037324,28.477446620074094,28.682320336765272,28.170136045037324,702482.0,398.0,9716724.0,-422000.0,0.0,0.0,2000.0,0.0,6.05
2012-11-30,27.248204319927012,28.375009761728503,28.989630911802045,27.248204319927012,2075112.0,1052.0,28333735.0,-1204733.0,0.0,0.0,1000.0,0.0,5.47
2012-12-03,29.092067770147633,27.55551489496378,29.092067770147633,27.55551489496378,1639296.0,741.0,22909701.0,142000.0,0.0,0.0,1000.0,0.0,5.53
2012-12-04,31.03836807871385,30.32131007029472,31.03836807871385,29.911562636912358,2888730.0,792.0,43449605.0,10000.0,0.0,0.0,0.0,0.0,5.54
2012-12-05,33.18954210397124,33.18954210397124,33.18954210397124,31.96029980382416,5520924.0,2102.0,88014714.0,67000.0,0.0,0.0,3000.0,0.0,5.41
2012-12-06,32.37004723720653,33.18954210397124,33.49685267900802,32.26761037886094,2246547.0,845.0,35909537.0,71000.0,0.0,0.0,0.0,0.0,5.45
2012-12-07,32.26761037886094,32.779794670588885,32.882231528934476,32.062736662169755,969983.0,455.0,15395431.0,1000.0,0.0,0.0,0.0,0.0,5.45
2012-12-10,34.111473829081554,32.677357812243294,34.521221262463925,32.677357812243294,3122313.0,1253.0,51633907.0,-160000.0,0.0,0.0,0.0,0.0,5.37
2012-12-11,32.26761037886094,34.111473829081554,34.111473829081554,31.75542608713298,1698262.0,749.0,26855989.0,-82000.0,0.0,0.0,0.0,0.0,5.33
2012-12-12,32.37004723720653,32.26761037886094,32.5749209538977,31.96029980382416,706473.0,320.0,11119025.0,-4000.0,0.0,0.0,1000.0,0.0,5.33
2012-12-13,32.98466838728007,32.5749209538977,33.49685267900802,32.16517352051534,1315807.0,581.0,21093096.0,21000.0,0.0,0.0,1000.0,0.0,5.34
2012-12-14,32.5749209538977,32.98466838728007,32.98466838728007,32.16517352051534,546163.0,240.0,8666513.0,129000.0,0.0,0.0,0.0,0.0,5.4
2012-12-17,31.96029980382416,32.5749209538977,32.677357812243294,31.75542608713298,517200.0,253.0,8096848.0,16000.0,0.0,0.0,0.0,0.0,5.41
2012-12-18,31.857862945478573,32.16517352051534,32.47248409555211,31.857862945478573,449290.0,222.0,7020573.0,-14000.0,0.0,0.0,0.0,0.0,5.4
2012-12-19,31.96029980382416,32.062736662169755,32.47248409555211,31.96029980382416,622478.0,263.0,9781530.0,-48000.0,0.0,0.0,0.0,0.0,5.45
2012-12-20,31.34567865375062,31.96029980382416,32.26761037886094,31.24324179540503,655747.0,275.0,10152450.0,-65000.0,0.0,-1000.0,0.0,0.0,5.42
2012-12-21,31.24324179540503,31.75542608713298,31.75542608713298,31.03836807871385,404568.0,195.0,6179160.0,27000.0,0.0,-6000.0,-2000.0,0.0,5.43
2012-12-22,32.47248409555211,30.93593122036826,33.18954210397124,30.83349436202267,1177239.0,605.0,18561911.0,0.0,0.0,0.0,-4000.0,0.0,5.43
2012-12-24,31.857862945478573,31.96029980382416,32.5749209538977,31.75542608713298,506722.0,232.0,7917111.0,42000.0,0.0,0.0,0.0,0.0,5.45
2012-12-25,32.37004723720653,32.16517352051534,32.37004723720653,31.857862945478573,496161.0,216.0,7793075.0,58000.0,0.0,0.0,1000.0,0.0,5.48
2012-12-26,32.16517352051534,32.16517352051534,32.47248409555211,31.96029980382416,404242.0,194.0,6352124.0,31000.0,0.0,0.0,0.0,0.0,5.49
2012-12-27,32.16517352051534,32.16517352051534,32.677357812243294,32.062736662169755,536384.0,237.0,8468407.0,-1000.0,0.0,0.0,0.0,0.0,5.49
2012-12-28,32.16517352051534,32.26761037886094,32.47248409555211,31.96029980382416,452430.0,189.0,7097327.0,31000.0,0.0,0.0,0.0,0.0,5.51
2013-01-02,31.96029980382416,32.26761037886094,32.26761037886094,31.75542608713298,335675.0,182.0,5250928.0,23000.0,0.0,0.0,0.0,0.0,5.52
2013-01-03,32.062736662169755,32.16517352051534,32.5749209538977,32.062736662169755,369265.0,207.0,5818130.0,28000.0,0.0,0.0,0.0,0.0,5.53
2013-01-04,31.448115512096212,32.062736662169755,32.062736662169755,31.448115512096212,500809.0,278.0,7760426.0,18000.0,0.0,-2000.0,-2000.0,0.0,5.54
2013-01-07,31.24324179540503,31.550552370441803,31.75542608713298,31.24324179540503,399946.0,203.0,6139166.0,6000.0,0.0,-10000.0,0.0,0.0,5.54
2013-01-08,30.5261837869859,31.24324179540503,31.24324179540503,30.5261837869859,755456.0,330.0,11373291.0,26000.0,0.0,0.0,0.0,0.0,5.55
2013-01-09,30.93593122036826,30.5261837869859,31.34567865375062,30.32131007029472,907990.0,392.0,13679746.0,52000.0,0.0,0.0,0.0,0.0,5.58
2013-01-10,30.83349436202267,30.93593122036826,31.34567865375062,30.73105750367708,414631.0,195.0,6277691.0,43000.0,0.0,0.0,0.0,0.0,5.6
2013-01-11,30.73105750367708,30.83349436202267,31.03836807871385,30.73105750367708,322076.0,169.0,4850540.0,28000.0,0.0,-3000.0,0.0,0.0,5.61
2013-01-14,31.14080493705944,30.93593122036826,31.14080493705944,30.73105750367708,330191.0,168.0,4983181.0,0.0,0.0,0.0,0.0,0.0,5.61
2013-01-15,31.24324179540503,31.14080493705944,31.75542608713298,30.83349436202267,486971.0,261.0,7474455.0,-2000.0,0.0,-1000.0,0.0,0.0,5.61
2013-01-16,31.24324179540503,31.448115512096212,31.65298922878739,31.14080493705944,350300.0,186.0,5362189.0,10000.0,0.0,-1000.0,0.0,0.0,5.62
2013-01-17,29.706688920221175,31.24324179540503,31.448115512096212,29.29694148683882,727161.0,418.0,10685341.0,-39000.0,0.0,-2000.0,2000.0,0.0,5.6
2013-01-18,29.911562636912358,29.80912577856677,30.218873211949127,29.604252061875584,338446.0,194.0,4923811.0,7000.0,0.0,0.0,0.0,0.0,5.6
2013-01-21,29.706688920221175,29.911562636912358,29.911562636912358,29.501815203529997,144876.0,95.0,2100748.0,17000.0,0.0,-5000.0,0.0,0.0,5.61
2013-01-22,29.80912577856677,29.706688920221175,30.01399949525795,29.501815203529997,216657.0,115.0,3146841.0,-4000.0,0.0,0.0,-1000.0,0.0,5.61
2013-01-23,29.706688920221175,30.116436353603536,30.116436353603536,29.706688920221175,184451.0,102.0,2682960.0,15000.0,0.0,-1000.0,0.0,0.0,5.6
2013-01-24,29.604252061875584,29.706688920221175,30.01399949525795,29.501815203529997,256246.0,116.0,3721865.0,-16000.0,0.0,-1000.0,-1000.0,0.0,5.59
2013-01-25,29.501815203529997,29.604252061875584,29.706688920221175,29.501815203529997,175706.0,103.0,2537750.0,-24000.0,0.0,-1000.0,-2000.0,0.0,5.58
2013-01-28,29.706688920221175,29.706688920221175,29.706688920221175,29.501815203529997,126981.0,70.0,1835221.0,4000.0,0.0,0.0,0.0,0.0,5.58
2013-01-29,30.116436353603536,29.706688920221175,30.32131007029472,29.706688920221175,289060.0,151.0,4246579.0,12000.0,0.0,0.0,2000.0,0.0,5.59
2013-01-30,30.116436353603536,30.218873211949127,30.32131007029472,30.01399949525795,210239.0,119.0,3098213.0,33000.0,0.0,0.0,1000.0,0.0,5.6
2013-01-31,30.32131007029472,30.116436353603536,30.628620645331488,30.116436353603536,249144.0,112.0,3686380.0,8000.0,0.0,-1000.0,0.0,0.0,5.61
2013-02-01,30.01399949525795,30.116436353603536,30.42374692864031,29.911562636912358,333126.0,142.0,4894588.0,27000.0,0.0,0.0,0.0,0.0,5.61
2013-02-04,29.706688920221175,30.01399949525795,30.01399949525795,29.604252061875584,288753.0,171.0,4199527.0,1000.0,0.0,-25000.0,0.0,0.0,5.61
2013-02-05,29.092067770147633,29.706688920221175,29.706688920221175,28.989630911802045,359848.0,208.0,5138925.0,-18000.0,0.0,-25000.0,0.0,0.0,5.61
2013-02-06,29.092067770147633,29.501815203529997,29.501815203529997,29.092067770147633,367434.0,182.0,5248307.0,-3000.0,0.0,-1000.0,0.0,0.0,5.6
2013-02-18,28.784757195110867,29.501815203529997,29.501815203529997,28.784757195110867,424744.0,301.0,6017725.0,9000.0,0.0,0.0,0.0,0.0,5.61
2013-02-19,29.092067770147633,28.784757195110867,29.399378345184406,28.784757195110867,417830.0,320.0,5922687.0,20000.0,0.0,0.0,0.0,0.0,5.62
2013-02-20,28.989630911802045,29.194504628493224,29.29694148683882,28.887194053456454,403081.0,305.0,5711747.0,-1000.0,0.0,0.0,0.0,0.0,5.62
2013-02-21,28.887194053456454,28.989630911802045,29.092067770147633,28.682320336765272,499852.0,339.0,7025910.0,14000.0,0.0,0.0,0.0,0.0,5.62
2013-02-22,28.989630911802045,28.887194053456454,29.194504628493224,28.784757195110867,333491.0,258.0,4725943.0,-3000.0,0.0,0.0,0.0,0.0,5.62
2013-02-23,28.784757195110867,28.989630911802045,29.194504628493224,28.682320336765272,732867.0,404.0,10328876.0,130000.0,0.0,0.0,0.0,0.0,5.69
2013-02-25,28.989630911802045,28.989630911802045,29.092067770147633,28.784757195110867,761739.0,416.0,10767618.0,120000.0,0.0,0.0,0.0,0.0,5.74
2013-02-26,29.194504628493224,29.092067770147633,29.399378345184406,28.784757195110867,894250.0,467.0,12697609.0,11000.0,0.0,0.0,0.0,0.0,5.75
2013-02-27,28.887194053456454,29.29694148683882,29.29694148683882,28.887194053456454,724677.0,411.0,10256440.0,-4041.0,0.0,0.0,0.0,0.0,5.75
2013-03-01,29.092067770147633,28.887194053456454,29.399378345184406,28.887194053456454,882153.0,462.0,12515021.0,64000.0,0.0,0.0,0.0,0.0,5.78
2013-03-04,28.887194053456454,29.29694148683882,29.29694148683882,28.682320336765272,992749.0,528.0,14046509.0,-53000.0,0.0,0.0,0.0,0.0,5.75
2013-03-05,28.989630911802045,28.887194053456454,29.194504628493224,28.784757195110867,622577.0,414.0,8815632.0,8000.0,0.0,0.0,0.0,0.0,5.76
2013-03-06,29.911562636912358,29.29694148683882,30.116436353603536,29.194504628493224,1443677.0,583.0,20954496.0,181000.0,0.0,0.0,0.0,0.0,5.84
2013-03-07,30.42374692864031,30.116436353603536,31.14080493705944,30.01399949525795,1427433.0,627.0,21262856.0,33000.0,0.0,0.0,0.0,0.0,5.84
2013-03-08,30.116436353603536,30.628620645331488,30.73105750367708,30.01399949525795,622000.0,261.0,9195400.0,7000.0,0.0,0.0,0.0,0.0,5.84
2013-03-11,30.32131007029472,30.628620645331488,30.628620645331488,30.116436353603536,453356.0,214.0,6708317.0,36000.0,0.0,0.0,0.0,0.0,5.86
2013-03-12,29.706688920221175,30.5261837869859,30.5261837869859,29.706688920221175,609796.0,411.0,8943199.0,6000.0,0.0,0.0,0.0,0.0,5.86
2013-03-13,29.501815203529997,29.80912577856677,30.01399949525795,29.501815203529997,535656.0,390.0,7775260.0,17000.0,0.0,-1000.0,0.0,0.0,5.87
2013-03-14,29.29694148683882,29.501815203529997,29.604252061875584,29.092067770147633,812500.0,480.0,11614849.0,-4000.0,0.0,0.0,0.0,0.0,5.87
2013-03-15,28.989630911802045,29.399378345184406,29.501815203529997,28.989630911802045,250512.0,164.0,3572042.0,-74000.0,0.0,0.0,0.0,0.0,5.83
2013-03-18,28.682320336765272,28.887194053456454,29.092067770147633,28.682320336765272,582518.0,268.0,8183502.0,-98000.0,0.0,0.0,0.0,0.0,5.78
2013-03-19,28.887194053456454,28.682320336765272,28.887194053456454,28.682320336765272,317984.0,127.0,4468272.0,-56000.0,0.0,0.0,0.0,0.0,5.76
2013-03-20,29.399378345184406,28.887194053456454,29.911562636912358,28.682320336765272,1220294.0,460.0,17505754.0,2000.0,0.0,0.0,-1000.0,0.0,5.76
2013-03-21,29.399378345184406,29.399378345184406,29.706688920221175,29.29694148683882,425785.0,200.0,6137385.0,-2000.0,0.0,0.0,0.0,0.0,5.76
2013-03-22,28.784757195110867,29.29694148683882,29.29694148683882,28.784757195110867,931246.0,474.0,13154544.0,-52000.0,0.0,0.0,0.0,0.0,5.73
2013-03-25,28.989630911802045,28.887194053456454,29.092067770147633,28.784757195110867,577384.0,383.0,8121364.0,10000.0,0.0,0.0,0.0,0.0,5.73
2013-03-26,28.784757195110867,28.887194053456454,28.989630911802045,28.477446620074094,987838.0,517.0,13823796.0,-19000.0,0.0,0.0,0.0,0.0,5.73
2013-03-27,28.784757195110867,28.784757195110867,28.887194053456454,28.682320336765272,444220.0,190.0,6245937.0,-1000.0,0.0,-6000.0,0.0,0.0,5.73
2013-03-28,28.784757195110867,28.784757195110867,28.989630911802045,28.682320336765272,366754.0,166.0,5162566.0,0.0,0.0,0.0,0.0,0.0,5.73
2013-03-29,29.501815203529997,28.887194053456454,29.706688920221175,28.784757195110867,1384506.0,533.0,19905484.0,37000.0,0.0,0.0,0.0,0.0,5.74
2013-04-01,29.194504628493224,29.604252061875584,29.80912577856677,29.194504628493224,354224.0,188.0,5080766.0,-40000.0,0.0,0.0,0.0,0.0,5.72
2013-04-02,28.989630911802045,28.887194053456454,29.29694148683882,28.887194053456454,234259.0,110.0,3316577.0,0.0,0.0,0.0,0.0,0.0,5.72
2013-04-03,29.092067770147633,28.989630911802045,29.194504628493224,28.989630911802045,210916.0,99.0,2992765.0,0.0,0.0,0.0,2000.0,0.0,5.66
2013-04-08,27.86282547000055,28.57988347841968,28.682320336765272,27.760388611654964,665101.0,309.0,9113732.0,-80000.0,0.0,0.0,0.0,0.0,5.62
2013-04-09,27.45307803661819,27.760388611654964,27.86282547000055,27.45307803661819,375260.0,216.0,5058660.0,-13000.0,0.0,0.0,-1000.0,0.0,5.61
2013-04-10,27.55551489496378,27.55551489496378,27.86282547000055,27.55551489496378,221350.0,139.0,2989841.0,-16000.0,0.0,0.0,0.0,0.0,5.6
2013-04-11,27.86282547000055,27.86282547000055,27.965262328346142,27.657951753309373,318411.0,191.0,4323239.0,20000.0,0.0,0.0,0.0,0.0,5.61
2013-04-12,27.45307803661819,27.86282547000055,27.965262328346142,27.3506411782726,390692.0,255.0,5261040.0,-20000.0,0.0,0.0,0.0,0.0,5.6
2013-04-15,26.94089374489024,27.45307803661819,27.45307803661819,26.83845688654465,361360.0,238.0,4783068.0,-6000.0,0.0,0.0,0.0,0.0,5.6
2013-04-16,26.94089374489024,26.63358316985347,26.94089374489024,26.63358316985347,276337.0,187.0,3618278.0,26000.0,0.0,0.0,0.0,0.0,5.61
2013-04-17,26.83845688654465,26.94089374489024,27.14576746158142,26.73602002819906,312683.0,225.0,4109013.0,-42000.0,0.0,0.0,-2000.0,0.0,5.59
2013-04-18,27.248204319927012,26.83845688654465,27.55551489496378,26.83845688654465,525248.0,273.0,6987421.0,-5000.0,0.0,0.0,0.0,0.0,5.59
2013-04-19,27.760388611654964,27.248204319927012,28.272572903382915,27.248204319927012,1790919.0,515.0,24434346.0,-8000.0,0.0,0.0,0.0,0.0,5.59
2013-04-22,27.3506411782726,28.06769918669173,28.06769918669173,27.248204319927012,440659.0,255.0,5930061.0,-22000.0,0.0,0.0,0.0,0.0,5.58
2013-04-23,27.3506411782726,27.3506411782726,27.760388611654964,27.248204319927012,358155.0,243.0,4791807.0,9000.0,0.0,0.0,-7000.0,0.0,5.58
2013-04-24,27.760388611654964,27.55551489496378,27.86282547000055,27.45307803661819,297028.0,212.0,4006620.0,0.0,0.0,0.0,0.0,0.0,5.58
2013-04-25,27.3506411782726,27.45307803661819,27.760388611654964,27.3506411782726,308083.0,208.0,4134755.0,42000.0,0.0,0.0,0.0,0.0,5.6
2013-04-26,27.3506411782726,27.3506411782726,27.657951753309373,27.3506411782726,384254.0,247.0,5153861.0,65000.0,0.0,0.0,0.0,0.0,5.63
2013-04-29,27.14576746158142,27.657951753309373,27.657951753309373,27.14576746158142,275244.0,205.0,3668967.0,10000.0,0.0,-1000.0,0.0,0.0,5.64
2013-04-30,27.14576746158142,27.3506411782726,27.45307803661819,27.14576746158142,356268.0,226.0,4732848.0,7000.0,0.0,0.0,0.0,0.0,5.64
2013-05-02,27.248204319927012,27.14576746158142,27.45307803661819,27.14576746158142,442621.0,286.0,5892877.0,68000.0,0.0,0.0,0.0,0.0,5.67
2013-05-03,27.248204319927012,27.3506411782726,27.45307803661819,27.248204319927012,386430.0,226.0,5149846.0,39000.0,0.0,0.0,0.0,0.0,5.69
2013-05-06,27.657951753309373,27.45307803661819,28.06769918669173,27.3506411782726,1125331.0,507.0,15265048.0,-1000.0,0.0,0.0,0.0,0.0,5.69
2013-05-07,27.3506411782726,27.760388611654964,27.760388611654964,27.248204319927012,382688.0,281.0,5123696.0,15000.0,0.0,0.0,0.0,0.0,5.7
2013-05-08,27.55551489496378,27.3506411782726,27.657951753309373,27.248204319927012,525188.0,332.0,7023807.0,45052.0,0.0,0.0,2000.0,0.0,5.72
2013-05-09,27.55551489496378,27.45307803661819,27.965262328346142,27.3506411782726,1139065.0,503.0,15381919.0,50896.0,0.0,0.0,0.0,0.0,5.75
2013-05-10,27.55551489496378,27.55551489496378,27.760388611654964,27.3506411782726,418090.0,274.0,5608115.0,51000.0,0.0,0.0,1000.0,0.0,5.77
2013-05-13,27.3506411782726,27.55551489496378,27.55551489496378,27.248204319927012,414410.0,250.0,5541848.0,26000.0,0.0,0.0,-326.0,0.0,5.78
2013-05-14,27.3506411782726,27.248204319927012,27.55551489496378,27.248204319927012,447327.0,262.0,5972663.0,29000.0,0.0,0.0,2000.0,0.0,5.8
2013-05-15,27.55551489496378,27.3506411782726,27.86282547000055,27.3506411782726,802999.0,448.0,10816134.0,69000.0,0.0,0.0,0.0,0.0,5.83
2013-05-16,28.375009761728503,27.657951753309373,28.57988347841968,27.657951753309373,3591220.0,1131.0,49630431.0,80000.0,0.0,0.0,2000.0,0.0,5.87
2013-05-17,27.86282547000055,28.375009761728503,28.477446620074094,27.86282547000055,711944.0,397.0,9766336.0,35000.0,0.0,0.0,1000.0,0.0,5.89
2013-05-20,28.06769918669173,27.86282547000055,28.272572903382915,27.86282547000055,579779.0,346.0,7954890.0,16000.0,0.0,0.0,0.0,0.0,5.89
2013-05-21,28.170136045037324,28.06769918669173,28.375009761728503,27.965262328346142,580109.0,381.0,7967784.0,15000.0,0.0,0.0,0.0,0.0,5.9
2013-05-22,29.092067770147633,28.272572903382915,29.29694148683882,28.272572903382915,1923020.0,908.0,27278278.0,47000.0,0.0,0.0,0.0,0.0,5.92
2013-05-23,28.272572903382915,29.092067770147633,29.092067770147633,28.170136045037324,1099555.0,529.0,15302857.0,-51000.0,0.0,0.0,-1000.0,0.0,5.9
2013-05-24,28.170136045037324,28.272572903382915,28.57988347841968,28.06769918669173,806335.0,394.0,11121839.0,-42000.0,0.0,-1000.0,0.0,0.0,5.88
2013-05-27,28.170136045037324,28.272572903382915,28.375009761728503,27.965262328346142,437049.0,337.0,5999770.0,-1000.0,0.0,0.0,0.0,0.0,5.88
2013-05-28,28.887194053456454,28.170136045037324,28.887194053456454,27.965262328346142,2532748.0,910.0,35428822.0,0.0,0.0,0.0,0.0,0.0,5.88
2013-05-29,28.57988347841968,28.887194053456454,28.989630911802045,28.477446620074094,868185.0,303.0,12136266.0,0.0,0.0,0.0,0.0,0.0,5.88
2013-05-30,28.784757195110867,28.57988347841968,29.092067770147633,28.477446620074094,774111.0,331.0,10881006.0,119000.0,0.0,0.0,0.0,0.0,5.94
2013-05-31,29.706688920221175,28.989630911802045,30.32131007029472,28.784757195110867,4047445.0,1477.0,58617651.0,7000.0,0.0,0.0,0.0,0.0,5.94
2013-06-03,30.218873211949127,29.501815203529997,30.628620645331488,29.29694148683882,1753991.0,732.0,25773966.0,-25000.0,0.0,0.0,0.0,0.0,5.93
2013-06-04,29.706688920221175,30.218873211949127,30.218873211949127,29.706688920221175,1080415.0,383.0,15755094.0,-2000.0,0.0,230000.0,-1000.0,0.0,5.93
2013-06-05,29.911562636912358,30.116436353603536,30.42374692864031,29.80912577856677,1244187.0,520.0,18299660.0,15000.0,0.0,0.0,0.0,0.0,5.93
2013-06-06,28.989630911802045,29.706688920221175,29.80912577856677,28.887194053456454,1126329.0,419.0,16087221.0,-22000.0,0.0,0.0,-3000.0,0.0,5.92
2013-06-07,28.682320336765272,28.989630911802045,29.399378345184406,28.57988347841968,859054.0,331.0,12093299.0,93000.0,0.0,0.0,-1000.0,0.0,5.92
2013-06-10,28.57988347841968,28.989630911802045,28.989630911802045,28.375009761728503,458919.0,206.0,6412717.0,-21000.0,0.0,0.0,1000.0,0.0,5.91
2013-06-11,28.784757195110867,28.682320336765272,29.194504628493224,28.477446620074094,1831695.0,463.0,25878955.0,9000.0,0.0,-3000.0,1000.0,0.0,5.92
2013-06-13,28.170136045037324,28.682320336765272,28.682320336765272,28.170136045037324,716211.0,240.0,9927469.0,-79000.0,0.0,-4000.0,-2000.0,0.0,5.88
2013-06-14,27.760388611654964,28.170136045037324,28.272572903382915,27.657951753309373,603394.0,261.0,8224245.0,-68000.0,0.0,0.0,0.0,0.0,5.85
2013-06-17,28.06769918669173,27.86282547000055,28.06769918669173,27.86282547000055,114560.0,62.0,1564963.0,1000.0,0.0,0.0,0.0,0.0,5.85
2013-06-18,27.86282547000055,28.272572903382915,28.272572903382915,27.86282547000055,233522.0,115.0,3183720.0,-37000.0,0.0,0.0,0.0,0.0,5.83
2013-06-19,27.760388611654964,27.86282547000055,28.06769918669173,27.760388611654964,214661.0,126.0,2921437.0,-28000.0,0.0,0.0,0.0,0.0,5.81
2013-06-20,27.45307803661819,27.657951753309373,27.657951753309373,27.248204319927012,425381.0,153.0,5698005.0,-33000.0,0.0,0.0,0.0,0.0,5.8
2013-06-21,27.14576746158142,27.248204319927012,27.248204319927012,26.83845688654465,328326.0,158.0,4324202.0,-4000.0,0.0,0.0,0.0,0.0,5.8
2013-06-24,27.248204319927012,27.14576746158142,27.45307803661819,27.043330603235827,178112.0,82.0,2365433.0,2000.0,0.0,0.0,0.0,0.0,5.8
2013-06-25,26.73602002819906,27.14576746158142,27.14576746158142,26.73602002819906,211514.0,102.0,2778732.0,0.0,0.0,0.0,5000.0,0.0,5.8
2013-06-26,27.043330603235827,26.83845688654465,27.14576746158142,26.73602002819906,265441.0,129.0,3491097.0,0.0,0.0,0.0,0.0,0.0,5.8
2013-06-27,27.043330603235827,27.043330603235827,27.3506411782726,26.83845688654465,415381.0,155.0,5482779.0,3000.0,0.0,0.0,0.0,0.0,5.8
2013-06-28,27.14576746158142,27.043330603235827,27.3506411782726,27.043330603235827,200900.0,91.0,2669080.0,2000.0,0.0,0.0,0.0,0.0,5.8
2013-07-01,27.45307803661819,27.248204319927012,27.45307803661819,27.043330603235827,302013.0,119.0,4026422.0,27000.0,0.0,0.0,2000.0,0.0,5.81
2013-07-02,27.45307803661819,27.55551489496378,27.55551489496378,27.3506411782726,200952.0,104.0,2695360.0,-34771.0,0.0,0.0,0.0,0.0,5.8
2013-07-03,27.043330603235827,27.14576746158142,27.45307803661819,26.94089374489024,294050.0,113.0,3887912.0,1000.0,0.0,0.0,0.0,0.0,5.8
2013-07-04,26.94089374489024,27.043330603235827,27.248204319927012,26.83845688654465,197206.0,106.0,2593698.0,-3000.0,0.0,0.0,0.0,0.0,5.8
2013-07-05,26.94089374489024,27.14576746158142,27.14576746158142,26.83845688654465,349397.0,163.0,4603568.0,15000.0,0.0,0.0,6000.0,0.0,5.8
2013-07-08,26.63358316985347,26.83845688654465,27.043330603235827,26.63358316985347,582682.0,250.0,7600315.0,-18000.0,0.0,0.0,12000.0,0.0,5.79
2013-07-09,26.739271991956066,27.056338458263845,27.056338458263845,26.52789434775088,531827.0,252.0,6735851.0,-30000.0,0.0,0.0,-15000.0,0.0,5.78
2013-07-10,26.422205525648284,26.844960814058656,26.950649636161252,26.422205525648284,451679.0,181.0,5690785.0,-16000.0,0.0,0.0,-3000.0,0.0,5.77
2013-07-11,26.52789434775088,26.52789434775088,26.739271991956066,26.422205525648284,369825.0,138.0,4654650.0,-54000.0,0.0,0.0,2000.0,0.0,5.75
2013-07-12,26.844960814058656,26.63358316985347,26.950649636161252,26.63358316985347,314000.0,123.0,3974950.0,0.0,0.0,0.0,2000.0,0.0,5.75
2013-07-15,26.63358316985347,26.844960814058656,26.844960814058656,26.52789434775088,238711.0,125.0,3017856.0,5000.0,0.0,0.0,0.0,0.0,5.75
2013-07-16,27.162027280366434,26.844960814058656,27.26771610246903,26.844960814058656,360371.0,191.0,4614995.0,23000.0,0.0,0.0,-1000.0,0.0,5.76
2013-07-17,26.950649636161252,27.162027280366434,27.162027280366434,26.739271991956066,335320.0,134.0,4266619.0,-1000.0,0.0,0.0,-1000.0,0.0,5.76
2013-07-18,26.63358316985347,26.950649636161252,26.950649636161252,26.63358316985347,240794.0,129.0,3045701.0,-17000.0,0.0,0.0,0.0,0.0,5.75
2013-07-19,26.105139059340505,26.63358316985347,26.844960814058656,25.682383770930134,1048659.0,418.0,12900887.0,-27000.0,0.0,0.0,2000.0,0.0,5.74
2013-07-22,25.999450237237912,26.105139059340505,26.422205525648284,25.788072593032723,403407.0,192.0,4983053.0,-5000.0,0.0,0.0,0.0,0.0,5.74
2013-07-23,26.105139059340505,25.999450237237912,26.31651670354569,25.999450237237912,330877.0,162.0,4104486.0,2000.0,0.0,0.0,8000.0,0.0,5.74
2013-07-24,27.901849035084588,26.210827881443098,27.901849035084588,26.105139059340505,2258053.0,719.0,29292298.0,94000.0,0.0,0.0,0.0,0.0,5.78
2013-07-25,27.901849035084588,28.113226679289777,28.641670789802742,27.796160212981995,2420986.0,995.0,32408315.0,-102000.0,0.0,0.0,-1000.0,0.0,5.73
2013-07-26,27.58478256877681,27.901849035084588,27.901849035084588,27.479093746674216,496049.0,240.0,6488641.0,35000.0,0.0,0.0,1000.0,0.0,5.75
2013-07-29,27.26771610246903,27.901849035084588,27.901849035084588,27.26771610246903,260696.0,137.0,3384825.0,17000.0,0.0,0.0,0.0,0.0,5.76
2013-07-30,27.162027280366434,27.26771610246903,27.479093746674216,27.162027280366434,280246.0,149.0,3616910.0,8000.0,0.0,0.0,0.0,0.0,5.76
2013-07-31,27.056338458263845,27.479093746674216,27.479093746674216,26.844960814058656,334628.0,133.0,4281405.0,-5000.0,0.0,0.0,0.0,0.0,5.76
2013-08-01,27.056338458263845,27.056338458263845,27.37340492457162,26.950649636161252,167380.0,98.0,2147692.0,2000.0,0.0,0.0,-1000.0,0.0,5.76
2013-08-02,27.37340492457162,27.056338458263845,27.58478256877681,27.056338458263845,434078.0,207.0,5617446.0,32000.0,0.0,0.0,0.0,0.0,5.78
2013-08-05,27.26771610246903,27.162027280366434,27.479093746674216,27.056338458263845,441263.0,156.0,5686775.0,35000.0,0.0,0.0,0.0,0.0,5.79
2013-08-06,27.056338458263845,27.26771610246903,27.37340492457162,26.950649636161252,248722.0,108.0,3188153.0,-22000.0,0.0,0.0,-1000.0,0.0,5.78
2013-08-07,26.422205525648284,26.950649636161252,26.950649636161252,26.422205525648284,392000.0,162.0,4933200.0,0.0,0.0,0.0,-3000.0,0.0,5.78
2013-08-08,26.422205525648284,26.422205525648284,26.63358316985347,26.422205525648284,175390.0,77.0,2201244.0,0.0,0.0,0.0,-6000.0,0.0,5.78
2013-08-09,26.63358316985347,26.422205525648284,26.739271991956066,26.31651670354569,275835.0,125.0,3462607.0,0.0,0.0,0.0,-1000.0,0.0,5.78
2013-08-12,26.105139059340505,26.52789434775088,26.52789434775088,26.105139059340505,369584.0,153.0,4586157.0,-11216.0,0.0,0.0,0.0,0.0,5.77
2013-08-13,26.210827881443098,26.105139059340505,26.210827881443098,25.999450237237912,380715.0,159.0,4702463.0,0.0,0.0,0.0,0.0,0.0,5.77
2013-08-14,26.210827881443098,26.210827881443098,26.739271991956066,25.999450237237912,1260354.0,378.0,15733186.0,9000.0,0.0,0.0,-1000.0,0.0,5.78
2013-08-15,25.89376141513532,26.210827881443098,26.31651670354569,25.682383770930134,729394.0,212.0,8985055.0,44000.0,0.0,0.0,-1000.0,0.0,5.8
2013-08-16,27.162027280366434,25.89376141513532,27.162027280366434,25.682383770930134,2913525.0,689.0,36784541.0,45000.0,0.0,0.0,-5000.0,0.0,5.82
2013-08-19,27.162027280366434,27.162027280366434,27.690471390879402,26.950649636161252,4547008.0,1150.0,58867697.0,29000.0,0.0,0.0,-2000.0,0.0,5.84
2013-08-20,26.52789434775088,27.162027280366434,27.37340492457162,26.422205525648284,863366.0,364.0,10968524.0,28000.0,0.0,0.0,0.0,0.0,5.85
2013-08-22,26.210827881443098,26.210827881443098,26.422205525648284,25.999450237237912,490904.0,223.0,6087067.0,12000.0,0.0,0.0,-1000.0,0.0,5.85
2013-08-23,26.210827881443098,26.210827881443098,26.422205525648284,25.999450237237912,703918.0,276.0,8733989.0,1000.0,0.0,0.0,0.0,0.0,5.86
2013-08-26,26.739271991956066,26.31651670354569,26.844960814058656,25.999450237237912,2736505.0,665.0,34310234.0,12000.0,0.0,0.0,-3000.0,0.0,5.86
2013-08-27,25.999450237237912,26.739271991956066,26.739271991956066,25.999450237237912,577334.0,234.0,7185040.0,-21000.0,0.0,0.0,2000.0,0.0,5.85
2013-08-28,25.788072593032723,25.788072593032723,26.105139059340505,25.682383770930134,524205.0,204.0,6414579.0,6000.0,0.0,0.0,0.0,0.0,5.85
2013-08-29,26.31651670354569,25.999450237237912,26.31651670354569,25.89376141513532,345500.0,138.0,4266500.0,4000.0,0.0,0.0,0.0,0.0,5.86
2013-08-30,25.999450237237912,26.422205525648284,26.422205525648284,25.89376141513532,457064.0,250.0,5621684.0,0.0,0.0,0.0,0.0,0.0,5.86
2013-09-02,26.210827881443098,25.999450237237912,26.422205525648284,25.89376141513532,480027.0,192.0,5937978.0,0.0,0.0,0.0,0.0,0.0,5.86
2013-09-03,26.31651670354569,26.210827881443098,26.422205525648284,26.105139059340505,591460.0,192.0,7360228.0,0.0,0.0,0.0,0.0,0.0,5.86
2013-09-04,25.999450237237912,26.422205525648284,26.422205525648284,25.999450237237912,412584.0,164.0,5103651.0,1000.0,0.0,0.0,0.0,0.0,5.86
2013-09-05,25.999450237237912,25.89376141513532,26.210827881443098,25.89376141513532,585268.0,225.0,7210490.0,0.0,0.0,0.0,0.0,0.0,5.86
2013-09-06,26.105139059340505,26.31651670354569,26.31651670354569,25.89376141513532,863663.0,319.0,10627536.0,7000.0,0.0,0.0,0.0,0.0,5.86
2013-09-09,25.89376141513532,25.89376141513532,25.999450237237912,25.788072593032723,455658.0,210.0,5574174.0,-7000.0,0.0,0.0,0.0,0.0,5.86
2013-09-10,25.788072593032723,25.999450237237912,26.210827881443098,25.788072593032723,397775.0,181.0,4888102.0,3000.0,0.0,0.0,0.0,0.0,5.86
2013-09-11,25.788072593032723,25.89376141513532,26.105139059340505,25.788072593032723,268924.0,91.0,3289871.0,0.0,0.0,0.0,0.0,0.0,5.86
2013-09-12,27.58478256877681,26.210827881443098,27.58478256877681,26.210827881443098,5194943.0,1719.0,67232500.0,98000.0,0.0,0.0,0.0,0.0,5.9
2013-09-13,27.37340492457162,28.113226679289777,28.113226679289777,27.162027280366434,2641077.0,881.0,34461697.0,-99000.0,0.0,0.0,0.0,0.0,5.86
2013-09-14,27.056338458263845,27.37340492457162,27.37340492457162,27.056338458263845,638172.0,236.0,8221851.0,0.0,0.0,0.0,0.0,0.0,5.86
2013-09-16,26.844960814058656,27.056338458263845,27.37340492457162,26.739271991956066,1055601.0,343.0,13450602.0,-11000.0,0.0,0.0,0.0,0.0,5.85
2013-09-17,26.950649636161252,26.844960814058656,26.950649636161252,26.739271991956066,407146.0,162.0,5175608.0,26000.0,0.0,0.0,0.0,0.0,5.86
2013-09-18,27.162027280366434,27.162027280366434,27.162027280366434,26.844960814058656,520206.0,183.0,6653835.0,74000.0,0.0,0.0,0.0,0.0,5.9
2013-09-23,27.162027280366434,27.26771610246903,27.479093746674216,27.056338458263845,743386.0,292.0,9560239.0,71000.0,0.0,0.0,0.0,0.0,5.93
2013-09-24,27.056338458263845,27.26771610246903,27.26771610246903,26.739271991956066,644469.0,189.0,8217378.0,28000.0,0.0,0.0,0.0,0.0,5.95
2013-09-25,27.162027280366434,27.056338458263845,27.26771610246903,26.950649636161252,495714.0,206.0,6357937.0,46000.0,0.0,0.0,0.0,0.0,5.97
2013-09-26,26.739271991956066,27.162027280366434,27.162027280366434,26.739271991956066,480715.0,198.0,6116679.0,27000.0,0.0,0.0,0.0,0.0,5.98
2013-09-27,27.162027280366434,26.739271991956066,27.37340492457162,26.739271991956066,1460591.0,427.0,18799261.0,-1000.0,0.0,0.0,0.0,0.0,5.98
2013-09-30,27.26771610246903,27.056338458263845,27.479093746674216,27.056338458263845,504941.0,223.0,6525139.0,0.0,0.0,0.0,0.0,0.0,5.98
2013-10-01,27.162027280366434,27.26771610246903,27.37340492457162,27.056338458263845,425371.0,184.0,5471076.0,28000.0,0.0,0.0,0.0,0.0,6.0
2013-10-02,27.479093746674216,27.162027280366434,27.58478256877681,27.162027280366434,646929.0,294.0,8376129.0,82000.0,0.0,0.0,-1000.0,0.0,6.04
2013-10-03,27.162027280366434,27.479093746674216,27.690471390879402,27.162027280366434,827263.0,306.0,10741924.0,76000.0,0.0,0.0,-8000.0,0.0,6.07
2013-10-04,27.37340492457162,27.162027280366434,27.479093746674216,27.162027280366434,391090.0,186.0,5058011.0,83000.0,0.0,0.0,0.0,0.0,6.11
2013-10-07,26.950649636161252,27.58478256877681,27.58478256877681,26.950649636161252,884294.0,376.0,11410282.0,14000.0,0.0,0.0,0.0,0.0,6.12
2013-10-08,27.26771610246903,26.950649636161252,27.26771610246903,26.950649636161252,272621.0,111.0,3502209.0,34000.0,0.0,0.0,0.0,0.0,6.14
2013-10-09,27.26771610246903,27.26771610246903,27.901849035084588,27.26771610246903,1218953.0,495.0,15924393.0,28000.0,0.0,0.0,0.0,0.0,6.15
2013-10-11,26.950649636161252,27.58478256877681,27.58478256877681,26.950649636161252,483090.0,185.0,6207141.0,14000.0,0.0,0.0,0.0,0.0,6.16
2013-10-14,26.210827881443098,26.950649636161252,27.056338458263845,26.210827881443098,872458.0,351.0,10935577.0,110000.0,0.0,0.0,1000.0,0.0,6.21
2013-10-15,26.63358316985347,26.844960814058656,26.844960814058656,26.52789434775088,383264.0,189.0,4829559.0,132000.0,0.0,0.0,2000.0,0.0,6.27
2013-10-16,26.63358316985347,26.63358316985347,26.844960814058656,26.422205525648284,376930.0,139.0,4746067.0,37000.0,0.0,0.0,-1000.0,0.0,6.33
2013-10-17,26.844960814058656,26.950649636161252,27.056338458263845,26.739271991956066,354481.0,170.0,4516682.0,75000.0,0.0,0.0,0.0,0.0,6.37
2013-10-18,26.950649636161252,26.844960814058656,27.26771610246903,26.844960814058656,600883.0,245.0,7685812.0,90000.0,0.0,0.0,0.0,0.0,6.41
2013-10-21,26.950649636161252,27.162027280366434,27.26771610246903,26.950649636161252,312745.0,143.0,4002858.0,35000.0,0.0,0.0,0.0,0.0,6.43
2013-10-22,27.162027280366434,27.056338458263845,27.26771610246903,26.950649636161252,403960.0,170.0,5187488.0,56000.0,0.0,0.0,0.0,0.0,6.46
2013-10-23,27.58478256877681,27.26771610246903,28.113226679289777,27.162027280366434,1724396.0,655.0,22582598.0,-44000.0,0.0,0.0,0.0,0.0,6.44
2013-10-24,27.479093746674216,27.796160212981995,27.901849035084588,27.26771610246903,624998.0,214.0,8117520.0,-4044.0,0.0,0.0,0.0,0.0,6.43
2013-10-25,27.37340492457162,27.479093746674216,28.00753785718718,27.37340492457162,625435.0,296.0,8192060.0,10000.0,0.0,0.0,0.0,0.0,6.44
2013-10-28,27.37340492457162,27.479093746674216,27.690471390879402,27.26771610246903,524618.0,192.0,6805550.0,-180000.0,0.0,0.0,0.0,0.0,6.35
2013-10-29,28.113226679289777,27.479093746674216,28.53598196770015,27.26771610246903,3326418.0,999.0,44154656.0,-111000.0,0.0,0.0,0.0,0.0,6.3
2013-10-30,28.324604323494963,28.113226679289777,28.324604323494963,27.796160212981995,1648759.0,453.0,21870640.0,-32000.0,0.0,0.0,0.0,0.0,6.28
2013-10-31,30.22700312134164,29.2758037224183,30.22700312134164,29.2758037224183,11653698.0,2479.0,166089824.0,75000.0,0.0,0.0,0.0,0.0,6.33
2013-11-01,29.698559010828674,30.33269194344423,30.33269194344423,29.381492544520892,4934489.0,1576.0,69752616.0,-135000.0,0.0,0.0,-1000.0,0.0,6.26
2013-11-04,29.064426078213113,29.804247832931264,29.90993665503386,28.53598196770015,2602384.0,927.0,35774057.0,42000.0,0.0,0.0,-1000.0,0.0,6.29
2013-11-05,28.430293145597552,29.487181366623485,29.487181366623485,28.430293145597552,2075413.0,836.0,28249972.0,6000.0,0.0,0.0,0.0,0.0,6.29
2013-11-06,28.53598196770015,28.53598196770015,28.958737256110517,28.00753785718718,1547024.0,563.0,20858970.0,28000.0,0.0,0.0,1000.0,0.0,6.3
2013-11-07,28.853048434007928,28.53598196770015,29.2758037224183,28.324604323494963,1921276.0,681.0,26212364.0,-43000.0,0.0,0.0,0.0,0.0,6.28
2013-11-08,28.00753785718718,28.53598196770015,28.641670789802742,27.796160212981995,1277568.0,462.0,17051322.0,-85000.0,0.0,0.0,0.0,0.0,6.24
2013-11-11,27.479093746674216,28.00753785718718,28.113226679289777,27.479093746674216,811146.0,263.0,10669654.0,4000.0,0.0,0.0,-7000.0,0.0,6.24
2013-11-12,25.89376141513532,27.479093746674216,27.901849035084588,25.576694948827537,2790110.0,930.0,34680584.0,-7000.0,0.0,0.0,-1000.0,0.0,6.24
2013-11-13,24.731184372006794,25.999450237237912,25.999450237237912,24.731184372006794,1926200.0,685.0,22899364.0,-69000.0,0.0,0.0,1000.0,0.0,6.21
2013-11-14,25.15393966041717,24.942562016211983,25.576694948827537,24.6254955499042,891901.0,350.0,10557568.0,-40000.0,0.0,0.0,0.0,0.0,6.19
2013-11-15,25.048250838314573,25.471006126724948,25.576694948827537,24.942562016211983,598605.0,248.0,7145067.0,-7000.0,0.0,0.0,12000.0,0.0,6.19
2013-11-18,25.048250838314573,25.15393966041717,25.36531730462235,24.942562016211983,329190.0,126.0,3917650.0,-10000.0,0.0,0.0,4000.0,0.0,6.18
2013-11-19,25.15393966041717,25.048250838314573,25.471006126724948,24.942562016211983,378550.0,189.0,4517350.0,-50000.0,0.0,0.0,0.0,0.0,6.16
2013-11-20,25.15393966041717,25.25962848251976,25.25962848251976,24.942562016211983,482471.0,184.0,5737455.0,-24000.0,0.0,0.0,0.0,0.0,6.14
2013-11-21,24.836873194109387,24.942562016211983,25.048250838314573,24.6254955499042,476271.0,199.0,5581097.0,-9000.0,0.0,0.0,0.0,0.0,6.14
2013-11-22,24.836873194109387,24.51980672780161,25.048250838314573,24.51980672780161,208925.0,92.0,2457121.0,-3000.0,0.0,0.0,0.0,0.0,6.14
2013-11-25,25.25962848251976,24.836873194109387,25.682383770930134,24.836873194109387,869503.0,307.0,10459235.0,-8000.0,0.0,0.0,0.0,0.0,6.14
2013-11-26,25.576694948827537,25.25962848251976,25.89376141513532,25.25962848251976,298568.0,145.0,3622193.0,0.0,0.0,0.0,0.0,0.0,6.14
2013-11-27,25.36531730462235,25.576694948827537,25.788072593032723,25.36531730462235,278895.0,138.0,3358543.0,5000.0,0.0,0.0,0.0,0.0,6.14
2013-11-28,25.682383770930134,25.576694948827537,25.89376141513532,25.471006126724948,429055.0,180.0,5198563.0,4000.0,0.0,0.0,6000.0,0.0,6.14
2013-11-29,25.682383770930134,25.788072593032723,26.105139059340505,25.682383770930134,493862.0,184.0,6050672.0,2000.0,0.0,0.0,0.0,0.0,6.15
2013-12-02,25.576694948827537,25.999450237237912,25.999450237237912,25.471006126724948,243268.0,119.0,2957766.0,-4000.0,0.0,0.0,0.0,0.0,6.14
2013-12-03,25.682383770930134,25.36531730462235,25.682383770930134,25.36531730462235,375795.0,147.0,4523556.0,0.0,0.0,0.0,0.0,0.0,6.14
2013-12-04,25.36531730462235,25.788072593032723,25.788072593032723,25.36531730462235,336829.0,121.0,4074848.0,0.0,0.0,0.0,0.0,0.0,6.14
2013-12-05,25.36531730462235,25.471006126724948,25.788072593032723,25.36531730462235,368213.0,121.0,4450684.0,0.0,0.0,0.0,0.0,0.0,6.14
2013-12-06,25.682383770930134,25.36531730462235,25.89376141513532,25.36531730462235,319570.0,157.0,3876367.0,16000.0,0.0,0.0,0.0,0.0,6.15
2013-12-09,26.739271991956066,27.056338458263845,27.479093746674216,26.63358316985347,2237763.0,750.0,28653811.0,3000.0,0.0,0.0,1000.0,0.0,6.15
2013-12-10,26.739271991956066,26.63358316985347,26.844960814058656,26.52789434775088,621205.0,189.0,7847131.0,-10000.0,0.0,0.0,0.0,0.0,6.15
2013-12-11,26.52789434775088,26.739271991956066,26.950649636161252,26.52789434775088,412289.0,142.0,5214741.0,17000.0,0.0,0.0,0.0,0.0,6.16
2013-12-12,26.52789434775088,26.52789434775088,26.52789434775088,26.210827881443098,237432.0,111.0,2965299.0,-5000.0,0.0,0.0,0.0,0.0,6.15
2013-12-13,26.31651670354569,26.52789434775088,26.52789434775088,26.210827881443098,233662.0,113.0,2915107.0,-5000.0,0.0,0.0,1000.0,0.0,6.15
2013-12-16,26.210827881443098,26.31651670354569,26.52789434775088,26.210827881443098,182274.0,84.0,2264168.0,5000.0,0.0,0.0,0.0,0.0,6.15
2013-12-17,26.31651670354569,26.210827881443098,26.422205525648284,26.210827881443098,251358.0,110.0,3126816.0,13000.0,0.0,0.0,0.0,0.0,6.16
2013-12-18,26.210827881443098,26.31651670354569,26.52789434775088,26.210827881443098,329514.0,134.0,4104397.0,13000.0,0.0,0.0,0.0,0.0,6.17
2013-12-19,26.422205525648284,26.422205525648284,26.52789434775088,26.31651670354569,429835.0,153.0,5372549.0,21000.0,0.0,0.0,0.0,0.0,6.18
2013-12-20,26.422205525648284,26.422205525648284,26.63358316985347,26.210827881443098,372632.0,140.0,4660685.0,28000.0,0.0,0.0,0.0,0.0,6.19
2013-12-23,26.739271991956066,26.422205525648284,26.739271991956066,26.31651670354569,530268.0,167.0,6648923.0,23000.0,0.0,0.0,0.0,0.0,6.2
2013-12-24,26.950649636161252,26.844960814058656,27.162027280366434,26.844960814058656,617278.0,216.0,7879479.0,9000.0,0.0,0.0,0.0,0.0,6.21
2013-12-25,27.26771610246903,26.950649636161252,27.26771610246903,26.950649636161252,942398.0,257.0,12112343.0,39000.0,0.0,0.0,0.0,0.0,6.22
2013-12-26,27.37340492457162,27.26771610246903,27.37340492457162,27.162027280366434,515563.0,175.0,6654829.0,29457.0,0.0,0.0,0.0,0.0,6.24
2013-12-27,27.37340492457162,27.37340492457162,27.479093746674216,26.950649636161252,463157.0,173.0,5987130.0,34000.0,0.0,0.0,0.0,0.0,6.25
2013-12-30,27.796160212981995,27.479093746674216,27.796160212981995,27.479093746674216,772595.0,282.0,10079460.0,59000.0,0.0,0.0,0.0,0.0,6.28
2013-12-31,27.58478256877681,27.58478256877681,27.796160212981995,27.479093746674216,452261.0,190.0,5905075.0,36000.0,0.0,0.0,2000.0,0.0,6.3
2014-01-02,27.796160212981995,27.58478256877681,27.901849035084588,27.58478256877681,602640.0,191.0,7916098.0,52000.0,0.0,0.0,0.0,0.0,6.33
2014-01-03,27.901849035084588,27.796160212981995,27.901849035084588,27.58478256877681,575707.0,201.0,7541758.0,45000.0,0.0,0.0,0.0,0.0,6.35
2014-01-06,27.690471390879402,27.901849035084588,28.00753785718718,27.479093746674216,634652.0,187.0,8331206.0,45000.0,0.0,0.0,0.0,0.0,6.37
2014-01-07,28.113226679289777,27.690471390879402,28.113226679289777,27.690471390879402,693716.0,295.0,9167297.0,43000.0,0.0,0.0,3000.0,0.0,6.39
2014-01-08,28.53598196770015,28.113226679289777,28.853048434007928,28.113226679289777,1859803.0,538.0,25070096.0,41000.0,0.0,0.0,0.0,0.0,6.41
2014-01-09,28.74735961190533,28.430293145597552,28.74735961190533,28.324604323494963,1211214.0,374.0,16377346.0,43000.0,0.0,0.0,-1000.0,0.0,6.43
2014-01-10,29.064426078213113,28.74735961190533,29.804247832931264,28.74735961190533,2103975.0,575.0,29134004.0,31000.0,0.0,0.0,0.0,0.0,6.45
2014-01-13,29.064426078213113,29.170114900315706,29.381492544520892,28.74735961190533,959569.0,287.0,13184341.0,-2000.0,0.0,0.0,0.0,0.0,6.44
2014-01-14,28.74735961190533,28.853048434007928,28.958737256110517,28.53598196770015,866241.0,224.0,11770664.0,52000.0,0.0,0.0,-9000.0,0.0,6.47
2014-01-15,28.74735961190533,28.74735961190533,29.064426078213113,28.74735961190533,931931.0,250.0,12708568.0,68000.0,0.0,0.0,-1000.0,0.0,6.5
2014-01-16,28.853048434007928,28.853048434007928,29.170114900315706,28.853048434007928,562259.0,211.0,7705171.0,46000.0,0.0,0.0,0.0,0.0,6.54
2014-01-17,28.958737256110517,28.853048434007928,29.170114900315706,28.74735961190533,947040.0,214.0,12954143.0,72000.0,0.0,0.0,0.0,0.0,6.58
2014-01-20,28.958737256110517,28.958737256110517,29.2758037224183,28.958737256110517,407552.0,152.0,5615034.0,15000.0,0.0,0.0,0.0,0.0,6.58
2014-01-21,28.853048434007928,28.958737256110517,29.064426078213113,28.853048434007928,609624.0,172.0,8353265.0,36000.0,0.0,0.0,0.0,0.0,6.6
2014-01-22,28.958737256110517,28.958737256110517,29.064426078213113,28.853048434007928,383222.0,126.0,5250928.0,37000.0,0.0,0.0,0.0,0.0,6.62
2014-01-23,28.958737256110517,28.958737256110517,29.064426078213113,28.853048434007928,528410.0,149.0,7237795.0,12000.0,0.0,0.0,0.0,0.0,6.62
2014-01-24,28.958737256110517,28.958737256110517,29.064426078213113,28.853048434007928,501619.0,132.0,6869917.0,4000.0,0.0,0.0,0.0,0.0,6.63
2014-01-27,28.53598196770015,28.958737256110517,28.958737256110517,28.324604323494963,526769.0,160.0,7109453.0,-17000.0,0.0,0.0,0.0,0.0,6.62
2014-02-05,28.113226679289777,28.218915501392367,28.430293145597552,28.00753785718718,420140.0,146.0,5598912.0,-13000.0,0.0,0.0,-1000.0,0.0,6.61
2014-02-06,28.324604323494963,28.113226679289777,28.430293145597552,28.00753785718718,343961.0,148.0,4589528.0,-24000.0,0.0,0.0,0.0,0.0,6.6
2014-02-07,28.113226679289777,28.324604323494963,28.430293145597552,28.00753785718718,870400.0,239.0,11591119.0,-47000.0,0.0,0.0,-1000.0,0.0,6.58
2014-02-10,28.53598196770015,28.113226679289777,29.2758037224183,28.113226679289777,765576.0,308.0,10423902.0,8000.0,0.0,0.0,0.0,0.0,6.58
2014-02-11,28.53598196770015,28.430293145597552,28.853048434007928,28.430293145597552,174000.0,71.0,2358300.0,0.0,0.0,0.0,-1000.0,0.0,6.58
2014-02-12,28.324604323494963,28.853048434007928,28.853048434007928,28.324604323494963,488510.0,164.0,6598481.0,-40000.0,0.0,0.0,0.0,0.0,6.56
2014-02-13,28.218915501392367,28.324604323494963,28.53598196770015,28.218915501392367,395515.0,140.0,5300324.0,-33000.0,0.0,0.0,-5000.0,0.0,6.56
2014-02-14,28.00753785718718,28.324604323494963,28.53598196770015,27.901849035084588,479652.0,200.0,6389654.0,-2000.0,0.0,0.0,0.0,0.0,6.56
2014-02-17,27.479093746674216,28.218915501392367,28.218915501392367,27.479093746674216,468831.0,189.0,6171903.0,-28000.0,0.0,0.0,0.0,0.0,6.55
2014-02-18,27.901849035084588,27.690471390879402,28.00753785718718,27.58478256877681,363104.0,146.0,4773315.0,-12000.0,0.0,0.0,1000.0,0.0,6.54
2014-02-19,28.113226679289777,27.901849035084588,28.218915501392367,27.901849035084588,360491.0,186.0,4781930.0,-91000.0,0.0,0.0,3000.0,0.0,6.5
2014-02-20,28.113226679289777,28.00753785718718,28.324604323494963,27.796160212981995,304187.0,130.0,4045276.0,-2000.0,0.0,0.0,-3000.0,0.0,6.5
2014-02-21,28.218915501392367,28.113226679289777,28.430293145597552,28.113226679289777,407258.0,167.0,5447690.0,-4000.0,0.0,0.0,0.0,0.0,6.49
2014-02-24,28.324604323494963,28.324604323494963,28.53598196770015,28.218915501392367,373577.0,147.0,5008930.0,23000.0,0.0,0.0,0.0,0.0,6.5
2014-02-25,28.641670789802742,28.53598196770015,28.958737256110517,28.113226679289777,927589.0,336.0,12580150.0,-35229.0,0.0,0.0,0.0,0.0,6.49
2014-02-26,28.853048434007928,28.74735961190533,28.853048434007928,28.53598196770015,553678.0,218.0,7524581.0,-12000.0,0.0,0.0,0.0,0.0,6.45
2014-02-27,28.958737256110517,28.853048434007928,29.2758037224183,28.853048434007928,817223.0,314.0,11245492.0,-4000.0,0.0,0.0,-1000.0,0.0,6.45
2014-03-03,28.53598196770015,28.958737256110517,28.958737256110517,28.53598196770015,438373.0,161.0,5939934.0,-2000.0,0.0,0.0,0.0,0.0,6.44
2014-03-04,28.324604323494963,28.53598196770015,28.641670789802742,28.324604323494963,281679.0,124.0,3789161.0,-1000.0,0.0,0.0,0.0,0.0,6.44
2014-03-05,29.064426078213113,28.324604323494963,29.2758037224183,28.324604323494963,970414.0,390.0,13260699.0,-8000.0,0.0,0.0,0.0,0.0,6.47
2014-03-06,28.74735961190533,29.064426078213113,29.064426078213113,28.641670789802742,520265.0,237.0,7104898.0,3000.0,0.0,0.0,0.0,0.0,6.43
2014-03-07,28.430293145597552,29.064426078213113,29.170114900315706,28.430293145597552,588863.0,255.0,8020613.0,-21000.0,0.0,0.0,0.0,0.0,6.42
2014-03-10,28.218915501392367,28.430293145597552,28.53598196770015,28.113226679289777,243795.0,122.0,3263072.0,-15000.0,0.0,0.0,0.0,0.0,6.41
2014-03-11,28.218915501392367,28.218915501392367,28.430293145597552,28.113226679289777,371890.0,128.0,4965038.0,-15000.0,0.0,0.0,0.0,0.0,6.4
2014-03-12,28.430293145597552,28.218915501392367,28.74735961190533,28.00753785718718,925682.0,273.0,12460237.0,-16000.0,0.0,0.0,0.0,0.0,6.39
2014-03-13,28.53598196770015,28.53598196770015,28.641670789802742,28.430293145597552,594573.0,152.0,8017575.0,3000.0,0.0,0.0,0.0,0.0,6.39
2014-03-14,29.381492544520892,28.53598196770015,29.90993665503386,28.53598196770015,2207423.0,819.0,30712882.0,-12000.0,0.0,0.0,2000.0,0.0,6.39
2014-03-17,30.01562547713645,29.804247832931264,30.121314299239046,29.487181366623485,1724351.0,657.0,24359846.0,4000.0,0.0,0.0,0.0,0.0,6.39
2014-03-18,29.698559010828674,30.121314299239046,30.438380765546825,29.592870188726078,1215872.0,447.0,17223059.0,44000.0,0.0,0.0,0.0,0.0,6.41
2014-03-19,29.170114900315706,29.698559010828674,30.01562547713645,29.170114900315706,543855.0,228.0,7559347.0,15000.0,0.0,0.0,1000.0,0.0,6.42
2014-03-20,29.381492544520892,28.853048434007928,30.01562547713645,28.853048434007928,1076615.0,381.0,15031235.0,-3000.0,0.0,0.0,0.0,0.0,6.42
2014-03-21,29.2758037224183,29.170114900315706,29.698559010828674,29.064426078213113,476491.0,161.0,6608125.0,18000.0,0.0,0.0,-4000.0,0.0,6.43
2014-03-24,28.74735961190533,28.958737256110517,29.170114900315706,28.641670789802742,498991.0,201.0,6807674.0,-41000.0,0.0,0.0,7000.0,0.0,6.41
2014-03-25,28.958737256110517,28.74735961190533,29.170114900315706,28.74735961190533,237411.0,117.0,3248230.0,27000.0,0.0,0.0,0.0,0.0,6.42
2014-03-26,28.74735961190533,29.170114900315706,29.381492544520892,28.641670789802742,414028.0,184.0,5645779.0,24000.0,0.0,0.0,-8000.0,0.0,6.43
2014-03-27,28.641670789802742,28.853048434007928,29.064426078213113,28.53598196770015,694231.0,287.0,9430028.0,17000.0,0.0,0.0,0.0,0.0,6.44
2014-03-28,28.53598196770015,28.641670789802742,28.853048434007928,28.430293145597552,705331.0,217.0,9537968.0,-1000.0,0.0,0.0,8000.0,0.0,6.44
2014-03-31,28.53598196770015,28.53598196770015,28.853048434007928,28.430293145597552,272827.0,114.0,3692014.0,14000.0,0.0,0.0,0.0,0.0,6.45
2014-04-01,28.641670789802742,28.641670789802742,28.74735961190533,28.324604323494963,722918.0,195.0,9744191.0,1000.0,0.0,0.0,8000.0,0.0,6.45
2014-04-02,28.74735961190533,28.641670789802742,28.958737256110517,28.641670789802742,352798.0,124.0,4793559.0,-29000.0,0.0,0.0,2000.0,0.0,6.43
2014-04-03,29.90993665503386,28.853048434007928,29.90993665503386,28.53598196770015,2696199.0,941.0,37582552.0,-12000.0,0.0,0.0,-2000.0,0.0,6.38
2014-04-07,29.698559010828674,30.121314299239046,30.121314299239046,29.698559010828674,1676920.0,685.0,23750671.0,-35000.0,0.0,0.0,0.0,0.0,6.37
2014-04-08,29.804247832931264,29.804247832931264,30.755447231854603,29.592870188726078,3682604.0,1138.0,52729376.0,5000.0,0.0,0.0,2000.0,0.0,6.37
2014-04-09,29.592870188726078,29.804247832931264,30.01562547713645,29.592870188726078,698103.0,324.0,9814147.0,2000.0,0.0,0.0,0.0,0.0,6.37
2014-04-10,29.170114900315706,29.804247832931264,29.90993665503386,29.064426078213113,695906.0,286.0,9676041.0,12000.0,0.0,0.0,0.0,0.0,6.38
2014-04-11,28.853048434007928,28.958737256110517,29.170114900315706,28.641670789802742,604009.0,264.0,8248222.0,-40000.0,0.0,0.0,0.0,0.0,6.36
2014-04-14,28.218915501392367,28.74735961190533,28.853048434007928,28.218915501392367,613723.0,252.0,8263210.0,-66000.0,0.0,0.0,0.0,0.0,6.33
2014-04-15,28.53598196770015,28.324604323494963,28.53598196770015,28.218915501392367,401689.0,155.0,5392414.0,-22000.0,0.0,0.0,0.0,0.0,6.31
2014-04-16,28.324604323494963,28.218915501392367,28.641670789802742,28.218915501392367,467023.0,224.0,6275056.0,6000.0,0.0,0.0,-1000.0,0.0,6.56
2014-04-17,28.53598196770015,28.324604323494963,28.74735961190533,28.324604323494963,448686.0,167.0,6048291.0,-6000.0,0.0,0.0,0.0,0.0,6.56
2014-04-18,28.324604323494963,28.641670789802742,28.641670789802742,28.324604323494963,366253.0,140.0,4930115.0,-22000.0,0.0,0.0,0.0,0.0,6.55
2014-04-21,28.641670789802742,28.324604323494963,28.74735961190533,28.324604323494963,330614.0,145.0,4469256.0,-5000.0,0.0,0.0,0.0,0.0,6.55
2014-04-22,28.74735961190533,28.74735961190533,28.853048434007928,28.53598196770015,332193.0,151.0,4509362.0,-11000.0,0.0,0.0,0.0,0.0,6.54
2014-04-23,28.430293145597552,28.74735961190533,28.74735961190533,28.324604323494963,318232.0,137.0,4295656.0,-21000.0,0.0,0.0,0.0,0.0,6.53
2014-04-24,28.218915501392367,28.641670789802742,28.74735961190533,28.113226679289777,333970.0,142.0,4479799.0,-31000.0,0.0,0.0,0.0,0.0,6.52
2014-04-25,27.056338458263845,28.218915501392367,28.324604323494963,26.844960814058656,1032761.0,383.0,13429615.0,-65000.0,0.0,0.0,1000.0,0.0,6.48
2014-04-28,26.52789434775088,26.210827881443098,26.844960814058656,26.210827881443098,427191.0,193.0,5360823.0,11000.0,0.0,0.0,0.0,0.0,6.49
2014-04-29,26.844960814058656,26.63358316985347,26.950649636161252,26.52789434775088,440332.0,170.0,5559397.0,-17000.0,0.0,0.0,-22000.0,0.0,6.48
2014-04-30,26.31651670354569,26.950649636161252,27.056338458263845,26.210827881443098,436891.0,189.0,5471647.0,-21000.0,0.0,0.0,0.0,0.0,6.47
2014-05-02,26.52789434775088,26.422205525648284,26.63358316985347,26.422205525648284,221438.0,95.0,2778674.0,4000.0,0.0,0.0,0.0,0.0,6.47
2014-05-05,26.422205525648284,26.63358316985347,26.63358316985347,26.31651670354569,164754.0,81.0,2064897.0,-9000.0,0.0,0.0,0.0,0.0,6.47
2014-05-06,26.950649636161252,26.422205525648284,26.950649636161252,26.210827881443098,396807.0,173.0,5001207.0,-14000.0,0.0,0.0,-1000.0,0.0,6.46
2014-05-07,26.63358316985347,26.52789434775088,26.63358316985347,26.31651670354569,232674.0,114.0,2917924.0,-13000.0,0.0,0.0,0.0,0.0,6.45
2014-05-08,26.52789434775088,26.422205525648284,26.739271991956066,26.31651670354569,146982.0,91.0,1843573.0,-5000.0,0.0,0.0,0.0,0.0,6.45
2014-05-09,26.52789434775088,26.422205525648284,26.52789434775088,26.31651670354569,200675.0,86.0,2509199.0,-656.0,0.0,0.0,0.0,0.0,6.46
2014-05-12,26.210827881443098,26.52789434775088,26.52789434775088,26.210827881443098,332231.0,114.0,4139100.0,-14000.0,0.0,0.0,0.0,0.0,6.45
2014-05-13,26.105139059340505,26.31651670354569,26.422205525648284,26.105139059340505,145391.0,73.0,1804758.0,-17000.0,0.0,0.0,0.0,0.0,6.44
2014-05-14,25.999450237237912,26.105139059340505,26.105139059340505,25.89376141513532,216010.0,92.0,2659622.0,-2000.0,0.0,0.0,11000.0,0.0,6.44
2014-05-15,26.105139059340505,25.999450237237912,26.105139059340505,25.89376141513532,192058.0,79.0,2362863.0,-22000.0,0.0,0.0,1000.0,0.0,6.43
2014-05-16,26.105139059340505,26.210827881443098,26.210827881443098,25.999450237237912,191050.0,71.0,2353020.0,-3000.0,0.0,0.0,0.0,0.0,6.43
2014-05-19,26.105139059340505,25.999450237237912,26.210827881443098,25.89376141513532,207488.0,78.0,2555751.0,0.0,0.0,0.0,0.0,0.0,6.43
2014-05-20,26.105139059340505,26.210827881443098,26.422205525648284,25.999450237237912,300804.0,108.0,3722238.0,11992.0,0.0,0.0,0.0,0.0,6.43
2014-05-21,25.89376141513532,26.31651670354569,26.31651670354569,25.788072593032723,167500.0,83.0,2059850.0,-23000.0,0.0,0.0,1000.0,0.0,6.42
2014-05-22,26.210827881443098,25.999450237237912,26.31651670354569,25.999450237237912,202309.0,95.0,2499898.0,7000.0,0.0,0.0,0.0,0.0,6.43
2014-05-23,26.31651670354569,26.210827881443098,26.52789434775088,26.105139059340505,188640.0,94.0,2350766.0,4000.0,0.0,0.0,-3000.0,0.0,6.43
2014-05-26,26.52789434775088,26.31651670354569,26.63358316985347,26.31651670354569,377800.0,129.0,4727488.0,11000.0,0.0,0.0,0.0,0.0,6.43
2014-05-27,26.52789434775088,26.422205525648284,26.844960814058656,26.422205525648284,253769.0,104.0,3194261.0,6000.0,0.0,0.0,0.0,0.0,6.44
2014-05-28,26.52789434775088,26.52789434775088,26.844960814058656,26.52789434775088,356990.0,115.0,4502174.0,4000.0,0.0,-66000.0,1000.0,0.0,6.43
2014-05-29,26.422205525648284,26.52789434775088,26.739271991956066,26.422205525648284,373302.0,164.0,4683041.0,16506.0,0.0,-64000.0,1000.0,0.0,6.43
2014-05-30,26.844960814058656,26.422205525648284,26.844960814058656,26.422205525648284,432473.0,117.0,5467530.0,-3000.0,0.0,0.0,0.0,0.0,6.43
2014-06-03,26.739271991956066,26.844960814058656,27.056338458263845,26.63358316985347,356924.0,140.0,4525093.0,2000.0,0.0,0.0,0.0,0.0,6.43
2014-06-04,27.162027280366434,26.739271991956066,27.162027280366434,26.63358316985347,470098.0,166.0,5977546.0,-3000.0,0.0,0.0,-1000.0,0.0,6.44
2014-06-05,27.901849035084588,27.162027280366434,28.218915501392367,27.162027280366434,3298801.0,831.0,43360228.0,-6000.0,0.0,0.0,0.0,0.0,6.43
2014-06-06,27.901849035084588,28.113226679289777,28.113226679289777,27.690471390879402,721620.0,250.0,9506582.0,29000.0,0.0,0.0,-2000.0,0.0,6.45
2014-06-09,27.901849035084588,28.00753785718718,28.00753785718718,27.58478256877681,479425.0,164.0,6296565.0,47000.0,0.0,0.0,0.0,0.0,6.47
2014-06-10,27.690471390879402,27.901849035084588,27.901849035084588,27.690471390879402,326453.0,138.0,4286292.0,6452.0,0.0,0.0,0.0,0.0,6.47
2014-06-11,27.796160212981995,27.58478256877681,27.901849035084588,27.58478256877681,282820.0,130.0,3711939.0,6000.0,0.0,0.0,0.0,0.0,6.48
2014-06-12,27.58478256877681,27.796160212981995,27.796160212981995,27.58478256877681,234162.0,99.0,3066706.0,6000.0,0.0,0.0,0.0,0.0,6.48
2014-06-13,27.690471390879402,27.58478256877681,27.690471390879402,27.37340492457162,321912.0,114.0,4188456.0,6000.0,0.0,0.0,0.0,0.0,6.49
2014-06-16,28.113226679289777,27.690471390879402,28.113226679289777,27.479093746674216,643995.0,164.0,8507680.0,4000.0,0.0,0.0,0.0,0.0,6.49
2014-06-17,27.901849035084588,28.218915501392367,28.430293145597552,27.901849035084588,529156.0,181.0,7030941.0,-11000.0,0.0,0.0,0.0,0.0,6.58
2014-06-18,28.00753785718718,27.901849035084588,28.324604323494963,27.901849035084588,540909.0,253.0,7195892.0,29000.0,0.0,0.0,7000.0,0.0,6.53
2014-06-19,27.796160212981995,28.113226679289777,28.218915501392367,27.796160212981995,288144.0,140.0,3822340.0,-52000.0,0.0,0.0,2000.0,0.0,6.51
2014-06-20,27.796160212981995,27.796160212981995,28.00753785718718,27.58478256877681,235831.0,96.0,3096443.0,-6000.0,0.0,0.0,0.0,0.0,6.51
2014-06-23,27.056338458263845,27.58478256877681,27.901849035084588,26.950649636161252,479458.0,219.0,6214364.0,-42000.0,0.0,0.0,0.0,0.0,6.49
2014-06-24,27.162027280366434,27.056338458263845,27.26771610246903,26.950649636161252,370438.0,137.0,4744856.0,14000.0,0.0,0.0,0.0,0.0,6.49
2014-06-25,26.950649636161252,27.162027280366434,27.162027280366434,26.844960814058656,277070.0,121.0,3530287.0,5000.0,0.0,0.0,0.0,0.0,6.46
2014-06-26,26.950649636161252,26.950649636161252,27.162027280366434,26.844960814058656,343945.0,131.0,4387099.0,7000.0,0.0,0.0,0.0,0.0,6.46
2014-06-27,27.056338458263845,26.950649636161252,27.162027280366434,26.844960814058656,269738.0,96.0,3444757.0,25000.0,0.0,-100000.0,4000.0,0.0,6.47
2014-06-30,27.26771610246903,27.056338458263845,27.37340492457162,27.056338458263845,222477.0,106.0,2862802.0,3000.0,0.0,0.0,0.0,0.0,6.48
2014-07-01,27.37340492457162,27.37340492457162,27.479093746674216,27.26771610246903,272582.0,119.0,3523575.0,6000.0,0.0,0.0,3000.0,0.0,6.48
2014-07-02,27.056338458263845,27.37340492457162,27.58478256877681,27.056338458263845,486513.0,187.0,6272187.0,19000.0,0.0,0.0,1000.0,0.0,6.48
2014-07-03,27.056338458263845,27.162027280366434,27.26771610246903,26.950649636161252,352211.0,144.0,4509237.0,-17000.0,0.0,0.0,0.0,0.0,6.47
2014-07-04,27.37340492457162,27.162027280366434,27.479093746674216,27.056338458263845,331922.0,129.0,4277391.0,13000.0,0.0,0.0,0.0,0.0,6.47
2014-07-07,27.162027280366434,27.37340492457162,27.479093746674216,27.162027280366434,379286.0,135.0,4901871.0,6000.0,0.0,0.0,0.0,0.0,6.48
2014-07-08,27.26771610246903,27.056338458263845,27.58478256877681,27.056338458263845,631229.0,188.0,8157339.0,4000.0,0.0,0.0,0.0,0.0,6.48
2014-07-09,27.37340492457162,27.162027280366434,27.479093746674216,27.162027280366434,842461.0,187.0,10895219.0,10000.0,0.0,0.0,7000.0,0.0,6.48
2014-07-10,27.58642753098852,27.69293883419697,27.90596144061387,27.58642753098852,755594.0,256.0,9833160.0,32000.0,0.0,0.0,-4000.0,0.0,6.5
2014-07-11,27.053871014946267,27.37340492457162,27.58642753098852,27.053871014946267,350701.0,138.0,4496122.0,-5000.0,0.0,0.0,0.0,0.0,6.5
2014-07-14,27.053871014946267,27.053871014946267,27.26689362136317,26.94735971173782,217002.0,95.0,2764122.0,-1000.0,0.0,0.0,0.0,0.0,6.5
2014-07-15,27.16038231815472,27.053871014946267,27.47991622778007,27.053871014946267,330499.0,133.0,4226535.0,-1000.0,0.0,0.0,0.0,0.0,6.49
2014-07-16,26.414803195695573,27.16038231815472,27.26689362136317,26.414803195695573,483755.0,173.0,6105395.0,2000.0,0.0,0.0,7000.0,0.0,6.57
2014-07-17,27.053871014946267,26.62782580211247,27.26689362136317,26.62782580211247,446493.0,195.0,5658134.0,-17000.0,0.0,0.0,0.0,0.0,6.56
2014-07-18,26.734337105320922,27.053871014946267,27.053871014946267,26.734337105320922,344099.0,123.0,4345491.0,-76000.0,0.0,0.0,0.0,0.0,6.52
2014-07-21,27.053871014946267,26.734337105320922,27.26689362136317,26.734337105320922,131120.0,67.0,1665911.0,30000.0,0.0,0.0,0.0,0.0,6.54
2014-07-22,27.58642753098852,27.053871014946267,28.012472743822318,27.053871014946267,1241191.0,501.0,16162315.0,46000.0,0.0,0.0,0.0,0.0,6.56
2014-07-24,27.37340492457162,27.58642753098852,27.69293883419697,27.37340492457162,369609.0,123.0,4780622.0,7000.0,0.0,0.0,0.0,0.0,6.57
2014-07-25,27.47991622778007,27.37340492457162,27.69293883419697,27.16038231815472,367410.0,130.0,4725066.0,-37000.0,0.0,0.0,-14000.0,0.0,6.55
2014-07-28,27.16038231815472,27.37340492457162,27.58642753098852,27.16038231815472,351935.0,137.0,4520716.0,-11000.0,0.0,0.0,0.0,0.0,6.54
2014-07-29,26.94735971173782,27.26689362136317,27.47991622778007,26.840848408529368,377200.0,164.0,4800299.0,-14000.0,0.0,0.0,3000.0,0.0,6.54
2014-07-30,26.94735971173782,27.053871014946267,27.16038231815472,26.840848408529368,119612.0,76.0,1514410.0,12000.0,0.0,0.0,1000.0,0.0,6.54
2014-07-31,27.053871014946267,26.94735971173782,27.26689362136317,26.94735971173782,182076.0,96.0,2313061.0,0.0,0.0,0.0,-6000.0,0.0,6.54
2014-08-01,27.053871014946267,27.053871014946267,27.16038231815472,26.94735971173782,303146.0,115.0,3846287.0,-8000.0,0.0,0.0,1000.0,0.0,6.54
2014-08-04,27.053871014946267,27.26689362136317,27.26689362136317,26.840848408529368,144521.0,75.0,1833888.0,5000.0,0.0,0.0,0.0,0.0,6.54
2014-08-05,26.52131449890402,26.94735971173782,27.053871014946267,26.52131449890402,576243.0,153.0,7230686.0,-12000.0,0.0,0.0,0.0,0.0,6.53
2014-08-06,25.66922407323642,26.52131449890402,26.734337105320922,25.56271277002797,886939.0,329.0,10804718.0,-2000.0,0.0,0.0,0.0,0.0,6.53
2014-08-07,25.56271277002797,25.66922407323642,25.98875798286177,25.56271277002797,389613.0,149.0,4710456.0,-22000.0,0.0,0.0,0.0,0.0,6.52
2014-08-08,25.136667557194173,25.56271277002797,25.77573537644487,24.92364495077727,639362.0,234.0,7567370.0,-43000.0,0.0,0.0,0.0,0.0,6.5
2014-08-11,25.56271277002797,25.136667557194173,25.56271277002797,25.136667557194173,167462.0,100.0,1999844.0,-4000.0,0.0,0.0,0.0,0.0,6.5
2014-08-12,25.77573537644487,26.09526928607022,26.414803195695573,25.77573537644487,486633.0,247.0,5970175.0,-28000.0,0.0,0.0,0.0,0.0,6.48
2014-08-13,26.09526928607022,25.77573537644487,26.09526928607022,25.77573537644487,244278.0,110.0,2977373.0,-2000.0,0.0,0.0,0.0,0.0,6.48
2014-08-14,25.98875798286177,26.201780589278673,26.30829189248712,25.88224667965332,221655.0,112.0,2702955.0,-25000.0,0.0,0.0,4000.0,0.0,6.47
2014-08-15,25.66922407323642,25.88224667965332,26.09526928607022,25.56271277002797,394964.0,166.0,4772918.0,12000.0,0.0,0.0,-1000.0,0.0,6.48
2014-08-18,25.136667557194173,25.66922407323642,25.98875798286177,25.030156253985723,360024.0,143.0,4291285.0,-25000.0,0.0,0.0,-3000.0,0.0,6.46
2014-08-19,25.349690163611072,25.243178860402622,25.66922407323642,25.243178860402622,332624.0,134.0,3978492.0,19000.0,0.0,0.0,0.0,0.0,6.47
2014-08-20,25.56271277002797,25.56271277002797,25.88224667965332,25.456201466819522,388001.0,122.0,4657312.0,42000.0,0.0,0.0,0.0,0.0,6.49
2014-08-21,25.56271277002797,25.56271277002797,25.77573537644487,25.456201466819522,171712.0,90.0,2057607.0,21000.0,0.0,0.0,0.0,0.0,6.51
2014-08-22,25.77573537644487,25.56271277002797,25.98875798286177,25.456201466819522,350358.0,147.0,4223646.0,73000.0,0.0,0.0,0.0,0.0,6.54
2014-08-25,25.77573537644487,25.77573537644487,25.88224667965332,25.66922407323642,267338.0,105.0,3234306.0,50000.0,0.0,0.0,0.0,0.0,6.57
2014-08-26,26.09526928607022,26.09526928607022,26.30829189248712,25.88224667965332,356445.0,130.0,4352326.0,20000.0,0.0,0.0,0.0,0.0,6.58
2014-08-27,26.414803195695573,26.09526928607022,26.52131449890402,26.09526928607022,260172.0,133.0,3214213.0,32000.0,0.0,0.0,0.0,0.0,6.59
2014-08-28,26.30829189248712,26.52131449890402,26.52131449890402,26.201780589278673,137335.0,64.0,1698085.0,14000.0,0.0,0.0,0.0,0.0,6.6
2014-08-29,26.414803195695573,26.30829189248712,26.52131449890402,26.30829189248712,269024.0,114.0,3332097.0,14000.0,0.0,0.0,0.0,0.0,6.61
2014-09-01,26.414803195695573,26.414803195695573,26.52131449890402,26.30829189248712,173452.0,70.0,2149431.0,13000.0,0.0,0.0,0.0,0.0,6.61
2014-09-02,26.30829189248712,26.414803195695573,26.414803195695573,26.09526928607022,157116.0,73.0,1933632.0,4000.0,0.0,0.0,0.0,0.0,6.62
2014-09-03,26.201780589278673,26.30829189248712,26.414803195695573,25.98875798286177,192240.0,73.0,2363438.0,14000.0,0.0,0.0,0.0,0.0,6.62
2014-09-04,26.201780589278673,26.201780589278673,26.30829189248712,25.98875798286177,189200.0,81.0,2324310.0,15000.0,0.0,0.0,0.0,0.0,6.63
2014-09-05,26.09526928607022,26.201780589278673,26.30829189248712,26.09526928607022,221271.0,95.0,2719551.0,9000.0,0.0,0.0,0.0,0.0,6.63
2014-09-09,25.98875798286177,26.09526928607022,26.30829189248712,25.98875798286177,255310.0,95.0,3128265.0,14000.0,0.0,0.0,9000.0,0.0,6.64
2014-09-10,25.98875798286177,25.98875798286177,26.201780589278673,25.77573537644487,126621.0,65.0,1545643.0,1000.0,0.0,0.0,-3000.0,0.0,6.64
2014-09-11,25.66922407323642,25.98875798286177,25.98875798286177,25.66922407323642,268064.0,114.0,3240618.0,2000.0,0.0,0.0,0.0,0.0,6.64
2014-09-12,25.77573537644487,25.66922407323642,25.88224667965332,25.66922407323642,130112.0,53.0,1571399.0,-8000.0,0.0,0.0,0.0,0.0,6.64
2014-09-15,25.66922407323642,25.77573537644487,25.98875798286177,25.66922407323642,60453.0,35.0,731286.0,6000.0,0.0,0.0,0.0,0.0,6.64
2014-09-16,25.66922407323642,25.77573537644487,25.88224667965332,25.56271277002797,150029.0,53.0,1810448.0,-13000.0,0.0,0.0,0.0,0.0,6.66
2014-09-17,25.66922407323642,25.66922407323642,25.77573537644487,25.56271277002797,179722.0,104.0,2165814.0,-57000.0,0.0,0.0,-4000.0,0.0,6.63
2014-09-18,25.56271277002797,25.56271277002797,25.77573537644487,25.456201466819522,265517.0,79.0,3188577.0,6000.0,0.0,0.0,0.0,0.0,6.64
2014-09-19,25.56271277002797,25.56271277002797,25.66922407323642,25.456201466819522,123423.0,49.0,1480526.0,5000.0,0.0,0.0,0.0,0.0,6.64
2014-09-22,25.66922407323642,25.77573537644487,25.88224667965332,25.66922407323642,73720.0,44.0,890590.0,1000.0,0.0,0.0,0.0,0.0,6.64
2014-09-23,25.77573537644487,25.66922407323642,25.77573537644487,25.56271277002797,99601.0,50.0,1198790.0,2000.0,0.0,0.0,-3000.0,0.0,6.64
2014-09-24,25.66922407323642,25.77573537644487,25.98875798286177,25.56271277002797,201149.0,116.0,2436302.0,36000.0,0.0,0.0,0.0,0.0,6.66
2014-09-25,25.456201466819522,25.77573537644487,25.77573537644487,25.456201466819522,361250.0,99.0,4332685.0,-25000.0,0.0,0.0,0.0,0.0,6.65
2014-09-26,25.349690163611072,25.243178860402622,25.349690163611072,25.136667557194173,174120.0,71.0,2066633.0,-13000.0,0.0,0.0,0.0,0.0,6.64
2014-09-29,25.243178860402622,25.349690163611072,25.456201466819522,25.243178860402622,60002.0,34.0,713223.0,0.0,0.0,0.0,0.0,0.0,6.64
2014-09-30,25.030156253985723,25.136667557194173,25.243178860402622,24.92364495077727,342152.0,154.0,4019899.0,61000.0,0.0,0.0,0.0,0.0,6.67
2014-10-01,25.243178860402622,25.030156253985723,25.243178860402622,25.030156253985723,107170.0,45.0,1261804.0,0.0,0.0,0.0,0.0,0.0,6.67
2014-10-02,25.56271277002797,25.243178860402622,25.56271277002797,25.243178860402622,63471.0,37.0,757327.0,-1000.0,0.0,0.0,4000.0,0.0,6.67
2014-10-03,25.56271277002797,25.56271277002797,25.66922407323642,25.456201466819522,158078.0,70.0,1896980.0,4000.0,0.0,0.0,1000.0,0.0,6.68
2014-10-06,25.77573537644487,25.56271277002797,25.77573537644487,25.56271277002797,176527.0,64.0,2126324.0,5000.0,0.0,0.0,0.0,0.0,6.68
2014-10-07,25.56271277002797,25.66922407323642,25.77573537644487,25.456201466819522,90008.0,51.0,1081044.0,-8000.0,0.0,0.0,13000.0,0.0,6.67
2014-10-08,25.456201466819522,25.456201466819522,25.456201466819522,25.349690163611072,104508.0,39.0,1244242.0,-3000.0,0.0,0.0,0.0,0.0,6.67
2014-10-09,25.243178860402622,25.77573537644487,25.77573537644487,25.243178860402622,90040.0,59.0,1074073.0,-2000.0,0.0,0.0,-13000.0,0.0,6.67
2014-10-13,24.071554525109676,25.136667557194173,25.136667557194173,23.752020615484323,395535.0,171.0,4557416.0,5000.0,0.0,0.0,5000.0,0.0,6.67
2014-10-14,23.965043221901222,23.645509312275873,24.178065828318122,23.219464099442074,364080.0,131.0,4041045.0,-5000.0,0.0,0.0,-6000.0,0.0,6.67
2014-10-15,23.645509312275873,23.752020615484323,23.965043221901222,23.538998009067424,239984.0,120.0,2670918.0,-26000.0,0.0,0.0,0.0,0.0,6.66
2014-10-16,23.858531918692773,23.219464099442074,23.858531918692773,23.006441493025175,255677.0,97.0,2797332.0,5000.0,0.0,0.0,-3000.0,0.0,6.66
2014-10-17,23.219464099442074,23.752020615484323,24.071554525109676,23.112952796233625,341900.0,160.0,3753606.0,-62000.0,0.0,0.0,8000.0,0.0,6.63
2014-10-20,23.219464099442074,23.645509312275873,23.645509312275873,23.219464099442074,133397.0,76.0,1465704.0,-39000.0,0.0,0.0,0.0,0.0,6.61
2014-10-21,23.219464099442074,23.219464099442074,23.325975402650524,23.006441493025175,116650.0,51.0,1268684.0,-18000.0,0.0,0.0,-2000.0,0.0,6.61
2014-10-22,23.219464099442074,23.219464099442074,23.432486705858974,23.219464099442074,124262.0,81.0,1357967.0,-30000.0,0.0,0.0,0.0,0.0,6.59
2014-10-23,23.219464099442074,23.112952796233625,23.219464099442074,23.006441493025175,143230.0,74.0,1552830.0,-9000.0,0.0,0.0,0.0,0.0,6.59
2014-10-24,23.006441493025175,23.325975402650524,23.325975402650524,23.006441493025175,204020.0,107.0,2213913.0,-69000.0,0.0,0.0,0.0,0.0,6.55
2014-10-27,22.367373673774473,22.793418886608272,23.006441493025175,22.260862370566024,431895.0,180.0,4564201.0,-47744.0,0.0,0.0,0.0,0.0,6.53
2014-10-28,22.580396280191373,22.580396280191373,22.793418886608272,22.367373673774473,185197.0,95.0,1963968.0,4000.0,0.0,0.0,0.0,0.0,6.54
2014-10-29,22.793418886608272,22.793418886608272,22.899930189816725,22.686907583399826,149048.0,77.0,1593260.0,-8000.0,0.0,0.0,0.0,0.0,6.54
2014-10-30,23.112952796233625,22.793418886608272,23.112952796233625,22.686907583399826,102221.0,49.0,1104536.0,62000.0,0.0,0.0,-4000.0,0.0,6.57
2014-10-31,23.645509312275873,23.219464099442074,23.752020615484323,23.219464099442074,367066.0,148.0,4054082.0,21000.0,0.0,0.0,-1000.0,0.0,6.58
2014-11-03,23.432486705858974,23.645509312275873,23.752020615484323,23.432486705858974,138112.0,83.0,1528182.0,-38000.0,0.0,0.0,0.0,0.0,6.58
2014-11-04,23.219464099442074,23.432486705858974,23.432486705858974,23.112952796233625,121404.0,51.0,1329432.0,-59000.0,0.0,0.0,0.0,0.0,6.55
2014-11-05,23.432486705858974,23.219464099442074,23.645509312275873,23.219464099442074,119200.0,58.0,1309250.0,-9000.0,0.0,0.0,-2000.0,0.0,6.57
2014-11-06,23.538998009067424,23.538998009067424,23.645509312275873,23.432486705858974,116343.0,61.0,1286673.0,-16000.0,0.0,0.0,0.0,0.0,6.56
2014-11-07,23.538998009067424,23.538998009067424,23.645509312275873,23.432486705858974,80100.0,37.0,884600.0,-7000.0,0.0,0.0,0.0,0.0,6.56
2014-11-10,23.538998009067424,23.432486705858974,23.645509312275873,23.432486705858974,132874.0,50.0,1470064.0,11000.0,0.0,0.0,0.0,0.0,6.56
2014-11-11,23.645509312275873,23.538998009067424,23.645509312275873,23.432486705858974,148480.0,54.0,1639630.0,-6000.0,0.0,0.0,0.0,0.0,6.56
2014-11-12,23.112952796233625,23.538998009067424,23.645509312275873,23.006441493025175,131946.0,68.0,1448265.0,21000.0,0.0,0.0,1000.0,0.0,6.57
2014-11-13,23.538998009067424,23.219464099442074,23.538998009067424,23.219464099442074,67200.0,47.0,736608.0,11000.0,0.0,0.0,0.0,0.0,6.58
2014-11-14,23.325975402650524,23.432486705858974,23.645509312275873,23.325975402650524,108030.0,55.0,1189176.0,19000.0,0.0,0.0,0.0,0.0,6.59
2014-11-17,23.432486705858974,23.006441493025175,23.538998009067424,23.006441493025175,225000.0,78.0,2459200.0,86000.0,0.0,0.0,0.0,0.0,6.63
2014-11-18,22.899930189816725,23.006441493025175,23.325975402650524,22.899930189816725,150497.0,79.0,1629366.0,-26000.0,0.0,0.0,0.0,0.0,6.62
2014-11-19,23.006441493025175,23.006441493025175,23.112952796233625,22.686907583399826,373204.0,127.0,4024981.0,22000.0,0.0,0.0,1000.0,0.0,6.63
2014-11-20,22.793418886608272,23.006441493025175,23.006441493025175,22.686907583399826,157746.0,94.0,1686844.0,-44000.0,0.0,0.0,2000.0,0.0,6.61
2014-11-21,22.793418886608272,22.793418886608272,22.899930189816725,22.793418886608272,69461.0,37.0,745530.0,5000.0,0.0,0.0,0.0,0.0,6.61
2014-11-24,22.899930189816725,22.793418886608272,23.006441493025175,22.686907583399826,119462.0,62.0,1279093.0,20000.0,0.0,0.0,0.0,0.0,6.62
2014-11-25,22.580396280191373,22.793418886608272,22.793418886608272,22.473884976982927,183832.0,88.0,1949984.0,-16000.0,0.0,0.0,0.0,0.0,6.61
2014-11-26,22.580396280191373,22.580396280191373,22.793418886608272,22.473884976982927,197887.0,89.0,2098057.0,15000.0,0.0,0.0,0.0,0.0,6.62
2014-11-27,22.260862370566024,22.793418886608272,22.793418886608272,22.260862370566024,186719.0,89.0,1965624.0,-34000.0,0.0,0.0,0.0,0.0,6.6
2014-11-28,22.260862370566024,22.367373673774473,22.473884976982927,22.047839764149124,209275.0,108.0,2181923.0,-25000.0,0.0,0.0,0.0,0.0,6.59
2014-12-01,21.728305854523775,20.876215428856177,22.154351067357577,20.876215428856177,244464.0,124.0,2473458.0,-18000.0,0.0,0.0,2000.0,0.0,6.58
2014-12-02,21.515283248106876,21.728305854523775,21.728305854523775,21.408771944898426,277262.0,111.0,2800546.0,-58000.0,0.0,0.0,2000.0,0.0,6.55
2014-12-03,21.834817157732225,21.515283248106876,21.941328460940678,21.515283248106876,265281.0,112.0,2716765.0,-43000.0,0.0,0.0,-1000.0,0.0,6.53
2014-12-04,22.154351067357577,21.834817157732225,22.260862370566024,21.728305854523775,175048.0,104.0,1809295.0,-15000.0,0.0,0.0,-3000.0,0.0,6.52
2014-12-05,22.047839764149124,22.154351067357577,22.367373673774473,22.047839764149124,175537.0,94.0,1826654.0,-47000.0,0.0,0.0,0.0,0.0,6.5
2014-12-08,22.047839764149124,22.047839764149124,22.260862370566024,22.047839764149124,273818.0,96.0,2842825.0,-48000.0,0.0,0.0,-1000.0,0.0,6.47
2014-12-09,22.580396280191373,21.834817157732225,23.006441493025175,21.834817157732225,1156991.0,337.0,12208654.0,-82000.0,0.0,0.0,-1000.0,0.0,6.43
2014-12-10,22.473884976982927,22.580396280191373,22.580396280191373,22.154351067357577,183430.0,105.0,1925585.0,-22000.0,0.0,0.0,0.0,0.0,6.42
2014-12-11,22.367373673774473,22.367373673774473,22.473884976982927,22.260862370566024,158000.0,73.0,1660150.0,-63000.0,0.0,0.0,0.0,0.0,6.39
2014-12-12,22.367373673774473,22.367373673774473,22.580396280191373,22.260862370566024,138245.0,85.0,1453072.0,-1000.0,0.0,0.0,0.0,0.0,6.39
2014-12-15,22.686907583399826,22.367373673774473,22.686907583399826,22.260862370566024,145415.0,90.0,1533668.0,-5000.0,0.0,0.0,3000.0,0.0,6.39
2014-12-16,22.793418886608272,22.686907583399826,22.899930189816725,22.580396280191373,273200.0,132.0,2918090.0,3000.0,0.0,0.0,8000.0,0.0,6.39
2014-12-17,22.367373673774473,22.793418886608272,22.793418886608272,22.367373673774473,166211.0,59.0,1750914.0,6000.0,0.0,0.0,-2000.0,0.0,6.39
2014-12-18,22.367373673774473,22.367373673774473,22.686907583399826,22.367373673774473,111192.0,51.0,1172406.0,17000.0,0.0,0.0,0.0,0.0,6.4
2014-12-19,22.367373673774473,22.580396280191373,22.686907583399826,22.367373673774473,144480.0,75.0,1522389.0,8000.0,0.0,0.0,-9000.0,0.0,6.4
2014-12-22,23.006441493025175,22.580396280191373,23.219464099442074,22.367373673774473,618108.0,142.0,6586610.0,-43000.0,0.0,0.0,-4000.0,0.0,6.38
2014-12-23,22.899930189816725,23.006441493025175,23.219464099442074,22.793418886608272,210048.0,83.0,2270463.0,4000.0,0.0,0.0,1000.0,0.0,6.38
2014-12-24,23.112952796233625,22.899930189816725,23.219464099442074,22.899930189816725,190306.0,80.0,2062453.0,61000.0,0.0,0.0,0.0,0.0,6.41
2014-12-25,23.112952796233625,23.219464099442074,23.325975402650524,23.006441493025175,289500.0,100.0,3146250.0,80000.0,0.0,0.0,-1000.0,0.0,6.45
2014-12-26,23.645509312275873,23.325975402650524,23.752020615484323,23.325975402650524,415159.0,175.0,4589912.0,9000.0,0.0,0.0,0.0,0.0,6.45
2014-12-27,23.965043221901222,23.858531918692773,23.965043221901222,23.432486705858974,285302.0,114.0,3169932.0,0.0,0.0,0.0,0.0,0.0,6.45
2014-12-29,23.858531918692773,23.965043221901222,23.965043221901222,23.858531918692773,271336.0,104.0,3041944.0,14000.0,0.0,0.0,0.0,0.0,6.46
2014-12-30,23.858531918692773,23.752020615484323,23.965043221901222,23.752020615484323,195250.0,74.0,2185474.0,6000.0,0.0,0.0,0.0,0.0,6.46
2014-12-31,24.39108843473502,23.965043221901222,24.39108843473502,23.965043221901222,287666.0,153.0,3267640.0,9000.0,0.0,0.0,0.0,0.0,6.47
2015-01-05,24.284577131526575,24.284577131526575,24.39108843473502,24.071554525109676,291039.0,107.0,3319089.0,-32000.0,0.0,0.0,-1000.0,0.0,6.45
2015-01-06,23.858531918692773,24.071554525109676,24.071554525109676,23.858531918692773,311897.0,109.0,3507356.0,-9000.0,0.0,0.0,0.0,0.0,6.45
2015-01-07,23.858531918692773,23.645509312275873,23.965043221901222,23.645509312275873,197334.0,72.0,2210440.0,22000.0,0.0,0.0,0.0,0.0,6.46
2015-01-08,24.071554525109676,23.858531918692773,24.071554525109676,23.858531918692773,244274.0,90.0,2758531.0,-55000.0,0.0,0.0,0.0,0.0,6.43
2015-01-09,24.284577131526575,24.178065828318122,24.284577131526575,24.071554525109676,198078.0,68.0,2248431.0,-33000.0,0.0,0.0,1000.0,0.0,6.41
2015-01-12,24.284577131526575,24.178065828318122,24.604111041151924,24.178065828318122,313438.0,131.0,3594770.0,-43000.0,0.0,0.0,0.0,0.0,6.39
2015-01-13,24.071554525109676,24.284577131526575,24.39108843473502,24.071554525109676,181650.0,94.0,2064742.0,-60000.0,0.0,0.0,0.0,0.0,6.36
2015-01-14,23.965043221901222,24.071554525109676,24.178065828318122,23.752020615484323,201126.0,70.0,2253410.0,-88000.0,0.0,0.0,1000.0,0.0,6.32
2015-01-15,23.752020615484323,23.752020615484323,23.858531918692773,23.645509312275873,105142.0,52.0,1172340.0,0.0,0.0,0.0,0.0,0.0,6.32
2015-01-16,23.752020615484323,23.752020615484323,23.965043221901222,23.752020615484323,138340.0,66.0,1546740.0,-18020.0,0.0,0.0,-1000.0,0.0,6.31
2015-01-19,23.432486705858974,23.858531918692773,23.858531918692773,23.432486705858974,130724.0,64.0,1451074.0,-38000.0,0.0,0.0,0.0,0.0,6.29
2015-01-20,23.645509312275873,23.432486705858974,23.645509312275873,23.432486705858974,218797.0,91.0,2414094.0,-28000.0,0.0,0.0,0.0,0.0,6.28
2015-01-21,23.538998009067424,23.645509312275873,23.858531918692773,23.432486705858974,355962.0,97.0,3946982.0,-32000.0,0.0,0.0,0.0,0.0,6.26
2015-01-22,23.645509312275873,23.538998009067424,23.645509312275873,23.432486705858974,237683.0,79.0,2624147.0,1000.0,0.0,0.0,0.0,0.0,6.26
2015-01-23,23.538998009067424,23.645509312275873,23.645509312275873,23.432486705858974,322484.0,82.0,3557574.0,-2000.0,0.0,0.0,0.0,0.0,6.26
2015-01-26,23.645509312275873,23.645509312275873,23.965043221901222,23.645509312275873,262769.0,107.0,2932646.0,-50000.0,0.0,0.0,-1000.0,0.0,6.23
2015-01-27,23.752020615484323,23.645509312275873,23.752020615484323,23.645509312275873,49886.0,33.0,554133.0,-4000.0,0.0,0.0,0.0,0.0,6.23
2015-01-28,23.432486705858974,23.538998009067424,23.752020615484323,23.325975402650524,295374.0,120.0,3251474.0,2000.0,0.0,0.0,-2000.0,0.0,6.23
2015-01-29,23.325975402650524,23.219464099442074,23.432486705858974,23.219464099442074,88136.0,44.0,965881.0,0.0,0.0,0.0,1000.0,0.0,6.23
2015-01-30,23.325975402650524,23.325975402650524,23.538998009067424,23.325975402650524,144544.0,57.0,1585879.0,-24000.0,0.0,0.0,0.0,0.0,6.22
2015-02-02,23.112952796233625,23.219464099442074,23.432486705858974,23.112952796233625,140590.0,62.0,1527592.0,-47000.0,0.0,0.0,1000.0,0.0,6.2
2015-02-03,22.899930189816725,22.899930189816725,23.219464099442074,22.899930189816725,190656.0,80.0,2055367.0,-15000.0,0.0,0.0,0.0,0.0,6.19
2015-02-04,22.793418886608272,22.899930189816725,23.112952796233625,22.793418886608272,230960.0,90.0,2483673.0,-5000.0,0.0,0.0,4000.0,0.0,6.03
2015-02-05,22.793418886608272,22.899930189816725,23.006441493025175,22.793418886608272,96600.0,48.0,1037519.0,-8000.0,0.0,0.0,-3000.0,0.0,6.03
2015-02-06,24.284577131526575,24.284577131526575,24.284577131526575,24.284577131526575,1225545.0,331.0,13971212.0,0.0,0.0,0.0,0.0,0.0,6.03
2015-02-09,25.88224667965332,25.66922407323642,25.88224667965332,25.243178860402622,7121718.0,1649.0,86142869.0,17000.0,0.0,0.0,0.0,0.0,6.04
2015-02-10,26.62782580211247,25.98875798286177,26.840848408529368,25.66922407323642,6549597.0,2195.0,80832825.0,-8000.0,0.0,0.0,9000.0,0.0,6.03
2015-02-11,26.52131449890402,26.62782580211247,26.62782580211247,26.09526928607022,2558821.0,846.0,31678225.0,-107000.0,0.0,0.0,0.0,0.0,5.98
2015-02-12,28.33200665344767,26.52131449890402,28.33200665344767,26.52131449890402,11121345.0,2893.0,146427786.0,156000.0,0.0,0.0,0.0,0.0,6.06
2015-02-13,28.54502925986457,28.86456316948992,29.503630988740618,28.012472743822318,8430894.0,2697.0,113706068.0,-262000.0,0.0,0.0,-3000.0,0.0,5.93
2015-02-24,28.75805186628147,28.54502925986457,29.397119685532168,28.225495350239218,5102430.0,1695.0,69172161.0,-264000.0,0.0,0.0,0.0,0.0,5.79
2015-02-25,27.16038231815472,28.438517956656117,28.438517956656117,26.94735971173782,4365710.0,1620.0,56358428.0,3000.0,0.0,0.0,0.0,0.0,5.79
2015-02-26,27.16038231815472,26.840848408529368,27.90596144061387,26.840848408529368,2537898.0,991.0,32759635.0,-18000.0,0.0,0.0,0.0,0.0,5.79
2015-03-02,26.840848408529368,27.16038231815472,27.47991622778007,26.62782580211247,1804550.0,655.0,22901250.0,-27000.0,0.0,0.0,0.0,0.0,5.77
2015-03-03,27.26689362136317,27.16038231815472,27.47991622778007,26.840848408529368,957989.0,400.0,12204459.0,-32000.0,0.0,0.0,0.0,0.0,5.76
2015-03-04,27.47991622778007,27.47991622778007,28.118984047030768,27.16038231815472,2458200.0,952.0,32123000.0,-3000.0,0.0,0.0,0.0,0.0,5.75
2015-03-05,27.69293883419697,27.90596144061387,28.118984047030768,27.69293883419697,1040932.0,450.0,13609968.0,1000.0,0.0,0.0,0.0,0.0,5.75
2015-03-06,28.118984047030768,28.012472743822318,28.438517956656117,28.012472743822318,2333063.0,790.0,30883982.0,-2000.0,0.0,0.0,0.0,0.0,5.75
2015-03-09,30.036187504782866,28.438517956656117,30.036187504782866,28.225495350239218,3998749.0,1597.0,55301836.0,-47000.0,0.0,0.0,0.0,0.0,5.73
2015-03-10,28.54502925986457,30.249210111199766,30.249210111199766,28.33200665344767,3576299.0,1474.0,48762124.0,1000.0,0.0,0.0,0.0,0.0,5.73
2015-03-11,29.07758577590682,28.225495350239218,29.07758577590682,28.225495350239218,1775303.0,721.0,24088253.0,-49000.0,0.0,0.0,0.0,0.0,5.71
2015-03-12,28.33200665344767,29.397119685532168,29.397119685532168,28.33200665344767,2313399.0,738.0,31103104.0,-33270.0,0.0,0.0,13000.0,0.0,5.69
2015-03-13,28.33200665344767,28.75805186628147,29.290608382323718,28.33200665344767,2011276.0,732.0,27244055.0,-65000.0,0.0,0.0,0.0,0.0,5.66
2015-03-16,28.33200665344767,28.54502925986457,28.86456316948992,28.33200665344767,2006068.0,570.0,26897803.0,-12000.0,0.0,0.0,2000.0,0.0,5.65
2015-03-17,29.184097079115265,28.54502925986457,30.249210111199766,28.33200665344767,7226844.0,2275.0,100796564.0,-174000.0,0.0,0.0,-11000.0,0.0,5.56
2015-03-18,30.888277930450464,29.184097079115265,31.101300536867363,29.184097079115265,7481606.0,2496.0,107343870.0,-104000.0,0.0,0.0,3000.0,0.0,5.51
2015-03-19,31.846879659326515,31.314323143284263,32.698970084994116,30.994789233658917,6595952.0,2063.0,98814729.0,-40000.0,0.0,0.0,0.0,0.0,5.49
2015-03-20,32.911992691411015,31.846879659326515,33.338037904244814,31.740368356118065,4980756.0,1681.0,76463120.0,1000.0,0.0,0.0,400000.0,0.0,5.49
2015-03-23,32.37943617536876,33.87059442028706,34.08361702670396,32.37943617536876,3434001.0,1161.0,53045710.0,-55000.0,0.0,0.0,-5000.0,0.0,5.46
2015-03-24,31.314323143284263,32.485947478577216,32.911992691411015,30.994789233658917,3562369.0,1217.0,52768970.0,81000.0,0.0,0.0,4000.0,0.0,5.5
2015-03-25,30.781766627242014,31.314323143284263,31.740368356118065,30.568744020825115,2021587.0,735.0,29480527.0,-8000.0,0.0,0.0,3000.0,0.0,5.5
2015-03-26,31.740368356118065,30.355721414408215,32.27292487216032,30.249210111199766,2948793.0,1089.0,43657386.0,23000.0,0.0,0.0,-155000.0,0.0,5.51
2015-03-27,31.101300536867363,32.27292487216032,32.37943617536876,30.675255324033568,3052619.0,941.0,44948684.0,-7000.0,0.0,0.0,-249000.0,0.0,5.51
2015-03-30,29.397119685532168,31.633857052909615,31.633857052909615,28.971074472698366,3926897.0,1307.0,54636784.0,169000.0,0.0,0.0,7000.0,0.0,5.59
2015-03-31,29.610142291949067,29.397119685532168,30.036187504782866,28.971074472698366,1791278.0,665.0,24800535.0,224000.0,0.0,0.0,-2000.0,0.0,5.7
2015-04-01,30.355721414408215,29.610142291949067,30.46223271761667,29.503630988740618,1384056.0,553.0,19589695.0,-74000.0,0.0,0.0,0.0,0.0,5.67
2015-04-02,30.249210111199766,30.781766627242014,31.314323143284263,30.249210111199766,2722025.0,1000.0,39268703.0,-287000.0,0.0,0.0,0.0,0.0,5.54
2015-04-07,30.036187504782866,30.355721414408215,30.888277930450464,29.929676201574416,1192796.0,459.0,17035572.0,-8000.0,0.0,0.0,0.0,0.0,5.53
2015-04-08,29.610142291949067,30.249210111199766,30.675255324033568,29.503630988740618,2028089.0,762.0,28574496.0,-136000.0,0.0,0.0,1000.0,0.0,5.46
2015-04-09,29.823164898365967,30.249210111199766,30.888277930450464,29.610142291949067,3411199.0,1098.0,48595866.0,-19000.0,0.0,0.0,0.0,0.0,5.44
2015-04-10,29.397119685532168,30.036187504782866,30.355721414408215,29.397119685532168,1660139.0,587.0,23171708.0,-21000.0,0.0,0.0,-1000.0,0.0,5.43
2015-04-13,29.716653595157517,29.397119685532168,29.929676201574416,29.290608382323718,1078871.0,366.0,14987204.0,48000.0,0.0,0.0,2000.0,0.0,5.45
2015-04-14,29.823164898365967,29.716653595157517,29.823164898365967,29.397119685532168,677589.0,277.0,9420486.0,64000.0,0.0,0.0,0.0,0.0,5.48
2015-04-15,29.290608382323718,29.823164898365967,29.823164898365967,29.184097079115265,1214489.0,439.0,16850522.0,-254000.0,0.0,0.0,-1000.0,0.0,5.36
2015-04-16,28.971074472698366,29.397119685532168,29.610142291949067,28.75805186628147,1792635.0,590.0,24530600.0,-24000.0,0.0,0.0,-13000.0,0.0,5.37
2015-04-17,29.07758577590682,28.971074472698366,29.290608382323718,28.75805186628147,914692.0,356.0,12461410.0,-38000.0,0.0,0.0,0.0,0.0,5.35
2015-04-20,29.823164898365967,29.07758577590682,30.142698807991316,28.75805186628147,1762103.0,612.0,24360842.0,-87000.0,0.0,0.0,2000.0,0.0,5.31
2015-04-21,28.225495350239218,30.142698807991316,30.142698807991316,27.90596144061387,1680406.0,636.0,22740758.0,-76000.0,0.0,0.0,3000.0,0.0,5.28
2015-04-22,27.053871014946267,27.90596144061387,28.012472743822318,27.053871014946267,2356399.0,911.0,30231294.0,-536000.0,0.0,0.0,-1000.0,0.0,5.02
2015-04-23,27.16038231815472,27.053871014946267,27.69293883419697,26.62782580211247,1046559.0,477.0,13365996.0,-124000.0,0.0,0.0,0.0,0.0,4.98
2015-04-24,26.94735971173782,27.26689362136317,27.69293883419697,26.840848408529368,1112087.0,387.0,14163696.0,147000.0,0.0,0.0,6000.0,0.0,5.06
2015-04-27,27.69293883419697,27.16038231815472,28.012472743822318,26.94735971173782,1117939.0,434.0,14506609.0,83000.0,0.0,0.0,-1000.0,0.0,5.1
2015-04-28,27.47991622778007,28.012472743822318,28.012472743822318,27.26689362136317,391328.0,202.0,5055062.0,19000.0,0.0,0.0,4000.0,0.0,5.11
2015-04-29,26.94735971173782,27.47991622778007,27.58642753098852,26.840848408529368,642596.0,301.0,8166407.0,-50000.0,0.0,0.0,3000.0,0.0,5.08
2015-04-30,26.414803195695573,26.94735971173782,27.053871014946267,25.88224667965332,1287213.0,593.0,15903678.0,46000.0,0.0,0.0,4000.0,0.0,5.15
2015-05-04,26.414803195695573,26.52131449890402,26.840848408529368,26.09526928607022,637570.0,305.0,7931495.0,32000.0,0.0,0.0,-2000.0,0.0,5.17
2015-05-05,26.201780589278673,26.414803195695573,26.734337105320922,25.98875798286177,728684.0,275.0,8992728.0,-15000.0,0.0,0.0,-5000.0,0.0,5.17
2015-05-06,28.012472743822318,26.52131449890402,28.012472743822318,26.52131449890402,2171371.0,700.0,28257276.0,-15000.0,0.0,0.0,0.0,0.0,5.16
2015-05-07,29.290608382323718,28.438517956656117,29.716653595157517,28.438517956656117,6652831.0,2190.0,90794618.0,-222000.0,0.0,0.0,-1000.0,0.0,5.29
2015-05-08,27.69293883419697,29.184097079115265,29.184097079115265,27.47991622778007,3294322.0,1082.0,43848300.0,-212000.0,0.0,0.0,6000.0,0.0,5.2
2015-05-11,25.98875798286177,27.90596144061387,28.33200665344767,25.77573537644487,3128306.0,1192.0,39118891.0,96000.0,0.0,0.0,0.0,0.0,5.26
2015-05-12,26.414803195695573,26.09526928607022,26.52131449890402,24.71062234436037,1407230.0,616.0,17034320.0,210000.0,0.0,0.0,2000.0,0.0,5.38
2015-05-13,26.52131449890402,26.840848408529368,27.053871014946267,26.30829189248712,1290777.0,477.0,16117476.0,-7000.0,0.0,0.0,1000.0,0.0,5.38
2015-05-14,26.840848408529368,26.62782580211247,26.94735971173782,26.30829189248712,1553031.0,481.0,19459222.0,-115000.0,0.0,0.0,-7000.0,0.0,5.33
2015-05-15,25.56271277002797,26.734337105320922,27.58642753098852,25.030156253985723,9063258.0,2013.0,112135836.0,-317000.0,0.0,0.0,4000.0,0.0,5.17
2015-05-18,23.858531918692773,24.071554525109676,24.71062234436037,23.858531918692773,2229316.0,868.0,25097726.0,-102000.0,0.0,0.0,0.0,0.0,5.13
2015-05-19,23.752020615484323,23.112952796233625,24.284577131526575,23.112952796233625,1732052.0,567.0,19340217.0,-54000.0,0.0,0.0,-3000.0,0.0,5.1
2015-05-20,23.645509312275873,23.752020615484323,24.178065828318122,23.219464099442074,1164736.0,435.0,12997068.0,-95000.0,0.0,0.0,-1000.0,0.0,5.09
2015-05-21,22.580396280191373,23.432486705858974,23.538998009067424,22.580396280191373,1634307.0,625.0,17591953.0,-192000.0,0.0,0.0,-5000.0,0.0,4.97
2015-05-22,22.686907583399826,22.899930189816725,23.219464099442074,22.686907583399826,889768.0,347.0,9572839.0,-184000.0,0.0,0.0,-2000.0,0.0,4.89
2015-05-25,23.112952796233625,23.006441493025175,23.112952796233625,22.580396280191373,424901.0,195.0,4562228.0,-84000.0,0.0,0.0,-1000.0,0.0,4.84
2015-05-26,23.006441493025175,23.219464099442074,23.325975402650524,22.793418886608272,522127.0,211.0,5658243.0,-51000.0,0.0,0.0,0.0,0.0,4.77
2015-05-27,23.325975402650524,23.006441493025175,23.432486705858974,22.580396280191373,1030744.0,369.0,11127008.0,-66000.0,0.0,0.0,-12000.0,0.0,4.74
2015-05-28,23.538998009067424,23.432486705858974,23.858531918692773,23.432486705858974,664931.0,283.0,7375791.0,-41000.0,0.0,0.0,12000.0,0.0,4.72
2015-05-29,23.219464099442074,23.858531918692773,23.858531918692773,23.219464099442074,604302.0,213.0,6652637.0,-79000.0,0.0,0.0,-1000.0,0.0,4.68
2015-06-01,23.432486705858974,23.219464099442074,23.432486705858974,23.006441493025175,412921.0,154.0,4489981.0,71000.0,0.0,0.0,-1000.0,0.0,4.72
2015-06-02,23.219464099442074,23.006441493025175,23.645509312275873,23.006441493025175,313860.0,113.0,3427060.0,8000.0,0.0,0.0,1000.0,0.0,4.72
2015-06-03,22.899930189816725,23.432486705858974,23.752020615484323,22.899930189816725,634756.0,250.0,6960787.0,-22000.0,0.0,0.0,0.0,0.0,4.71
2015-06-04,21.941328460940678,23.325975402650524,23.325975402650524,21.941328460940678,642301.0,266.0,6755447.0,-85000.0,0.0,0.0,0.0,0.0,4.7
2015-06-05,22.473884976982927,21.515283248106876,22.473884976982927,21.515283248106876,646106.0,240.0,6651110.0,21000.0,0.0,0.0,-11000.0,0.0,4.71
2015-06-08,21.515283248106876,22.793418886608272,22.793418886608272,20.492774737305755,1154968.0,385.0,11625906.0,93000.0,0.0,0.0,10000.0,0.0,4.76
2015-06-09,20.876215428856177,21.515283248106876,22.260862370566024,20.769704125647728,1143281.0,375.0,11391266.0,74000.0,0.0,0.0,-2000.0,0.0,4.73
2015-06-10,21.728305854523775,20.876215428856177,21.728305854523775,20.876215428856177,744380.0,260.0,7507197.0,73000.0,0.0,0.0,2000.0,0.0,4.77
2015-06-11,21.515283248106876,21.941328460940678,22.154351067357577,21.408771944898426,460345.0,155.0,4705534.0,-99000.0,0.0,0.0,0.0,0.0,4.72
2015-06-12,21.280958381048286,21.302260641689976,21.728305854523775,20.982726732064627,467096.0,187.0,4661043.0,-29000.0,0.0,0.0,0.0,0.0,4.7
2015-06-15,21.515283248106876,21.302260641689976,21.515283248106876,21.238353859764906,273755.0,135.0,2739280.0,62000.0,0.0,0.0,0.0,0.0,4.73
2015-06-16,21.089238035273077,21.515283248106876,21.515283248106876,21.025331253348003,336002.0,138.0,3338608.0,-48000.0,0.0,0.0,0.0,0.0,4.72
2015-06-17,21.153144817198147,21.259656120406596,21.515283248106876,21.067935774631387,394342.0,238.0,3936214.0,23000.0,0.0,0.0,0.0,0.0,4.73
2015-06-18,21.621794551315325,21.195749338481527,21.728305854523775,21.195749338481527,498082.0,197.0,5021662.0,217000.0,0.0,0.0,8000.0,0.0,4.84
2015-06-22,22.154351067357577,21.728305854523775,22.686907583399826,21.728305854523775,795058.0,306.0,8317148.0,-2000.0,0.0,0.0,-18000.0,0.0,4.83
2015-06-23,22.473884976982927,22.154351067357577,22.686907583399826,22.154351067357577,405416.0,188.0,4270267.0,47000.0,0.0,0.0,0.0,0.0,4.85
2015-06-24,22.793418886608272,22.580396280191373,23.219464099442074,22.580396280191373,740251.0,350.0,7949371.0,37000.0,0.0,0.0,0.0,0.0,4.87
2015-06-25,22.473884976982927,23.006441493025175,23.006441493025175,22.154351067357577,551315.0,195.0,5837157.0,17400.0,0.0,0.0,0.0,0.0,4.88
2015-06-26,23.858531918692773,23.219464099442074,24.178065828318122,23.219464099442074,1699531.0,663.0,18934443.0,87000.0,0.0,0.0,2000.0,0.0,4.92
2015-06-29,22.793418886608272,24.284577131526575,24.284577131526575,22.793418886608272,1116950.0,389.0,12231159.0,-186000.0,0.0,0.0,7000.0,0.0,4.83
2015-06-30,22.899930189816725,22.686907583399826,23.219464099442074,22.686907583399826,529343.0,198.0,5696919.0,43000.0,0.0,0.0,1000.0,0.0,4.59
2015-07-01,22.899930189816725,22.793418886608272,23.219464099442074,22.793418886608272,277959.0,127.0,3005309.0,82000.0,0.0,0.0,2000.0,0.0,4.63
2015-07-02,22.793418886608272,22.793418886608272,23.219464099442074,22.793418886608272,269300.0,140.0,2908538.0,56000.0,0.0,0.0,1000.0,0.0,4.66
2015-07-03,22.580396280191373,22.899930189816725,22.899930189816725,22.260862370566024,414024.0,168.0,4383205.0,74000.0,0.0,0.0,0.0,0.0,4.69
2015-07-06,22.260862370566024,22.580396280191373,22.686907583399826,22.154351067357577,382200.0,129.0,4028689.0,58000.0,0.0,0.0,-1000.0,0.0,4.7
2015-07-07,24.39108843473502,23.006441493025175,24.39108843473502,23.006441493025175,2346279.0,904.0,26492542.0,212000.0,0.0,0.0,3000.0,0.0,4.8
2015-07-08,26.734337105320922,25.456201466819522,26.734337105320922,24.071554525109676,5912283.0,2189.0,70935284.0,-229000.0,0.0,0.0,0.0,0.0,4.69
2015-07-09,25.136667557194173,26.414803195695573,26.414803195695573,24.071554525109676,3709668.0,1371.0,43792265.0,-291000.0,0.0,0.0,7000.0,0.0,4.51
2015-07-13,23.955029338693596,24.8144025885122,26.21088411946743,23.955029338693596,3228380.0,1269.0,37286867.0,-144000.0,0.0,0.0,-5000.0,0.0,4.42
2015-07-14,24.492137619830224,24.384715963602897,25.136667557194173,24.169872651148246,1601182.0,628.0,18366606.0,-64000.0,0.0,0.0,-5000.0,0.0,4.38
2015-07-15,23.84760768246627,24.8144025885122,25.02924590096685,23.84760768246627,908202.0,388.0,10281781.0,-55000.0,0.0,0.0,1000.0,0.0,4.36
2015-07-16,24.06245099492092,24.277294307375573,24.277294307375573,23.632764370011618,819003.0,328.0,9140333.0,22000.0,0.0,0.0,0.0,0.0,4.37
2015-07-17,24.70698093228487,24.06245099492092,25.78119749455813,24.06245099492092,2328100.0,1029.0,27200349.0,-29000.0,0.0,0.0,-1000.0,0.0,4.35
2015-07-20,24.169872651148246,25.2440892134215,25.351510869648827,24.06245099492092,1333754.0,466.0,15350993.0,-40000.0,0.0,0.0,0.0,0.0,4.35
2015-07-21,23.955029338693596,24.384715963602897,24.492137619830224,23.632764370011618,922612.0,333.0,10280523.0,-16000.0,0.0,0.0,0.0,0.0,4.35
2015-07-22,24.492137619830224,23.955029338693596,24.599559276057548,23.740186026238945,855597.0,381.0,9669075.0,10000.0,0.0,0.0,4000.0,0.0,4.35
2015-07-23,24.384715963602897,24.492137619830224,24.70698093228487,23.632764370011618,1315187.0,449.0,14780812.0,-14000.0,0.0,0.0,3000.0,0.0,4.34
2015-07-24,23.84760768246627,24.277294307375573,24.492137619830224,23.632764370011618,567069.0,249.0,6356362.0,-36000.0,0.0,0.0,2000.0,0.0,4.33
2015-07-27,21.462846914219643,23.632764370011618,23.955029338693596,21.462846914219643,1901100.0,681.0,19516800.0,-12000.0,0.0,0.0,10000.0,0.0,4.32
2015-07-28,21.699174557919758,21.462846914219643,21.91401787037441,21.054644620555806,762759.0,314.0,7643175.0,60000.0,0.0,0.0,12000.0,0.0,4.35
2015-07-29,21.462846914219643,21.91401787037441,22.021439526601736,21.312456595501384,398658.0,183.0,3990511.0,4000.0,0.0,0.0,-10000.0,0.0,4.35
2015-07-30,21.806596214147085,21.462846914219643,21.91401787037441,21.462846914219643,410050.0,180.0,4145467.0,-15000.0,0.0,0.0,-1000.0,0.0,4.34
2015-07-31,21.806596214147085,21.91401787037441,21.91401787037441,21.484331245465107,400000.0,136.0,4047100.0,11000.0,0.0,0.0,-2000.0,0.0,4.35
2015-08-03,21.806596214147085,22.021439526601736,22.021439526601736,21.269487933010456,910008.0,209.0,9217040.0,-26000.0,0.0,0.0,-8000.0,0.0,4.34
2015-08-04,21.16206627678313,22.021439526601736,22.021439526601736,21.16206627678313,628199.0,229.0,6282725.0,0.0,0.0,0.0,9000.0,0.0,4.34
2015-08-05,21.591752901692434,21.16206627678313,21.699174557919758,21.16206627678313,363169.0,166.0,3619072.0,22000.0,0.0,0.0,4000.0,0.0,4.35
2015-08-06,21.699174557919758,22.451126151511037,22.451126151511037,21.591752901692434,582586.0,269.0,5966260.0,-3576.0,0.0,0.0,2000.0,0.0,4.35
2015-08-07,21.806596214147085,21.699174557919758,21.91401787037441,21.484331245465107,444120.0,144.0,4470816.0,-125000.0,0.0,0.0,0.0,0.0,4.28
2015-08-10,22.021439526601736,22.128861182829063,22.128861182829063,21.699174557919758,240577.0,127.0,2460784.0,50000.0,0.0,0.0,-3000.0,0.0,4.33
2015-08-11,21.91401787037441,22.558547807738364,22.558547807738364,21.91401787037441,641194.0,244.0,6642078.0,34000.0,0.0,0.0,-13000.0,0.0,4.35
2015-08-12,22.021439526601736,21.806596214147085,22.236282839056386,21.806596214147085,394070.0,141.0,4016213.0,-8000.0,0.0,0.0,10000.0,0.0,4.34
2015-08-13,21.806596214147085,22.021439526601736,22.021439526601736,21.806596214147085,178013.0,87.0,1809081.0,21000.0,0.0,0.0,0.0,0.0,4.36
2015-08-14,21.591752901692434,21.91401787037441,21.91401787037441,21.484331245465107,399099.0,118.0,4036054.0,44000.0,0.0,0.0,7000.0,0.0,4.4
2015-08-17,21.22651927051953,21.484331245465107,21.484331245465107,20.41011468319185,1049003.0,324.0,10315268.0,8000.0,0.0,0.0,-9000.0,0.0,4.43
2015-08-18,21.699174557919758,21.22651927051953,21.699174557919758,21.22651927051953,578338.0,183.0,5794380.0,71000.0,0.0,0.0,0.0,0.0,4.47
2015-08-19,21.054644620555806,21.07612895180127,21.484331245465107,20.94722296432848,610150.0,199.0,6049215.0,-28000.0,0.0,0.0,-4000.0,0.0,4.45
2015-08-20,21.312456595501384,20.83980130810115,21.591752901692434,20.753863983119295,554005.0,187.0,5516540.0,80000.0,0.0,0.0,0.0,0.0,4.49
2015-08-21,19.873006402055225,20.6249579956465,21.054644620555806,19.57222576461871,824300.0,267.0,7820771.0,-8000.0,0.0,0.0,-1000.0,0.0,4.49
2015-08-24,17.896447927472433,18.906211496009295,19.01363315223662,17.896447927472433,2099544.0,463.0,17614337.0,-106000.0,0.0,0.0,-2000.0,0.0,4.44
2015-08-25,17.617151621281387,16.82223136519918,17.896447927472433,16.800747033953716,727805.0,251.0,5899221.0,77000.0,0.0,0.0,0.0,0.0,4.47
2015-08-26,17.20894932761755,17.402308308826736,17.402308308826736,16.11324843409883,830082.0,318.0,6528021.0,33000.0,0.0,0.0,-2000.0,0.0,4.49
2015-08-27,17.724573277508714,17.595667290035923,18.175744233663483,17.531214296299527,894236.0,264.0,7407720.0,27000.0,0.0,0.0,-7000.0,0.0,4.5
2015-08-28,18.261681558645343,17.83199493373604,18.605430858572785,17.83199493373604,644242.0,215.0,5476415.0,45000.0,0.0,0.0,-1000.0,0.0,4.53
2015-08-31,18.261681558645343,18.261681558645343,18.562462196081853,17.853479264981505,1547404.0,312.0,13175933.0,-439000.0,0.0,0.0,0.0,0.0,4.31
2015-09-01,18.154259902418016,18.261681558645343,18.433556208609062,18.068322577436156,349017.0,161.0,2965651.0,-34000.0,0.0,0.0,0.0,0.0,4.29
2015-09-02,18.154259902418016,17.724573277508714,18.261681558645343,17.466761302563135,510139.0,167.0,4245861.0,33000.0,0.0,0.0,0.0,0.0,4.31
2015-09-03,18.562462196081853,18.00386958369976,18.605430858572785,18.00386958369976,1444904.0,594.0,12318833.0,-479000.0,0.0,0.0,-1000.0,0.0,4.07
2015-09-04,18.562462196081853,18.583946527327317,19.550741433373247,18.283165889890807,1938050.0,550.0,16914231.0,-617000.0,0.0,0.0,0.0,0.0,3.76
2015-09-07,18.412071877363598,18.197228564908947,18.71285251480011,18.068322577436156,725180.0,337.0,6157895.0,-516000.0,0.0,0.0,0.0,0.0,3.5
2015-09-08,18.132775571172548,18.08980690868162,18.369103214872666,18.08980690868162,712741.0,286.0,6027661.0,-518741.0,0.0,0.0,0.0,0.0,3.24
2015-09-09,18.412071877363598,18.3476188836272,18.51949353359092,18.261681558645343,1139525.0,385.0,9751456.0,-50000.0,0.0,0.0,0.0,0.0,3.33
2015-09-10,18.777305508536504,18.369103214872666,18.992148820991154,18.154259902418016,1604303.0,522.0,13962295.0,-11000.0,0.0,0.0,0.0,0.0,3.32
2015-09-11,18.82027417102743,18.906211496009295,19.078086145973018,18.777305508536504,739363.0,254.0,6496922.0,3000.0,0.0,0.0,-6000.0,0.0,3.33
2015-09-14,19.314413789673132,19.035117483482082,19.722616083336966,19.035117483482082,2346276.0,642.0,21122070.0,-99000.0,0.0,0.0,8000.0,0.0,3.28
2015-09-15,19.078086145973018,19.464804108391387,19.48628843963685,18.906211496009295,573394.0,207.0,5127128.0,-44000.0,0.0,0.0,2000.0,0.0,3.25
2015-09-16,19.09957047721848,19.078086145973018,19.400351114654992,18.92769582725476,677001.0,279.0,6043999.0,-49000.0,0.0,0.0,3000.0,0.0,3.24
2015-09-17,19.35738245216406,19.14253913970941,19.915975064546153,19.09957047721848,1917328.0,543.0,17470644.0,-143000.0,0.0,0.0,1000.0,0.0,3.16
2015-09-18,19.206992133445805,19.550741433373247,19.550741433373247,19.121054808463946,1837741.0,586.0,16457943.0,-808290.0,0.0,0.0,0.0,0.0,2.76
2015-09-21,18.69136818355464,19.121054808463946,19.121054808463946,18.583946527327317,555330.0,246.0,4867423.0,-16000.0,0.0,0.0,0.0,0.0,2.75
2015-09-22,18.798789839781968,18.884727164763827,18.92769582725476,18.71285251480011,571153.0,307.0,5003537.0,5000.0,0.0,0.0,-1000.0,0.0,2.75
2015-09-23,18.62691518981825,18.69136818355464,18.798789839781968,18.47652487109999,392257.0,181.0,3397087.0,-95000.0,0.0,0.0,0.0,0.0,2.7
2015-09-24,18.197228564908947,18.648399521063713,18.69136818355464,18.132775571172548,571850.0,222.0,4863458.0,-192000.0,0.0,0.0,0.0,0.0,2.61
2015-09-25,18.154259902418016,18.175744233663483,18.261681558645343,18.046838246190692,337322.0,112.0,2845282.0,-33000.0,0.0,0.0,0.0,0.0,2.65
2015-09-30,18.197228564908947,18.046838246190692,18.283165889890807,18.046838246190692,266179.0,134.0,2249192.0,-46000.0,0.0,0.0,0.0,0.0,2.63
2015-10-01,18.62691518981825,18.3476188836272,18.69136818355464,18.30465022113627,309819.0,166.0,2666558.0,11000.0,0.0,0.0,0.0,0.0,2.63
2015-10-02,18.62691518981825,18.71285251480011,18.777305508536504,18.562462196081853,248260.0,143.0,2155713.0,12000.0,0.0,0.0,0.0,0.0,2.64
2015-10-05,18.92769582725476,18.648399521063713,19.164023470954874,18.605430858572785,1574529.0,466.0,13875511.0,-4000.0,0.0,0.0,10000.0,0.0,2.64
2015-10-06,19.121054808463946,19.01363315223662,19.378866783409524,18.97066448974569,1043090.0,382.0,9336384.0,35000.0,0.0,0.0,0.0,0.0,2.65
2015-10-07,21.033160289310338,19.314413789673132,21.033160289310338,19.314413789673132,3600713.0,911.0,34463507.0,3000.0,0.0,0.0,0.0,0.0,2.66
2015-10-08,20.474567676928245,21.591752901692434,22.021439526601736,20.23824003322813,3068043.0,1018.0,30161247.0,-123000.0,0.0,0.0,0.0,0.0,2.59
2015-10-12,20.431599014437317,20.6249579956465,20.818316976855687,20.388630351946386,707370.0,283.0,6770661.0,-21000.0,0.0,0.0,0.0,0.0,2.58
2015-10-13,21.183550608028593,20.77534831436476,21.269487933010456,20.28120869571906,891077.0,474.0,8721238.0,234000.0,0.0,0.0,0.0,0.0,2.7
2015-10-14,21.183550608028593,21.484331245465107,21.484331245465107,21.097613283046737,699892.0,265.0,6929841.0,9000.0,0.0,0.0,0.0,0.0,2.7
2015-10-15,21.699174557919758,21.37690958923778,21.806596214147085,20.968707295573942,1506935.0,519.0,15041132.0,-6000.0,0.0,0.0,0.0,0.0,2.7
2015-10-16,20.882769970592086,21.699174557919758,21.699174557919758,20.732379651873828,1855231.0,622.0,18116774.0,-14000.0,0.0,0.0,2000.0,0.0,2.69
2015-10-19,20.818316976855687,21.033160289310338,21.054644620555806,20.732379651873828,490561.0,202.0,4764108.0,40000.0,0.0,0.0,0.0,0.0,2.71
2015-10-20,21.16206627678313,20.732379651873828,21.398393920483247,20.732379651873828,735289.0,264.0,7258453.0,92000.0,0.0,0.0,10000.0,0.0,2.76
2015-10-21,21.054644620555806,21.398393920483247,21.398393920483247,20.77534831436476,439464.0,192.0,4300763.0,-55000.0,0.0,0.0,1000.0,0.0,2.73
2015-10-22,23.09565608887499,21.097613283046737,23.09565608887499,21.097613283046737,9866828.0,2173.0,103073987.0,431000.0,0.0,0.0,0.0,0.0,2.95
2015-10-23,23.52534271378429,23.203077745102316,24.277294307375573,22.665969463965688,4941200.0,1635.0,54031778.0,-368000.0,0.0,0.0,0.0,0.0,2.77
2015-10-26,22.988234432647662,25.351510869648827,25.351510869648827,22.988234432647662,2266551.0,857.0,25267465.0,-215000.0,0.0,0.0,0.0,0.0,2.66
2015-10-27,22.665969463965688,22.988234432647662,23.203077745102316,22.343704495283713,1117843.0,433.0,11783450.0,-88000.0,0.0,0.0,2000.0,0.0,2.5
2015-10-28,22.88081277642034,22.77339112019301,23.52534271378429,22.665969463965688,742550.0,313.0,7982006.0,-19000.0,0.0,0.0,8000.0,0.0,2.49
2015-10-29,22.236282839056386,23.31049940132964,23.417921057556967,22.236282839056386,679931.0,272.0,7164481.0,-59000.0,0.0,0.0,1000.0,0.0,2.52
2015-10-30,22.128861182829063,22.236282839056386,22.77339112019301,21.591752901692434,798062.0,281.0,8171381.0,-108062.0,0.0,0.0,0.0,0.0,2.46
2015-11-02,22.236282839056386,22.343704495283713,22.343704495283713,21.806596214147085,377793.0,156.0,3890716.0,-47000.0,0.0,0.0,0.0,0.0,2.44
2015-11-03,22.451126151511037,22.236282839056386,23.09565608887499,22.236282839056386,1033425.0,355.0,10924268.0,-35000.0,0.0,0.0,0.0,0.0,2.42
2015-11-04,22.343704495283713,22.77339112019301,22.988234432647662,22.343704495283713,685861.0,249.0,7181352.0,-12000.0,0.0,0.0,0.0,1000.0,2.41
2015-11-05,22.343704495283713,22.128861182829063,22.77339112019301,22.021439526601736,861717.0,297.0,8974855.0,20000.0,0.0,0.0,0.0,0.0,2.42
2015-11-06,22.988234432647662,22.988234432647662,24.06245099492092,22.665969463965688,2315276.0,877.0,25049998.0,-61000.0,0.0,0.0,0.0,0.0,2.4
2015-11-09,22.988234432647662,23.52534271378429,23.740186026238945,22.988234432647662,1240003.0,485.0,13480230.0,-21000.0,0.0,0.0,189000.0,0.0,2.39
2015-11-10,22.558547807738364,22.77339112019301,22.77339112019301,22.128861182829063,882282.0,300.0,9207982.0,-26000.0,0.0,0.0,60000.0,0.0,2.34
2015-11-11,22.021439526601736,22.665969463965688,22.665969463965688,21.91401787037441,839011.0,318.0,8625662.0,-47000.0,0.0,0.0,0.0,0.0,2.32
2015-11-12,21.699174557919758,21.91401787037441,22.343704495283713,21.591752901692434,513009.0,218.0,5231240.0,-36000.0,0.0,0.0,1000.0,0.0,2.3
2015-11-13,21.054644620555806,21.484331245465107,21.591752901692434,21.054644620555806,920318.0,332.0,9097314.0,-2000.0,0.0,0.0,-250000.0,-1000.0,2.3
2015-11-16,20.603473664401037,20.45308334568278,20.968707295573942,20.45308334568278,300207.0,152.0,2884569.0,6000.0,0.0,0.0,-3000.0,0.0,2.3
2015-11-17,21.22651927051953,20.818316976855687,21.333940926746852,20.818316976855687,264990.0,146.0,2612650.0,52000.0,0.0,0.0,1000.0,0.0,2.33
2015-11-18,20.603473664401037,21.248003601764992,21.269487933010456,20.603473664401037,314048.0,146.0,3058335.0,-25000.0,0.0,0.0,-7000.0,0.0,2.32
2015-11-19,20.83980130810115,20.732379651873828,21.183550608028593,20.431599014437317,730150.0,292.0,7011045.0,-35000.0,0.0,0.0,0.0,0.0,2.38
2015-11-20,20.968707295573942,20.94722296432848,21.591752901692434,20.6249579956465,1129239.0,340.0,11049074.0,15000.0,0.0,0.0,0.0,0.0,2.39
2015-11-23,20.861285639346622,21.16206627678313,21.37690958923778,20.861285639346622,286119.0,164.0,2806503.0,-8000.0,0.0,0.0,0.0,0.0,2.38
2015-11-24,20.41011468319185,20.861285639346622,21.054644620555806,20.324177358209994,518496.0,212.0,4977674.0,-64000.0,0.0,0.0,0.0,0.0,2.35
2015-11-25,19.830037739564293,20.41011468319185,20.539020670664645,19.615194427109646,304644.0,151.0,2841323.0,-7000.0,0.0,0.0,0.0,0.0,2.34
2015-11-26,19.95894372703708,19.830037739564293,20.388630351946386,19.830037739564293,883899.0,243.0,8254533.0,18000.0,0.0,0.0,1000.0,0.0,2.35
2015-11-27,19.701131752091502,20.02339672077348,20.02339672077348,19.550741433373247,374005.0,136.0,3435255.0,-37000.0,0.0,0.0,-1000.0,0.0,2.34
2015-11-30,19.550741433373247,19.701131752091502,19.701131752091502,19.48628843963685,307438.0,123.0,2802155.0,-2000.0,0.0,0.0,-4000.0,0.0,2.34
2015-12-01,19.80855340831883,20.10933404575534,20.10933404575534,19.63667875835511,225424.0,140.0,2075978.0,32000.0,0.0,0.0,-6000.0,0.0,2.36
2015-12-02,19.679647420846038,19.980428058282552,19.980428058282552,19.679647420846038,257010.0,126.0,2364950.0,15000.0,0.0,0.0,-4000.0,0.0,2.36
2015-12-03,19.701131752091502,19.679647420846038,20.044881052018944,19.615194427109646,476583.0,202.0,4388078.0,31000.0,0.0,0.0,1000.0,0.0,2.38
2015-12-04,20.99019162681941,19.50777277088232,21.398393920483247,19.421835445900456,2291829.0,703.0,21907130.0,94000.0,0.0,0.0,-9000.0,0.0,2.43
2015-12-07,20.45308334568278,20.216755701982667,20.925738633083014,20.216755701982667,605306.0,265.0,5755944.0,-31000.0,0.0,0.0,-2000.0,0.0,2.41
2015-12-08,20.216755701982667,20.49605200817371,20.796832645610223,20.216755701982667,532018.0,290.0,5057737.0,85000.0,0.0,0.0,-6000.0,0.0,2.46
2015-12-09,19.658163089600574,19.980428058282552,20.345661689455458,19.50777277088232,437622.0,191.0,4019668.0,-82000.0,0.0,0.0,-2000.0,0.0,2.41
2015-12-10,19.48628843963685,19.915975064546153,19.915975064546153,19.14253913970941,856253.0,262.0,7793293.0,-104000.0,0.0,0.0,0.0,0.0,2.36
2015-12-11,19.335898120918596,19.50777277088232,19.744100414582434,19.22847646469127,429729.0,170.0,3878820.0,-47000.0,0.0,0.0,0.0,0.0,2.34
2015-12-14,18.51949353359092,18.906211496009295,19.206992133445805,18.47652487109999,492186.0,240.0,4297639.0,-19000.0,0.0,0.0,-1000.0,0.0,2.33
2015-12-15,18.75582117729104,18.669883852309177,18.884727164763827,18.54097786483639,257738.0,136.0,2246917.0,-7000.0,0.0,0.0,2000.0,0.0,2.32
2015-12-16,18.906211496009295,18.906211496009295,19.078086145973018,18.648399521063713,452853.0,188.0,3979600.0,95000.0,0.0,0.0,1000.0,0.0,2.37
2015-12-17,18.75582117729104,18.949180158500226,19.121054808463946,18.71285251480011,743982.0,284.0,6530575.0,144000.0,0.0,0.0,9000.0,0.0,2.45
2015-12-18,19.615194427109646,18.82027417102743,19.937459395791617,18.75582117729104,1072371.0,387.0,9691697.0,36000.0,0.0,0.0,-24000.0,0.0,2.47
2015-12-21,20.195271370737203,19.765584745827898,20.517536339419177,19.722616083336966,3777595.0,1095.0,35678188.0,-182000.0,0.0,0.0,-3000.0,0.0,2.38
2015-12-22,19.765584745827898,20.195271370737203,20.195271370737203,19.701131752091502,537262.0,231.0,4974328.0,-11000.0,0.0,0.0,0.0,0.0,2.37
2015-12-23,19.658163089600574,19.873006402055225,20.066365383264408,19.658163089600574,536050.0,217.0,4937744.0,38000.0,0.0,0.0,22000.0,0.0,2.39
2015-12-24,19.314413789673132,19.701131752091502,19.765584745827898,19.249960795936737,598337.0,222.0,5416354.0,-48000.0,0.0,0.0,2000.0,0.0,2.37
2015-12-25,19.35738245216406,19.378866783409524,19.464804108391387,19.164023470954874,253000.0,120.0,2276680.0,-5000.0,0.0,0.0,2000.0,0.0,2.37
2015-12-28,19.249960795936737,19.550741433373247,19.550741433373247,19.22847646469127,186020.0,94.0,1677482.0,3000.0,0.0,0.0,0.0,0.0,2.37
2015-12-29,19.787069077073365,19.249960795936737,20.646442326891968,19.249960795936737,2817276.0,1004.0,26679666.0,-34000.0,0.0,0.0,-30000.0,0.0,2.36
2015-12-30,19.744100414582434,19.80855340831883,19.980428058282552,19.701131752091502,530398.0,269.0,4892006.0,-55000.0,0.0,0.0,0.0,0.0,2.29
2015-12-31,20.02339672077348,19.915975064546153,20.130818377000804,19.80855340831883,327708.0,171.0,3048974.0,4000.0,0.0,0.0,0.0,0.0,2.3
2016-01-04,19.35738245216406,19.980428058282552,19.980428058282552,19.335898120918596,460325.0,219.0,4186057.0,-52000.0,0.0,0.0,19000.0,0.0,2.27
2016-01-05,19.335898120918596,19.335898120918596,19.550741433373247,19.2714451271822,327159.0,170.0,2952991.0,25000.0,0.0,0.0,0.0,0.0,2.28
2016-01-06,19.421835445900456,19.765584745827898,19.765584745827898,19.121054808463946,458743.0,205.0,4149417.0,-41000.0,0.0,0.0,0.0,0.0,2.26
2016-01-07,19.164023470954874,19.22847646469127,19.593710095864175,18.71285251480011,527673.0,287.0,4695063.0,139043.0,0.0,0.0,-9000.0,0.0,2.33
2016-01-08,19.80855340831883,19.335898120918596,20.066365383264408,18.906211496009295,1248797.0,343.0,11515079.0,169000.0,0.0,0.0,-11000.0,0.0,2.42
2016-01-11,19.378866783409524,19.57222576461871,19.701131752091502,19.18550780220034,345534.0,140.0,3123326.0,-26000.0,0.0,0.0,-1000.0,0.0,2.41
2016-01-12,19.63667875835511,19.335898120918596,20.41011468319185,19.335898120918596,2001964.0,773.0,18612820.0,81000.0,0.0,0.0,-12000.0,0.0,2.43
2016-01-13,19.765584745827898,19.658163089600574,19.937459395791617,19.658163089600574,469008.0,201.0,4314062.0,18000.0,0.0,0.0,0.0,0.0,2.44
2016-01-14,19.701131752091502,19.550741433373247,19.980428058282552,19.335898120918596,514272.0,239.0,4707184.0,149000.0,0.0,0.0,10000.0,0.0,2.52
2016-01-15,19.443319777145923,19.980428058282552,20.02339672077348,19.378866783409524,574006.0,233.0,5272844.0,56000.0,0.0,0.0,8000.0,0.0,2.55
2016-01-18,19.744100414582434,18.92769582725476,19.80855340831883,18.92769582725476,298004.0,131.0,2723576.0,56000.0,0.0,0.0,-9000.0,0.0,2.58
2016-01-19,20.324177358209994,19.744100414582434,20.324177358209994,19.701131752091502,725983.0,253.0,6778407.0,93000.0,0.0,0.0,0.0,0.0,2.62
2016-01-20,19.915975064546153,20.324177358209994,20.324177358209994,19.915975064546153,718787.0,293.0,6718177.0,-5000.0,0.0,0.0,-2000.0,0.0,2.52
2016-01-21,20.001912389528016,19.80855340831883,20.324177358209994,19.80855340831883,650911.0,274.0,6106141.0,79000.0,0.0,0.0,0.0,0.0,2.56
2016-01-22,20.324177358209994,20.324177358209994,20.925738633083014,20.259724364473595,1112111.0,488.0,10636368.0,169000.0,0.0,0.0,-6000.0,0.0,2.65
2016-01-25,20.882769970592086,20.6249579956465,20.882769970592086,20.388630351946386,768800.0,299.0,7381641.0,158000.0,0.0,0.0,12000.0,0.0,2.73
2016-01-26,21.37690958923778,20.882769970592086,22.343704495283713,20.83980130810115,2283245.0,874.0,22954092.0,210000.0,0.0,0.0,6000.0,0.0,2.84
2016-01-27,21.484331245465107,21.806596214147085,21.91401787037441,21.355425257992316,851619.0,298.0,8515045.0,57000.0,0.0,0.0,0.0,0.0,2.87
2016-01-28,21.484331245465107,21.699174557919758,22.128861182829063,21.44136258297418,688993.0,314.0,6960514.0,60000.0,0.0,0.0,-4000.0,0.0,2.9
2016-01-29,21.41987825172871,21.484331245465107,21.699174557919758,21.398393920483247,421584.0,183.0,4215924.0,77000.0,0.0,0.0,2000.0,0.0,2.94
2016-01-30,21.44136258297418,21.699174557919758,21.699174557919758,21.29097226425592,349013.0,140.0,3481753.0,0.0,0.0,0.0,0.0,0.0,2.94
2016-02-01,21.591752901692434,21.484331245465107,21.591752901692434,21.312456595501384,518164.0,192.0,5185680.0,69000.0,0.0,0.0,-2000.0,0.0,2.97
2016-02-02,21.462846914219643,21.699174557919758,21.699174557919758,21.462846914219643,297784.0,142.0,2985661.0,97784.0,0.0,0.0,0.0,0.0,3.03
2016-02-03,21.16206627678313,21.44136258297418,21.591752901692434,21.16206627678313,592038.0,197.0,5873732.0,-15000.0,0.0,0.0,5000.0,0.0,3.02
2016-02-15,21.398393920483247,21.16206627678313,21.41987825172871,20.94722296432848,180963.0,132.0,1784937.0,21000.0,0.0,0.0,-1000.0,0.0,3.03
2016-02-16,21.699174557919758,21.44136258297418,21.91401787037441,21.44136258297418,545038.0,240.0,5519521.0,74000.0,0.0,0.0,2000.0,0.0,3.07
2016-02-17,21.484331245465107,22.128861182829063,22.128861182829063,21.398393920483247,447014.0,181.0,4503020.0,51000.0,0.0,0.0,1000.0,0.0,3.1
2016-02-18,21.484331245465107,21.484331245465107,22.128861182829063,21.484331245465107,632921.0,239.0,6414970.0,64173.0,0.0,0.0,0.0,0.0,3.13
2016-02-19,21.591752901692434,21.91401787037441,21.91401787037441,21.484331245465107,532332.0,177.0,5373470.0,74000.0,0.0,0.0,0.0,0.0,3.17
2016-02-22,21.097613283046737,21.484331245465107,21.591752901692434,21.097613283046737,537301.0,215.0,5316234.0,-65000.0,0.0,0.0,7000.0,0.0,3.14
2016-02-23,21.054644620555806,21.16206627678313,21.462846914219643,20.753863983119295,1577745.0,448.0,15500744.0,1000.0,0.0,0.0,-25000.0,0.0,3.14
2016-02-24,20.99019162681941,21.41987825172871,21.41987825172871,20.818316976855687,395884.0,179.0,3859214.0,-6000.0,0.0,0.0,22000.0,0.0,3.13
2016-02-25,21.011675958064874,20.94722296432848,21.1190976142922,20.83980130810115,316005.0,122.0,3080835.0,4000.0,0.0,0.0,0.0,0.0,3.14
2016-02-26,20.99019162681941,21.011675958064874,21.011675958064874,20.818316976855687,295461.0,132.0,2873239.0,-17000.0,0.0,0.0,0.0,0.0,3.13
2016-03-01,21.054644620555806,20.882769970592086,21.333940926746852,20.667926658137432,775010.0,205.0,7628620.0,112000.0,0.0,0.0,-18000.0,0.0,3.18
2016-03-02,21.41987825172871,21.07612895180127,21.699174557919758,21.07612895180127,617966.0,240.0,6154876.0,88000.0,0.0,0.0,0.0,0.0,3.23
2016-03-03,21.462846914219643,21.484331245465107,21.699174557919758,21.333940926746852,255527.0,131.0,2555741.0,11000.0,0.0,0.0,-1000.0,0.0,3.24
2016-03-04,21.91401787037441,21.591752901692434,21.91401787037441,21.398393920483247,742397.0,310.0,7472465.0,113000.0,0.0,0.0,-1000.0,0.0,3.29
2016-03-07,22.021439526601736,21.91401787037441,22.451126151511037,21.699174557919758,1793020.0,504.0,18471190.0,0.0,0.0,0.0,-4000.0,0.0,3.29
2016-03-08,21.591752901692434,22.021439526601736,22.021439526601736,21.591752901692434,520103.0,227.0,5257586.0,94000.0,0.0,0.0,-2000.0,0.0,3.34
2016-03-09,21.699174557919758,21.591752901692434,21.806596214147085,21.44136258297418,539936.0,161.0,5420765.0,27000.0,0.0,0.0,20000.0,0.0,3.36
2016-03-10,21.591752901692434,21.591752901692434,21.91401787037441,21.462846914219643,635142.0,188.0,6394920.0,26000.0,0.0,0.0,7000.0,0.0,3.37
2016-03-11,21.591752901692434,21.591752901692434,21.699174557919758,21.484331245465107,295745.0,117.0,2968350.0,-2000.0,0.0,0.0,-1000.0,0.0,3.37
2016-03-14,21.91401787037441,21.699174557919758,22.558547807738364,21.699174557919758,1248608.0,505.0,12817029.0,63000.0,0.0,0.0,1000.0,0.0,3.4
2016-03-15,21.355425257992316,22.021439526601736,22.128861182829063,21.183550608028593,756516.0,563.0,7619129.0,-118000.0,0.0,0.0,0.0,0.0,3.34
2016-03-16,21.462846914219643,21.37690958923778,21.91401787037441,21.355425257992316,639170.0,258.0,6417184.0,78000.0,0.0,0.0,5000.0,0.0,3.38
2016-03-17,21.591752901692434,21.806596214147085,21.91401787037441,21.462846914219643,332515.0,185.0,3340580.0,33000.0,0.0,0.0,0.0,0.0,3.35
2016-03-18,21.398393920483247,21.591752901692434,21.591752901692434,21.355425257992316,228268.0,120.0,2279132.0,-18000.0,0.0,0.0,0.0,0.0,3.34
2016-03-21,21.269487933010456,21.484331245465107,21.484331245465107,21.22651927051953,272078.0,162.0,2694975.0,-32000.0,0.0,0.0,0.0,0.0,3.32
2016-03-22,21.269487933010456,21.37690958923778,21.37690958923778,21.097613283046737,253627.0,147.0,2495749.0,-60000.0,0.0,0.0,-1000.0,0.0,3.29
2016-03-23,21.16206627678313,21.29097226425592,21.29097226425592,21.054644620555806,231423.0,115.0,2278233.0,-95000.0,0.0,0.0,0.0,0.0,3.24
2016-03-24,21.054644620555806,21.054644620555806,21.16206627678313,20.83980130810115,416707.0,189.0,4063274.0,-36000.0,0.0,0.0,-28000.0,0.0,3.22
2016-03-25,21.054644620555806,20.94722296432848,21.097613283046737,20.861285639346622,207011.0,91.0,2023299.0,-30000.0,0.0,0.0,-3000.0,0.0,3.21
2016-03-28,20.99019162681941,20.968707295573942,21.183550608028593,20.796832645610223,215038.0,118.0,2098772.0,-30000.0,0.0,0.0,0.0,0.0,3.19
2016-03-29,20.431599014437317,21.011675958064874,21.011675958064874,20.41011468319185,238028.0,159.0,2276772.0,-60000.0,0.0,0.0,8000.0,0.0,3.16
2016-03-30,20.56050500191011,20.45308334568278,20.603473664401037,20.367146020700922,248793.0,141.0,2368394.0,5000.0,0.0,0.0,3000.0,0.0,3.27
2016-03-31,20.173787039491735,20.646442326891968,20.646442326891968,20.173787039491735,342406.0,164.0,3228587.0,17000.0,0.0,0.0,1000.0,0.0,3.28
2016-04-01,20.044881052018944,20.10933404575534,20.345661689455458,19.937459395791617,208177.0,108.0,1947161.0,32000.0,0.0,0.0,3000.0,0.0,3.29
2016-04-06,19.85152207080976,20.087849714509876,20.15230270824627,19.765584745827898,169234.0,126.0,1564994.0,-28000.0,0.0,0.0,1000.0,0.0,3.17
2016-04-07,19.63667875835511,19.980428058282552,20.02339672077348,19.335898120918596,260065.0,162.0,2387035.0,-19000.0,0.0,0.0,-1000.0,0.0,3.17
2016-04-08,19.744100414582434,19.529257102127783,19.744100414582434,19.335898120918596,272014.0,117.0,2468886.0,72000.0,0.0,0.0,-1000.0,0.0,3.2
2016-04-11,19.443319777145923,19.744100414582434,19.744100414582434,19.400351114654992,132308.0,139.0,1202642.0,-21000.0,0.0,0.0,0.0,0.0,3.19
2016-04-12,19.335898120918596,19.615194427109646,19.615194427109646,19.249960795936737,299392.0,176.0,2698773.0,-45000.0,0.0,0.0,0.0,0.0,3.17
2016-04-13,19.400351114654992,19.421835445900456,19.50777277088232,19.335898120918596,278387.0,116.0,2513073.0,-61000.0,0.0,0.0,-1000.0,0.0,3.14
2016-04-14,19.615194427109646,19.57222576461871,19.95894372703708,19.443319777145923,287852.0,117.0,2622070.0,-5000.0,0.0,0.0,0.0,0.0,3.13
2016-04-15,19.57222576461871,19.744100414582434,19.744100414582434,19.464804108391387,102184.0,64.0,931693.0,-7000.0,0.0,0.0,0.0,0.0,3.13
2016-04-18,19.701131752091502,19.765584745827898,19.765584745827898,19.57222576461871,154080.0,133.0,1408660.0,0.0,0.0,0.0,-3000.0,0.0,3.13
2016-04-19,19.63667875835511,19.744100414582434,19.744100414582434,19.48628843963685,88321.0,87.0,805494.0,21000.0,0.0,0.0,0.0,0.0,3.14
2016-04-20,19.57222576461871,19.63667875835511,19.658163089600574,19.35738245216406,233293.0,88.0,2114995.0,-12000.0,0.0,0.0,-1000.0,0.0,3.14
2016-04-21,19.529257102127783,19.50777277088232,19.593710095864175,19.443319777145923,107403.0,61.0,975718.0,10000.0,0.0,0.0,-3000.0,0.0,3.14
2016-04-22,19.464804108391387,19.443319777145923,19.57222576461871,19.314413789673132,334169.0,116.0,3018541.0,7000.0,0.0,0.0,-1000.0,0.0,3.14
2016-04-25,19.335898120918596,19.443319777145923,19.464804108391387,19.2714451271822,102077.0,68.0,919714.0,9000.0,0.0,0.0,-2000.0,0.0,3.15
2016-04-26,19.335898120918596,19.464804108391387,19.464804108391387,19.249960795936737,122452.0,63.0,1102480.0,21000.0,0.0,0.0,0.0,0.0,3.16
2016-04-27,19.464804108391387,19.335898120918596,19.529257102127783,19.335898120918596,151769.0,83.0,1371611.0,40000.0,0.0,0.0,-6000.0,0.0,3.19
2016-04-28,19.314413789673132,19.464804108391387,19.464804108391387,19.2714451271822,119620.0,71.0,1075553.0,1000.0,0.0,0.0,-2000.0,0.0,3.19
2016-04-29,19.09957047721848,18.8417585022729,19.18550780220034,18.8417585022729,114354.0,63.0,1013269.0,-5000.0,0.0,0.0,-1000.0,0.0,3.18
2016-05-03,19.18550780220034,19.335898120918596,19.335898120918596,19.078086145973018,32281.0,25.0,287805.0,0.0,0.0,0.0,-1000.0,0.0,3.18
2016-05-04,18.906211496009295,19.249960795936737,19.249960795936737,18.71285251480011,133001.0,61.0,1165288.0,18000.0,0.0,0.0,0.0,0.0,3.19
2016-05-05,19.078086145973018,18.69136818355464,19.121054808463946,18.69136818355464,158310.0,75.0,1391777.0,25000.0,0.0,0.0,0.0,0.0,3.21
2016-05-06,19.01363315223662,19.035117483482082,19.121054808463946,18.798789839781968,94050.0,61.0,828385.0,5000.0,0.0,0.0,0.0,0.0,3.21
2016-05-09,18.863242833518363,18.863242833518363,19.01363315223662,18.69136818355464,114870.0,74.0,1004757.0,13000.0,0.0,0.0,3000.0,0.0,3.21
2016-05-10,18.863242833518363,18.69136818355464,18.906211496009295,18.69136818355464,155359.0,74.0,1355061.0,6000.0,0.0,0.0,2000.0,0.0,3.22
2016-05-11,18.777305508536504,18.863242833518363,18.863242833518363,18.69136818355464,140812.0,62.0,1229832.0,-11000.0,0.0,0.0,0.0,0.0,3.21
2016-05-12,18.390587546118134,18.71285251480011,18.71285251480011,18.261681558645343,262473.0,97.0,2250309.0,2000.0,0.0,0.0,0.0,0.0,3.21
2016-05-13,18.025353914945224,18.369103214872666,18.390587546118134,17.853479264981505,149265.0,71.0,1255661.0,0.0,0.0,0.0,1000.0,0.0,3.21
2016-05-16,17.789026271245106,18.00386958369976,18.00386958369976,17.531214296299527,135082.0,77.0,1118642.0,-4000.0,0.0,0.0,-3000.0,0.0,3.21
2016-05-17,18.154259902418016,17.83199493373604,18.154259902418016,17.724573277508714,151100.0,66.0,1261739.0,29000.0,0.0,0.0,0.0,0.0,3.23
2016-05-18,18.390587546118134,18.132775571172548,18.47652487109999,17.982385252454293,204284.0,75.0,1738032.0,30000.0,0.0,0.0,-1000.0,0.0,3.24
2016-05-19,18.240197227399875,18.390587546118134,18.390587546118134,18.08980690868162,86043.0,52.0,731120.0,3000.0,0.0,0.0,-2000.0,0.0,3.24
2016-05-20,18.08980690868162,18.412071877363598,18.412071877363598,17.83199493373604,142725.0,62.0,1199404.0,-57000.0,0.0,0.0,5000.0,0.0,3.21
2016-05-23,18.369103214872666,18.197228564908947,18.369103214872666,18.046838246190692,150566.0,84.0,1281300.0,22000.0,0.0,0.0,1000.0,0.0,3.23
2016-05-24,18.369103214872666,18.369103214872666,18.498009202345457,18.154259902418016,63010.0,49.0,537415.0,16000.0,0.0,0.0,1000.0,0.0,3.23
2016-05-25,18.433556208609062,18.498009202345457,18.562462196081853,18.197228564908947,154261.0,86.0,1318619.0,29000.0,0.0,0.0,-1000.0,0.0,3.25
2016-05-26,18.798789839781968,18.669883852309177,18.992148820991154,18.562462196081853,271529.0,126.0,2365622.0,29000.0,0.0,0.0,0.0,0.0,3.26
2016-05-27,19.48628843963685,18.75582117729104,19.744100414582434,18.75582117729104,721003.0,318.0,6502337.0,20000.0,0.0,0.0,-5000.0,0.0,3.27
2016-05-30,19.443319777145923,19.679647420846038,19.679647420846038,19.22847646469127,125681.0,72.0,1132679.0,14000.0,0.0,0.0,2000.0,0.0,3.26
2016-05-31,19.249960795936737,19.529257102127783,19.529257102127783,19.164023470954874,140038.0,72.0,1259387.0,22000.0,0.0,0.0,0.0,0.0,3.27
2016-06-01,19.378866783409524,19.249960795936737,19.529257102127783,19.14253913970941,130375.0,78.0,1174345.0,40000.0,0.0,0.0,0.0,0.0,3.29
2016-06-02,19.22847646469127,19.658163089600574,19.658163089600574,19.22847646469127,258364.0,130.0,2338727.0,22000.0,0.0,0.0,0.0,0.0,3.3
2016-06-03,19.421835445900456,19.249960795936737,19.443319777145923,19.206992133445805,129450.0,77.0,1165210.0,21000.0,0.0,0.0,0.0,0.0,3.31
2016-06-04,19.443319777145923,19.335898120918596,19.443319777145923,19.335898120918596,85000.0,39.0,766510.0,0.0,0.0,0.0,0.0,0.0,3.31
2016-06-06,19.89449073330069,19.529257102127783,20.02339672077348,19.48628843963685,655301.0,279.0,6023628.0,60000.0,0.0,0.0,-1000.0,0.0,3.34
2016-06-07,19.95894372703708,20.087849714509876,20.345661689455458,19.915975064546153,578332.0,247.0,5406139.0,20000.0,0.0,0.0,8000.0,0.0,3.36
2016-06-08,19.679647420846038,19.95894372703708,19.95894372703708,19.57222576461871,264264.0,122.0,2422367.0,9000.0,0.0,0.0,1000.0,0.0,3.36
2016-06-13,19.335898120918596,19.550741433373247,19.550741433373247,19.249960795936737,183511.0,109.0,1653146.0,18000.0,0.0,0.0,1000.0,0.0,3.37
2016-06-14,19.48628843963685,19.335898120918596,19.529257102127783,19.335898120918596,133003.0,65.0,1201727.0,22000.0,0.0,0.0,8000.0,0.0,3.38
2016-06-15,19.335898120918596,19.50777277088232,19.50777277088232,19.121054808463946,140181.0,75.0,1261259.0,10000.0,0.0,0.0,1000.0,0.0,3.39
2016-06-16,19.335898120918596,19.378866783409524,19.48628843963685,19.249960795936737,143000.0,62.0,1288280.0,15000.0,0.0,0.0,0.0,0.0,3.39
2016-06-17,19.658163089600574,19.335898120918596,19.915975064546153,19.335898120918596,472692.0,147.0,4303966.0,28000.0,0.0,0.0,1000.0,0.0,3.41
2016-06-20,19.658163089600574,19.658163089600574,19.765584745827898,19.550741433373247,212010.0,88.0,1937910.0,16000.0,0.0,0.0,4000.0,0.0,3.42
2016-06-21,19.63667875835511,19.658163089600574,19.744100414582434,19.57222576461871,171628.0,79.0,1569013.0,18000.0,0.0,0.0,1000.0,0.0,3.43
2016-06-22,19.593710095864175,19.63667875835511,19.63667875835511,19.443319777145923,146353.0,66.0,1330967.0,13000.0,0.0,0.0,4000.0,0.0,3.43
2016-06-23,19.550741433373247,19.593710095864175,19.593710095864175,19.443319777145923,105101.0,54.0,951809.0,2000.0,0.0,0.0,0.0,0.0,3.43
2016-06-24,19.121054808463946,19.550741433373247,19.550741433373247,18.69136818355464,295264.0,139.0,2625425.0,7000.0,0.0,0.0,-14000.0,0.0,3.44
2016-06-27,19.335898120918596,19.121054808463946,19.378866783409524,18.949180158500226,249305.0,52.0,2220532.0,3000.0,0.0,0.0,1000.0,0.0,3.44
2016-06-28,19.22847646469127,19.2714451271822,19.335898120918596,19.18550780220034,87662.0,46.0,786414.0,0.0,0.0,0.0,0.0,0.0,3.44
2016-06-29,19.29292945842767,19.22847646469127,19.529257102127783,19.22847646469127,100205.0,52.0,902915.0,19000.0,0.0,0.0,0.0,0.0,3.45
2016-06-30,19.421835445900456,19.335898120918596,19.421835445900456,19.22847646469127,135108.0,73.0,1216512.0,16000.0,0.0,0.0,0.0,0.0,3.45
2016-07-01,19.443319777145923,19.615194427109646,19.63667875835511,19.35738245216406,148666.0,91.0,1347440.0,-1000.0,0.0,0.0,0.0,0.0,3.45
2016-07-04,19.873006402055225,19.464804108391387,19.980428058282552,19.464804108391387,336644.0,170.0,3098023.0,42000.0,0.0,0.0,0.0,0.0,3.47
2016-07-05,20.732379651873828,19.765584745827898,21.269487933010456,19.765584745827898,1390499.0,527.0,13298168.0,91000.0,0.0,0.0,-1000.0,0.0,3.52
2016-07-06,20.925738633083014,20.83980130810115,21.011675958064874,20.6249579956465,1089866.0,389.0,10574345.0,-25000.0,0.0,0.0,-3000.0,0.0,3.51
2016-07-07,20.796832645610223,21.011675958064874,21.011675958064874,20.581989333155573,336757.0,149.0,3252599.0,-7250.0,0.0,0.0,0.0,0.0,3.5
2016-07-11,20.667926658137432,20.94722296432848,21.011675958064874,20.41011468319185,364477.0,162.0,3512437.0,-6000.0,0.0,0.0,38000.0,0.0,3.5
2016-07-12,20.537666616174384,20.62450664414975,20.84160671408817,20.363986560223648,363253.0,144.0,3440387.0,3000.0,0.0,0.0,-32000.0,0.0,3.47
2016-07-13,20.515956609180538,20.73305667911896,20.73305667911896,20.407406574211333,221205.0,91.0,2087565.0,5000.0,0.0,0.0,-1000.0,0.0,3.48
2016-07-14,20.29885653924212,20.515956609180538,20.581086630162066,20.29885653924212,182504.0,90.0,1716723.0,6000.0,0.0,0.0,0.0,0.0,3.48
2016-07-15,20.62450664414975,20.342276553229805,21.058706784026583,20.342276553229805,495500.0,191.0,4730630.0,26000.0,0.0,0.0,0.0,0.0,3.49
2016-07-18,20.776476693106645,20.62450664414975,20.819896707094326,20.62450664414975,93362.0,48.0,891847.0,-2000.0,0.0,0.0,-1000.0,0.0,3.49
2016-07-19,22.795507343533934,21.71000699384184,22.795507343533934,21.71000699384184,2972688.0,657.0,31040523.0,-1000.0,0.0,0.0,-5000.0,0.0,3.49
2016-07-20,25.075058077887327,23.555357588318397,25.075058077887327,22.904057378503143,11345461.0,3219.0,125882114.0,81000.0,0.0,0.0,1000.0,0.0,3.53
2016-07-21,25.509258217764163,25.400708182794954,26.920408672363884,25.292158147825745,9243377.0,3006.0,111018406.0,-5000.0,0.0,0.0,12000.0,0.0,3.53
2016-07-22,25.943458357641,25.509258217764163,26.486208532487044,25.400708182794954,3838913.0,1458.0,45652409.0,-10000.0,0.0,0.0,-5000.0,0.0,3.53
2016-07-25,25.292158147825745,26.811858637394675,26.811858637394675,25.183608112856536,2748681.0,1003.0,32870397.0,-33000.0,0.0,0.0,7000.0,0.0,3.51
2016-07-26,24.857958007948906,25.400708182794954,25.509258217764163,24.31520783310286,2135969.0,674.0,24422895.0,-2000.0,0.0,0.0,5000.0,0.0,3.51
2016-07-27,24.532307903041282,24.423757868072073,24.857958007948906,24.31520783310286,2581056.0,727.0,29109182.0,0.0,0.0,0.0,2000.0,0.0,3.51
2016-07-28,23.989557728195237,24.532307903041282,24.966508042918118,23.881007693226024,1294038.0,456.0,14453018.0,0.0,0.0,0.0,1000.0,0.0,3.51
2016-07-29,23.33825751837998,24.31520783310286,24.31520783310286,23.22970748341077,1138030.0,423.0,12407417.0,14000.0,0.0,0.0,0.0,0.0,3.52
2016-08-01,24.206657798133655,23.663907623287606,24.966508042918118,23.663907623287606,2540402.0,994.0,28522377.0,-30000.0,0.0,0.0,0.0,0.0,3.5
2016-08-02,23.663907623287606,23.989557728195237,24.31520783310286,23.446807553349192,878158.0,386.0,9609905.0,-5000.0,0.0,0.0,0.0,0.0,3.52
2016-08-03,23.989557728195237,23.663907623287606,24.7494079729797,23.33825751837998,1603999.0,598.0,17889439.0,-19000.0,0.0,0.0,-15000.0,0.0,3.51
2016-08-04,24.966508042918118,24.532307903041282,25.509258217764163,24.31520783310286,4040523.0,1454.0,46542307.0,-29000.0,0.0,0.0,-6000.0,0.0,3.49
2016-08-05,24.206657798133655,24.7494079729797,24.857958007948906,23.881007693226024,1955020.0,662.0,21915521.0,-44000.0,0.0,0.0,0.0,0.0,3.47
2016-08-08,23.663907623287606,24.206657798133655,24.423757868072073,23.555357588318397,1534011.0,537.0,16830521.0,-75000.0,0.0,0.0,1000.0,0.0,3.43
2016-08-09,23.12115744844156,23.446807553349192,24.098107763164442,23.12115744844156,782098.0,353.0,8464654.0,-72000.0,0.0,0.0,1000.0,0.0,3.39
2016-08-10,23.22970748341077,23.12115744844156,23.446807553349192,23.12115744844156,613835.0,247.0,6577786.0,-75000.0,0.0,0.0,2000.0,0.0,3.35
2016-08-11,22.03565709874947,23.33825751837998,23.33825751837998,21.818557028811053,1147858.0,502.0,11765156.0,16000.0,0.0,0.0,5000.0,0.0,3.36
2016-08-12,22.144207133718677,22.03565709874947,22.3613072036571,21.92710706378026,547536.0,244.0,5572415.0,21000.0,0.0,0.0,0.0,0.0,3.37
2016-08-15,22.3613072036571,22.144207133718677,22.578407273595516,22.144207133718677,368024.0,174.0,3789789.0,-19000.0,0.0,0.0,-1000.0,0.0,3.36
2016-08-16,22.578407273595516,22.3613072036571,22.578407273595516,22.144207133718677,442159.0,190.0,4540154.0,-21000.0,0.0,0.0,-3000.0,0.0,3.35
2016-08-17,22.3613072036571,22.578407273595516,22.795507343533934,21.818557028811053,1013073.0,355.0,10489190.0,-23453.0,0.0,0.0,1000.0,0.0,3.34
2016-08-18,22.795507343533934,22.578407273595516,22.795507343533934,22.25275716868789,609713.0,205.0,6339213.0,-67000.0,0.0,0.0,0.0,0.0,3.3
2016-08-19,22.469857238626304,23.012607413472352,23.663907623287606,22.469857238626304,3296431.0,893.0,35217632.0,-167547.0,0.0,0.0,1000.0,0.0,3.22
2016-08-22,21.92710706378026,22.3613072036571,22.469857238626304,21.818557028811053,693440.0,333.0,7035350.0,-57000.0,0.0,0.0,-2000.0,0.0,3.19
2016-08-23,22.03565709874947,21.92710706378026,22.3613072036571,21.92710706378026,394320.0,165.0,4026630.0,-25000.0,0.0,0.0,-5000.0,0.0,3.18
2016-08-24,22.144207133718677,22.25275716868789,22.25275716868789,21.92710706378026,341644.0,173.0,3472850.0,10000.0,0.0,0.0,0.0,0.0,3.18
2016-08-25,22.686957308564722,22.144207133718677,23.012607413472352,21.92710706378026,728781.0,354.0,7567514.0,31000.0,0.0,0.0,-4000.0,0.0,3.2
2016-08-26,22.578407273595516,22.904057378503143,22.904057378503143,22.3613072036571,389390.0,176.0,4049058.0,6000.0,0.0,0.0,0.0,0.0,3.2
2016-08-29,23.012607413472352,22.469857238626304,23.772457658256815,22.469857238626304,2037252.0,780.0,21771380.0,8000.0,0.0,0.0,-2000.0,0.0,3.2
2016-08-30,23.989557728195237,23.446807553349192,24.098107763164442,23.012607413472352,1376298.0,574.0,14960278.0,-4000.0,0.0,0.0,-3000.0,0.0,3.2
2016-08-31,23.772457658256815,24.857958007948906,25.183608112856536,23.772457658256815,2613266.0,949.0,29493085.0,-27000.0,0.0,0.0,1000.0,0.0,3.19
2016-09-01,23.881007693226024,23.663907623287606,24.31520783310286,23.555357588318397,897100.0,323.0,9885192.0,14000.0,0.0,0.0,7000.0,0.0,3.19
2016-09-02,23.12115744844156,23.772457658256815,23.881007693226024,23.012607413472352,776681.0,271.0,8360866.0,-6000.0,0.0,0.0,-5000.0,0.0,3.19
2016-09-05,22.904057378503143,23.12115744844156,23.33825751837998,22.904057378503143,551135.0,189.0,5859314.0,56000.0,0.0,0.0,1000.0,0.0,3.22
2016-09-06,22.795507343533934,22.904057378503143,23.555357588318397,22.795507343533934,2015422.0,592.0,21443104.0,-19000.0,0.0,0.0,-25000.0,0.0,3.21
2016-09-07,22.686957308564722,22.904057378503143,23.22970748341077,22.686957308564722,614843.0,238.0,6465915.0,4000.0,0.0,0.0,-5000.0,0.0,3.21
2016-09-08,22.795507343533934,22.686957308564722,23.12115744844156,22.686957308564722,505066.0,175.0,5324834.0,136000.0,0.0,0.0,5000.0,0.0,3.28
2016-09-09,23.012607413472352,22.795507343533934,23.22970748341077,22.578407273595516,382799.0,189.0,4049464.0,21000.0,0.0,0.0,2000.0,0.0,3.29
2016-09-10,22.686957308564722,22.686957308564722,23.12115744844156,22.686957308564722,301152.0,131.0,3166236.0,0.0,0.0,0.0,-6000.0,0.0,3.29
2016-09-12,23.22970748341077,22.795507343533934,23.33825751837998,22.578407273595516,575778.0,246.0,6079344.0,-75000.0,0.0,0.0,-2000.0,0.0,3.25
2016-09-13,22.795507343533934,23.446807553349192,23.446807553349192,22.795507343533934,1095614.0,326.0,11691846.0,-24000.0,0.0,0.0,-1000.0,0.0,3.24
2016-09-14,22.686957308564722,22.686957308564722,23.446807553349192,22.469857238626304,361001.0,152.0,3795460.0,-5000.0,0.0,0.0,-3000.0,0.0,3.24
2016-09-19,22.578407273595516,22.686957308564722,23.12115744844156,22.578407273595516,217516.0,112.0,2275666.0,-2000.0,0.0,0.0,7000.0,0.0,3.24
2016-09-20,22.578407273595516,22.686957308564722,22.795507343533934,22.469857238626304,189400.0,94.0,1974129.0,1000.0,0.0,0.0,1000.0,0.0,3.24
2016-09-21,22.795507343533934,22.578407273595516,22.795507343533934,22.469857238626304,245601.0,144.0,2554198.0,46000.0,0.0,0.0,-7000.0,0.0,3.26
2016-09-22,23.555357588318397,22.795507343533934,23.881007693226024,22.795507343533934,2382497.0,878.0,25804513.0,61000.0,0.0,0.0,-4000.0,0.0,3.29
2016-09-23,23.22970748341077,23.446807553349192,23.772457658256815,23.22970748341077,682884.0,286.0,7387906.0,-17000.0,0.0,0.0,-1000.0,0.0,3.29
2016-09-26,22.904057378503143,23.33825751837998,23.33825751837998,22.904057378503143,266551.0,119.0,2834934.0,-2000.0,0.0,0.0,7000.0,0.0,3.28
2016-09-29,22.904057378503143,23.012607413472352,23.33825751837998,22.795507343533934,296359.0,136.0,3142654.0,3000.0,0.0,0.0,3000.0,0.0,3.29
2016-09-30,22.578407273595516,22.795507343533934,22.904057378503143,22.578407273595516,364765.0,173.0,3804815.0,-5000.0,0.0,0.0,1000.0,0.0,3.28
2016-10-03,22.3613072036571,22.578407273595516,22.795507343533934,22.3613072036571,333106.0,135.0,3452501.0,-5000.0,0.0,0.0,0.0,0.0,3.28
2016-10-04,22.3613072036571,22.3613072036571,22.686957308564722,22.25275716868789,301505.0,129.0,3114624.0,5000.0,0.0,0.0,2000.0,0.0,3.28
2016-10-05,23.12115744844156,22.686957308564722,23.555357588318397,22.686957308564722,961124.0,441.0,10271263.0,6000.0,0.0,0.0,-5000.0,0.0,3.29
2016-10-06,23.12115744844156,23.555357588318397,23.772457658256815,23.012607413472352,583627.0,277.0,6276244.0,4000.0,0.0,0.0,2000.0,0.0,3.29
2016-10-07,22.904057378503143,23.12115744844156,23.22970748341077,22.686957308564722,393511.0,157.0,4147365.0,7000.0,0.0,0.0,3000.0,0.0,3.29
2016-10-11,22.3613072036571,23.012607413472352,23.22970748341077,22.144207133718677,625135.0,248.0,6462124.0,-31000.0,0.0,0.0,1000.0,0.0,3.28
2016-10-12,22.3613072036571,22.3613072036571,22.469857238626304,22.25275716868789,188127.0,85.0,1942544.0,7000.0,0.0,0.0,2000.0,0.0,3.28
2016-10-13,22.25275716868789,22.3613072036571,22.578407273595516,22.144207133718677,203847.0,98.0,2090538.0,-4000.0,0.0,0.0,1000.0,0.0,3.28
2016-10-14,21.536326937891108,22.25275716868789,22.469857238626304,21.167256818995796,617301.0,258.0,6131330.0,21000.0,0.0,0.0,3000.0,0.0,3.29
2016-10-17,21.818557028811053,21.623166965866478,21.818557028811053,21.384356888934214,268207.0,113.0,2675670.0,34000.0,0.0,0.0,0.0,0.0,3.31
2016-10-18,21.66658697985416,21.71000699384184,21.71000699384184,21.60145695887263,137247.0,67.0,1369623.0,3000.0,0.0,0.0,1000.0,0.0,3.31
2016-10-19,21.92710706378026,21.688296986848002,22.144207133718677,21.66658697985416,327426.0,146.0,3299420.0,9000.0,0.0,0.0,-3000.0,0.0,3.31
2016-10-20,21.92710706378026,21.92710706378026,21.92710706378026,21.71000699384184,251350.0,114.0,2522216.0,23000.0,0.0,0.0,-4000.0,0.0,3.32
2016-10-21,21.818557028811053,21.92710706378026,22.03565709874947,21.71000699384184,219693.0,113.0,2211280.0,45000.0,0.0,0.0,-5000.0,0.0,3.35
2016-10-24,21.818557028811053,22.144207133718677,22.144207133718677,21.818557028811053,156504.0,78.0,1575763.0,26000.0,0.0,0.0,0.0,0.0,3.36
2016-10-25,21.92710706378026,21.92710706378026,22.144207133718677,21.71000699384184,305340.0,127.0,3082365.0,50000.0,0.0,0.0,6000.0,0.0,3.39
2016-10-26,21.92710706378026,21.92710706378026,22.144207133718677,21.818557028811053,176450.0,106.0,1787650.0,20122.0,0.0,0.0,0.0,0.0,3.4
2016-10-27,21.818557028811053,22.03565709874947,22.03565709874947,21.818557028811053,119038.0,62.0,1200430.0,18000.0,0.0,0.0,0.0,0.0,3.41
2016-10-28,21.71000699384184,21.818557028811053,21.92710706378026,21.71000699384184,231536.0,77.0,2321233.0,8000.0,0.0,0.0,0.0,0.0,3.41
2016-10-31,21.71000699384184,21.71000699384184,21.92710706378026,21.66658697985416,169573.0,72.0,1702035.0,16000.0,0.0,0.0,1000.0,0.0,3.42
2016-11-01,21.688296986848002,21.818557028811053,21.818557028811053,21.688296986848002,96118.0,51.0,961156.0,2000.0,0.0,0.0,0.0,0.0,3.42
2016-11-02,21.60145695887263,21.71000699384184,21.818557028811053,21.60145695887263,336014.0,104.0,3354385.0,1000.0,0.0,0.0,16000.0,0.0,3.42
2016-11-03,21.384356888934214,21.60145695887263,21.60145695887263,21.384356888934214,174998.0,75.0,1728709.0,0.0,0.0,0.0,2000.0,0.0,3.42
2016-11-04,21.471196916909584,21.384356888934214,21.60145695887263,21.340936874946532,176130.0,86.0,1739199.0,-5000.0,0.0,0.0,0.0,0.0,3.42
2016-11-07,21.31922686795269,21.275806853965005,21.514616930897265,21.275806853965005,196010.0,90.0,1929173.0,-7000.0,0.0,0.0,5000.0,0.0,3.41
2016-11-08,20.84160671408817,21.384356888934214,21.44948690991574,20.798186700100484,407299.0,199.0,3947410.0,-47000.0,0.0,0.0,0.0,0.0,3.39
2016-11-09,19.58242630844534,20.950156749057378,20.97186675605122,19.539006294457657,654074.0,274.0,6035493.0,-49000.0,0.0,0.0,-30000.0,0.0,3.37
2016-11-10,19.842946392371445,19.756106364396075,20.103466476297545,19.756106364396075,434653.0,192.0,3989249.0,-23000.0,0.0,0.0,-8000.0,0.0,3.35
2016-11-11,19.821236385377603,19.756106364396075,19.973206434334493,19.45216626648229,572200.0,195.0,5178179.0,23000.0,0.0,0.0,-1000.0,0.0,3.37
2016-11-14,19.625846322433024,19.821236385377603,19.92978642034681,19.58242630844534,343215.0,112.0,3127514.0,-1000.0,0.0,0.0,1000.0,0.0,3.36
2016-11-15,19.756106364396075,19.66926633642071,19.842946392371445,19.625846322433024,238385.0,95.0,2163651.0,-25000.0,0.0,0.0,1000.0,0.0,3.35
2016-11-16,20.146886490285226,19.756106364396075,20.190306504272915,19.756106364396075,261060.0,116.0,2407531.0,-2000.0,0.0,0.0,2000.0,0.0,3.35
2016-11-17,19.864656399365288,20.190306504272915,20.190306504272915,19.864656399365288,120704.0,55.0,1114502.0,1000.0,0.0,0.0,10000.0,0.0,3.35
2016-11-18,19.973206434334493,19.92978642034681,20.081756469303702,19.90807641335297,190519.0,82.0,1751192.0,5000.0,0.0,0.0,3000.0,0.0,3.35
2016-11-21,19.99491644132834,20.016626448322178,20.03833645531602,19.95149642734065,158340.0,64.0,1456837.0,1000.0,0.0,0.0,0.0,0.0,3.35
2016-11-22,20.363986560223648,20.27714653224828,20.581086630162066,20.103466476297545,259328.0,121.0,2428932.0,30000.0,0.0,0.0,3000.0,0.0,3.37
2016-11-23,20.27714653224828,20.407406574211333,20.559376623168227,20.27714653224828,205001.0,86.0,1929249.0,-51000.0,0.0,0.0,0.0,0.0,3.34
2016-11-24,20.407406574211333,20.62450664414975,20.754766686112802,20.407406574211333,255635.0,140.0,2423272.0,-14000.0,0.0,0.0,-4000.0,0.0,3.34
2016-11-25,20.342276553229805,20.407406574211333,20.559376623168227,20.25543652525444,172391.0,102.0,1613565.0,8000.0,0.0,0.0,5000.0,0.0,3.34
2016-11-28,20.27714653224828,20.363986560223648,20.667926658137432,20.25543652525444,271259.0,129.0,2547985.0,-6000.0,0.0,0.0,1000.0,0.0,3.34
2016-11-29,20.27714653224828,20.25543652525444,20.363986560223648,20.16859649727907,142679.0,71.0,1332154.0,5000.0,0.0,0.0,0.0,0.0,3.34
2016-11-30,20.212016511266757,20.190306504272915,20.29885653924212,20.190306504272915,170637.0,63.0,1591009.0,-5000.0,0.0,0.0,0.0,0.0,3.34
2016-12-01,20.450826588199014,20.212016511266757,20.537666616174384,20.212016511266757,274259.0,115.0,2574037.0,57000.0,0.0,0.0,-15000.0,0.0,3.37
2016-12-02,20.25543652525444,20.450826588199014,20.450826588199014,20.233726518260596,109424.0,70.0,1021978.0,-7000.0,0.0,0.0,-11000.0,0.0,3.36
2016-12-05,20.146886490285226,20.146886490285226,20.25543652525444,20.146886490285226,153501.0,78.0,1427432.0,-25000.0,0.0,0.0,0.0,0.0,3.35
2016-12-06,20.342276553229805,20.233726518260596,20.38569656721749,20.233726518260596,98281.0,51.0,920106.0,-11000.0,0.0,0.0,2000.0,0.0,3.34
2016-12-07,20.906736735069696,20.342276553229805,20.99357676304506,20.320566546235963,1814535.0,440.0,17283683.0,-222000.0,0.0,0.0,3000.0,0.0,3.23
2016-12-08,20.906736735069696,21.058706784026583,21.188966825989638,20.73305667911896,391385.0,174.0,3778713.0,-44000.0,0.0,0.0,20000.0,0.0,3.21
2016-12-09,20.667926658137432,20.819896707094326,20.819896707094326,20.62450664414975,165010.0,95.0,1571863.0,-15000.0,0.0,0.0,0.0,0.0,3.2
2016-12-12,20.4942466021867,20.73305667911896,20.754766686112802,20.472536595192857,203392.0,94.0,1930826.0,-29000.0,0.0,0.0,11000.0,0.0,3.18
2016-12-13,20.581086630162066,20.450826588199014,20.62450664414975,20.450826588199014,171191.0,82.0,1618988.0,-74000.0,0.0,0.0,4000.0,0.0,3.15
2016-12-14,20.450826588199014,20.62450664414975,20.64621665114359,20.407406574211333,94836.0,60.0,895740.0,-11000.0,0.0,0.0,0.0,0.0,3.14
2016-12-15,20.4942466021867,20.450826588199014,20.515956609180538,20.42911658120517,62028.0,31.0,584983.0,8000.0,0.0,0.0,1000.0,0.0,3.14
2016-12-16,20.64621665114359,20.515956609180538,20.776476693106645,20.515956609180538,214002.0,94.0,2037696.0,2000.0,0.0,0.0,2000.0,0.0,3.14
2016-12-19,21.123836805008114,20.667926658137432,21.688296986848002,20.667926658137432,1441144.0,451.0,14108962.0,71000.0,0.0,0.0,0.0,0.0,3.18
2016-12-20,21.10212679801427,21.275806853965005,21.275806853965005,20.906736735069696,232604.0,116.0,2257356.0,-2000.0,0.0,0.0,5000.0,0.0,3.18
2016-12-21,23.12115744844156,21.275806853965005,23.12115744844156,21.167256818995796,3268748.0,948.0,34374809.0,-33000.0,0.0,0.0,0.0,0.0,3.16
2016-12-22,22.25275716868789,23.555357588318397,23.772457658256815,21.92710706378026,3566948.0,1342.0,37853710.0,-54000.0,0.0,0.0,8000.0,0.0,3.14
2016-12-23,22.578407273595516,22.25275716868789,22.686957308564722,22.144207133718677,922434.0,342.0,9511868.0,-26000.0,0.0,0.0,-2000.0,0.0,3.12
2016-12-26,21.818557028811053,22.904057378503143,22.904057378503143,21.818557028811053,746014.0,285.0,7663890.0,-43000.0,0.0,0.0,7000.0,0.0,3.1
2016-12-27,21.818557028811053,21.92710706378026,22.03565709874947,21.818557028811053,265507.0,116.0,2683470.0,-3000.0,0.0,0.0,1000.0,0.0,3.1
2016-12-28,21.818557028811053,21.92710706378026,22.03565709874947,21.71000699384184,217131.0,103.0,2184260.0,1000.0,0.0,0.0,3000.0,0.0,3.1
2016-12-29,22.3613072036571,21.92710706378026,22.795507343533934,21.92710706378026,910011.0,358.0,9416162.0,9000.0,0.0,0.0,0.0,0.0,3.1
2016-12-30,23.22970748341077,22.3613072036571,23.663907623287606,22.3613072036571,2601859.0,921.0,27853844.0,-34000.0,0.0,0.0,-4000.0,0.0,3.09
2017-01-03,24.206657798133655,23.22970748341077,24.206657798133655,22.686957308564722,1834271.0,692.0,19850343.0,1000.0,0.0,0.0,0.0,0.0,3.09
2017-01-04,24.532307903041282,24.966508042918118,25.183608112856536,23.772457658256815,3579703.0,1114.0,40145862.0,-123000.0,0.0,0.0,-2000.0,0.0,3.02
2017-01-05,23.989557728195237,24.423757868072073,24.423757868072073,23.881007693226024,866682.0,360.0,9593751.0,-36000.0,0.0,0.0,-2000.0,0.0,3.0
2017-01-06,23.989557728195237,24.098107763164442,24.206657798133655,23.989557728195237,732808.0,281.0,8124588.0,-10000.0,0.0,0.0,4000.0,0.0,3.0
2017-01-09,23.663907623287606,23.989557728195237,24.423757868072073,23.663907623287606,1230448.0,398.0,13615801.0,-58000.0,0.0,0.0,0.0,0.0,2.97
2017-01-10,23.012607413472352,23.22970748341077,23.555357588318397,23.012607413472352,791637.0,270.0,8451649.0,25000.0,0.0,0.0,0.0,0.0,2.98
2017-01-11,22.686957308564722,23.12115744844156,23.12115744844156,22.686957308564722,593359.0,213.0,6244932.0,51000.0,0.0,0.0,0.0,0.0,3.01
2017-01-12,22.578407273595516,22.795507343533934,23.012607413472352,22.469857238626304,513927.0,188.0,5378040.0,53000.0,0.0,0.0,0.0,0.0,3.04
2017-01-13,23.12115744844156,22.578407273595516,23.446807553349192,22.578407273595516,827203.0,339.0,8813647.0,-3000.0,0.0,0.0,0.0,0.0,3.03
2017-01-16,23.33825751837998,23.12115744844156,23.555357588318397,22.795507343533934,776110.0,334.0,8316419.0,-71000.0,0.0,0.0,0.0,0.0,3.0
2017-01-17,23.012607413472352,23.12115744844156,23.22970748341077,23.012607413472352,292681.0,145.0,3114582.0,-10000.0,0.0,0.0,0.0,0.0,2.99
2017-01-18,22.904057378503143,22.904057378503143,23.22970748341077,22.795507343533934,319004.0,160.0,3370290.0,29000.0,0.0,0.0,-4000.0,0.0,3.01
2017-01-19,23.33825751837998,23.12115744844156,23.881007693226024,22.904057378503143,1256510.0,514.0,13665700.0,-20500.0,0.0,0.0,-1000.0,0.0,3.0
2017-01-20,23.012607413472352,23.22970748341077,23.33825751837998,22.904057378503143,444475.0,186.0,4733428.0,8000.0,0.0,0.0,4000.0,0.0,3.0
2017-01-23,23.012607413472352,23.22970748341077,23.22970748341077,22.904057378503143,297467.0,127.0,3150395.0,8000.0,0.0,0.0,0.0,0.0,3.0
2017-01-24,22.795507343533934,22.795507343533934,23.12115744844156,22.795507343533934,333275.0,153.0,3515971.0,0.0,0.0,0.0,0.0,0.0,3.0
2017-02-02,22.578407273595516,22.795507343533934,23.012607413472352,22.578407273595516,433150.0,174.0,4529653.0,25000.0,0.0,0.0,0.0,0.0,3.02
2017-02-03,23.012607413472352,22.578407273595516,23.012607413472352,22.578407273595516,491008.0,162.0,5163132.0,66000.0,0.0,0.0,0.0,0.0,3.05
2017-02-06,23.22970748341077,23.33825751837998,23.663907623287606,23.012607413472352,1543547.0,430.0,16652337.0,15000.0,0.0,0.0,-8000.0,0.0,3.06
2017-02-07,23.012607413472352,23.22970748341077,23.446807553349192,22.904057378503143,746557.0,282.0,7938120.0,-6000.0,0.0,0.0,0.0,0.0,3.06
2017-02-08,23.12115744844156,23.663907623287606,23.663907623287606,22.795507343533934,754233.0,236.0,8012786.0,13000.0,0.0,0.0,4000.0,0.0,3.06
2017-02-09,23.22970748341077,23.12115744844156,23.446807553349192,23.012607413472352,475990.0,193.0,5079982.0,-16000.0,0.0,0.0,-3000.0,0.0,3.05
2017-02-10,23.33825751837998,23.22970748341077,23.881007693226024,23.012607413472352,2307996.0,603.0,25036696.0,-33000.0,0.0,0.0,-1000.0,0.0,3.04
2017-02-13,23.12115744844156,23.22970748341077,23.446807553349192,23.012607413472352,420151.0,202.0,4482837.0,-8000.0,0.0,0.0,4000.0,0.0,3.03
2017-02-14,23.12115744844156,23.22970748341077,23.772457658256815,23.12115744844156,789143.0,294.0,8490460.0,15000.0,0.0,0.0,0.0,0.0,3.04
2017-02-15,23.22970748341077,23.12115744844156,23.33825751837998,23.12115744844156,340110.0,205.0,3634553.0,85000.0,0.0,0.0,0.0,0.0,3.09
2017-02-16,23.772457658256815,23.446807553349192,23.989557728195237,23.12115744844156,2744036.0,773.0,29939025.0,21000.0,0.0,0.0,1000.0,0.0,3.1
2017-02-17,23.663907623287606,23.772457658256815,23.881007693226024,23.555357588318397,625070.0,238.0,6827243.0,44000.0,0.0,0.0,0.0,0.0,3.12
2017-02-18,23.663907623287606,23.663907623287606,23.989557728195237,23.555357588318397,592314.0,202.0,6474887.0,0.0,0.0,0.0,-9000.0,0.0,3.12
2017-02-20,23.989557728195237,23.663907623287606,24.64085793801049,23.663907623287606,1854101.0,694.0,20697362.0,-29000.0,0.0,0.0,-4000.0,0.0,3.1
2017-02-21,24.206657798133655,23.989557728195237,24.532307903041282,23.772457658256815,2161251.0,762.0,24094129.0,10000.0,0.0,0.0,0.0,0.0,3.11
2017-02-22,24.206657798133655,24.31520783310286,24.423757868072073,23.989557728195237,950557.0,368.0,10605053.0,108000.0,0.0,0.0,6000.0,0.0,3.17
2017-02-23,24.31520783310286,24.31520783310286,24.532307903041282,23.989557728195237,960810.0,333.0,10746579.0,68000.0,0.0,0.0,10000.0,0.0,3.2
2017-02-24,23.989557728195237,24.966508042918118,24.966508042918118,23.989557728195237,811231.0,338.0,9097041.0,30000.0,0.0,0.0,4000.0,0.0,3.22
2017-03-01,23.555357588318397,24.098107763164442,24.098107763164442,23.33825751837998,705572.0,310.0,7677272.0,32000.0,0.0,0.0,0.0,0.0,3.23
2017-03-02,23.33825751837998,23.663907623287606,23.881007693226024,23.33825751837998,579607.0,212.0,6290837.0,-26000.0,0.0,0.0,0.0,0.0,3.22
2017-03-03,23.12115744844156,23.33825751837998,23.446807553349192,23.12115744844156,348548.0,147.0,3731780.0,22000.0,0.0,0.0,0.0,0.0,3.23
2017-03-06,23.12115744844156,23.446807553349192,23.446807553349192,23.12115744844156,214041.0,141.0,2288263.0,-5000.0,0.0,0.0,0.0,0.0,3.23
2017-03-07,23.33825751837998,23.12115744844156,23.881007693226024,23.12115744844156,1088323.0,315.0,11808136.0,-3000.0,0.0,0.0,-1000.0,0.0,3.23
2017-03-08,23.22970748341077,23.33825751837998,23.446807553349192,23.22970748341077,278780.0,133.0,2988791.0,-21000.0,0.0,0.0,0.0,0.0,3.22
2017-03-09,23.12115744844156,23.22970748341077,23.33825751837998,23.012607413472352,338259.0,176.0,3613257.0,-52000.0,0.0,0.0,0.0,0.0,3.19
2017-03-10,22.904057378503143,23.12115744844156,23.12115744844156,22.795507343533934,552011.0,205.0,5813610.0,-74000.0,0.0,0.0,1000.0,0.0,3.15
2017-03-13,23.22970748341077,22.904057378503143,24.206657798133655,22.904057378503143,1973240.0,881.0,21563113.0,5001.0,0.0,0.0,-9000.0,0.0,3.15
2017-03-14,23.33825751837998,23.33825751837998,23.555357588318397,23.22970748341077,339821.0,203.0,3656397.0,-17000.0,0.0,0.0,0.0,0.0,3.14
2017-03-15,23.12115744844156,23.12115744844156,23.446807553349192,23.12115744844156,396633.0,223.0,4243919.0,23000.0,0.0,0.0,2000.0,0.0,3.17
2017-03-16,23.22970748341077,23.22970748341077,23.33825751837998,23.012607413472352,333856.0,182.0,3564169.0,10000.0,0.0,0.0,2000.0,0.0,3.17
2017-03-17,23.22970748341077,23.22970748341077,23.446807553349192,23.12115744844156,580951.0,226.0,6216246.0,26000.0,0.0,0.0,0.0,0.0,3.19
2017-03-20,23.555357588318397,23.446807553349192,24.098107763164442,23.33825751837998,2005352.0,540.0,21935941.0,-5000.0,0.0,0.0,-1000.0,0.0,3.18
2017-03-21,23.33825751837998,23.881007693226024,23.881007693226024,23.33825751837998,554139.0,245.0,5990666.0,5000.0,0.0,0.0,0.0,0.0,3.19
2017-03-22,23.663907623287606,23.33825751837998,23.989557728195237,23.12115744844156,1709822.0,469.0,18684807.0,-29000.0,0.0,0.0,0.0,0.0,3.17
2017-03-23,24.098107763164442,23.881007693226024,24.7494079729797,23.663907623287606,2481688.0,979.0,27857693.0,-35999.0,0.0,0.0,-4000.0,0.0,3.15
2017-03-24,23.663907623287606,24.098107763164442,24.31520783310286,23.663907623287606,996673.0,564.0,11002255.0,10000.0,0.0,0.0,0.0,0.0,3.16
2017-03-27,23.12115744844156,23.663907623287606,23.663907623287606,23.012607413472352,851838.0,549.0,9152865.0,-30000.0,0.0,0.0,2000.0,0.0,3.14
2017-03-28,22.3613072036571,23.22970748341077,23.22970748341077,22.03565709874947,822423.0,427.0,8566477.0,-88000.0,0.0,0.0,1000.0,0.0,3.1
2017-03-29,22.469857238626304,22.469857238626304,22.686957308564722,22.3613072036571,262279.0,201.0,2721408.0,7000.0,0.0,0.0,0.0,0.0,3.1
2017-03-30,22.469857238626304,22.578407273595516,22.686957308564722,22.3613072036571,210473.0,243.0,2185028.0,-38000.0,0.0,0.0,0.0,0.0,3.08
2017-03-31,22.469857238626304,22.469857238626304,22.795507343533934,22.469857238626304,252411.0,276.0,2627883.0,42000.0,0.0,0.0,0.0,0.0,3.1
2017-04-05,22.578407273595516,22.469857238626304,22.904057378503143,22.469857238626304,269373.0,221.0,2802315.0,1000.0,0.0,0.0,1000.0,0.0,3.1
2017-04-06,23.33825751837998,22.578407273595516,23.663907623287606,22.578407273595516,1140892.0,550.0,12245950.0,1000.0,0.0,0.0,1000.0,0.0,3.1
2017-04-07,23.012607413472352,23.446807553349192,23.555357588318397,22.904057378503143,460987.0,222.0,4910925.0,-30000.0,0.0,0.0,-3000.0,0.0,3.09
2017-04-10,22.578407273595516,23.012607413472352,23.22970748341077,22.469857238626304,608506.0,407.0,6355999.0,-4000.0,0.0,0.0,2000.0,0.0,3.08
2017-04-11,22.686957308564722,22.578407273595516,22.904057378503143,22.578407273595516,300595.0,224.0,3147291.0,-52000.0,0.0,0.0,0.0,0.0,3.06
2017-04-12,22.578407273595516,22.795507343533934,22.904057378503143,22.578407273595516,380325.0,307.0,3980306.0,-1000.0,0.0,0.0,0.0,0.0,3.06
2017-04-13,22.686957308564722,22.686957308564722,22.904057378503143,22.578407273595516,236744.0,159.0,2476073.0,1.0,0.0,0.0,0.0,0.0,3.06
2017-04-14,21.818557028811053,22.795507343533934,22.795507343533934,21.71000699384184,757233.0,244.0,7749700.0,-2000.0,0.0,0.0,0.0,0.0,3.06
2017-04-17,22.03565709874947,21.818557028811053,22.3613072036571,21.60145695887263,1637986.0,394.0,16607156.0,46000.0,0.0,0.0,1000.0,0.0,3.08
2017-04-18,22.25275716868789,22.144207133718677,22.3613072036571,21.92710706378026,260373.0,116.0,2652302.0,-2000.0,0.0,0.0,0.0,0.0,3.08
2017-04-19,21.71000699384184,22.144207133718677,22.469857238626304,21.71000699384184,392021.0,151.0,3960410.0,-22000.0,0.0,0.0,-3000.0,0.0,3.07
2017-04-20,21.623166965866478,21.71000699384184,21.92710706378026,21.623166965866478,228090.0,107.0,2283082.0,9000.0,0.0,0.0,2000.0,0.0,3.07
2017-04-21,23.12115744844156,21.71000699384184,23.555357588318397,21.71000699384184,2696008.0,985.0,28548427.0,28000.0,0.0,0.0,-2000.0,0.0,3.09
2017-04-24,22.578407273595516,23.33825751837998,23.33825751837998,22.578407273595516,834632.0,261.0,8794588.0,16000.0,0.0,0.0,1000.0,0.0,3.1
2017-04-25,22.686957308564722,22.904057378503143,22.904057378503143,22.469857238626304,388561.0,155.0,4051731.0,-2000.0,0.0,0.0,0.0,0.0,3.09
2017-04-26,22.686957308564722,23.012607413472352,23.012607413472352,22.469857238626304,297567.0,136.0,3099843.0,10000.0,0.0,0.0,0.0,0.0,3.1
2017-04-27,22.686957308564722,22.686957308564722,23.446807553349192,22.578407273595516,1050510.0,345.0,11142951.0,-17000.0,0.0,0.0,-4000.0,0.0,3.09
2017-04-28,22.469857238626304,22.795507343533934,23.012607413472352,22.469857238626304,280181.0,133.0,2925621.0,-2000.0,0.0,0.0,0.0,0.0,3.09
2017-05-02,22.469857238626304,22.578407273595516,22.686957308564722,22.25275716868789,293344.0,125.0,3044491.0,17000.0,0.0,0.0,0.0,0.0,3.1
2017-05-03,22.3613072036571,22.469857238626304,22.686957308564722,22.3613072036571,247106.0,103.0,2556536.0,6000.0,0.0,0.0,0.0,0.0,3.1
2017-05-04,22.686957308564722,22.3613072036571,22.795507343533934,22.3613072036571,558465.0,172.0,5826633.0,17000.0,0.0,0.0,0.0,0.0,3.11
2017-05-05,23.12115744844156,22.795507343533934,23.555357588318397,22.795507343533934,2452010.0,756.0,26211754.0,-51000.0,0.0,0.0,0.0,0.0,3.08
2017-05-08,22.469857238626304,22.904057378503143,23.012607413472352,22.469857238626304,443726.0,198.0,4628525.0,-19000.0,0.0,0.0,0.0,0.0,3.07
2017-05-09,21.71000699384184,22.469857238626304,22.469857238626304,21.60145695887263,871954.0,318.0,8794865.0,18000.0,0.0,0.0,6000.0,0.0,3.08
2017-05-10,21.71000699384184,21.818557028811053,21.92710706378026,21.71000699384184,314404.0,133.0,3161971.0,-45000.0,0.0,0.0,0.0,0.0,3.06
2017-05-11,21.71000699384184,21.818557028811053,21.92710706378026,21.66658697985416,464969.0,154.0,4654527.0,2000.0,0.0,0.0,0.0,0.0,3.06
2017-05-12,21.92710706378026,21.92710706378026,22.144207133718677,21.60145695887263,304770.0,140.0,3064977.0,6000.0,0.0,0.0,-3000.0,0.0,3.06
2017-05-15,21.71000699384184,21.71000699384184,21.818557028811053,21.688296986848002,187552.0,83.0,1880166.0,-24000.0,0.0,0.0,0.0,0.0,3.05
2017-05-16,21.818557028811053,21.818557028811053,21.92710706378026,21.71000699384184,211456.0,85.0,2125380.0,29000.0,0.0,0.0,1000.0,0.0,3.07
2017-05-17,21.71000699384184,21.92710706378026,21.92710706378026,21.71000699384184,155222.0,73.0,1555720.0,-4000.0,0.0,0.0,0.0,0.0,3.06
2017-05-18,21.623166965866478,21.471196916909584,21.818557028811053,21.471196916909584,257297.0,101.0,2564103.0,48000.0,0.0,0.0,-1000.0,0.0,3.08
2017-05-19,22.144207133718677,21.71000699384184,22.25275716868789,21.644876972860317,692090.0,180.0,7026453.0,-2000.0,0.0,0.0,0.0,0.0,3.08
2017-05-22,22.03565709874947,22.3613072036571,22.3613072036571,21.92710706378026,173615.0,82.0,1762809.0,-34000.0,0.0,0.0,0.0,0.0,3.06
2017-05-23,21.92710706378026,22.03565709874947,22.144207133718677,21.92710706378026,295220.0,71.0,2988509.0,41000.0,0.0,0.0,0.0,0.0,3.08
2017-05-24,22.3613072036571,21.92710706378026,22.469857238626304,21.92710706378026,983200.0,396.0,10136508.0,17000.0,0.0,0.0,-2000.0,0.0,3.09
2017-05-25,22.03565709874947,22.3613072036571,22.469857238626304,22.03565709874947,589202.0,171.0,6019498.0,107000.0,0.0,0.0,3000.0,0.0,3.15
2017-05-26,22.25275716868789,22.144207133718677,22.469857238626304,22.03565709874947,248384.0,98.0,2539984.0,21000.0,0.0,0.0,0.0,0.0,3.16
2017-05-31,21.92710706378026,22.25275716868789,22.3613072036571,21.818557028811053,414477.0,107.0,4201067.0,32000.0,0.0,0.0,0.0,0.0,3.18
2017-06-01,22.469857238626304,22.03565709874947,22.578407273595516,21.92710706378026,746601.0,182.0,7657137.0,52000.0,0.0,0.0,-4000.0,0.0,3.2
2017-06-02,22.904057378503143,22.686957308564722,23.22970748341077,22.686957308564722,3724731.0,690.0,39393523.0,-72000.0,0.0,0.0,-1000.0,0.0,3.17
2017-06-03,22.686957308564722,22.795507343533934,22.904057378503143,22.578407273595516,400793.0,164.0,4192046.0,0.0,0.0,0.0,0.0,0.0,3.17
2017-06-05,23.663907623287606,22.686957308564722,24.206657798133655,22.686957308564722,3310682.0,1091.0,35852293.0,18000.0,0.0,0.0,0.0,0.0,3.18
2017-06-06,24.532307903041282,24.532307903041282,24.7494079729797,23.989557728195237,3662965.0,1033.0,41004505.0,-118000.0,0.0,0.0,-2000.0,0.0,3.12
2017-06-07,24.423757868072073,24.532307903041282,24.532307903041282,23.555357588318397,1918945.0,585.0,21267481.0,-33000.0,0.0,0.0,2000.0,0.0,3.1
2017-06-08,24.532307903041282,24.423757868072073,24.966508042918118,23.989557728195237,4083588.0,1261.0,46407263.0,-7000.0,0.0,0.0,0.0,0.0,3.1
2017-06-09,24.532307903041282,24.64085793801049,25.292158147825745,24.31520783310286,4044922.0,1371.0,46379568.0,-16000.0,0.0,0.0,-3000.0,0.0,3.09
2017-06-12,24.31520783310286,24.31520783310286,25.075058077887327,24.206657798133655,1684643.0,473.0,19105867.0,44000.0,0.0,0.0,92000.0,0.0,3.11
2017-06-13,24.098107763164442,24.31520783310286,24.64085793801049,23.989557728195237,944864.0,352.0,10558745.0,17000.0,0.0,0.0,-1000.0,0.0,3.12
2017-06-14,23.772457658256815,24.098107763164442,24.423757868072073,23.555357588318397,819032.0,286.0,9016152.0,7000.0,0.0,0.0,4000.0,0.0,3.12
2017-06-15,23.446807553349192,23.881007693226024,23.881007693226024,23.446807553349192,575603.0,200.0,6260432.0,164000.0,0.0,0.0,0.0,0.0,3.21
2017-06-16,24.206657798133655,23.555357588318397,24.423757868072073,23.555357588318397,775687.0,272.0,8604574.0,49000.0,0.0,0.0,4000.0,0.0,3.24
2017-06-19,24.857958007948906,24.532307903041282,26.486208532487044,24.423757868072073,8190584.0,2834.0,96900551.0,163000.0,0.0,0.0,-8000.0,0.0,3.32
2017-06-20,24.098107763164442,25.075058077887327,25.183608112856536,24.098107763164442,2158666.0,761.0,24555290.0,-71000.0,0.0,0.0,6000.0,0.0,3.29
2017-06-21,24.206657798133655,24.098107763164442,24.532307903041282,24.098107763164442,1035479.0,419.0,11566488.0,75000.0,0.0,0.0,18000.0,0.0,3.32
2017-06-22,24.098107763164442,24.31520783310286,24.532307903041282,24.098107763164442,567583.0,261.0,6348870.0,-5000.0,0.0,0.0,0.0,0.0,3.32
2017-06-23,23.989557728195237,24.206657798133655,24.31520783310286,23.989557728195237,476066.0,176.0,5278876.0,-12000.0,0.0,0.0,0.0,0.0,3.32
2017-06-26,23.772457658256815,24.098107763164442,24.31520783310286,23.772457658256815,709194.0,270.0,7836066.0,-6000.0,0.0,0.0,14000.0,0.0,3.31
2017-06-27,23.555357588318397,23.989557728195237,23.989557728195237,23.555357588318397,854156.0,298.0,9314290.0,39000.0,0.0,0.0,2000.0,0.0,3.33
2017-06-28,23.555357588318397,23.555357588318397,24.206657798133655,23.555357588318397,672329.0,265.0,7367216.0,34000.0,0.0,0.0,-2000.0,0.0,3.35
2017-06-29,23.22970748341077,23.772457658256815,23.881007693226024,23.22970748341077,991223.0,284.0,10749433.0,6000.0,0.0,0.0,1000.0,0.0,3.35
2017-06-30,23.446807553349192,23.22970748341077,23.555357588318397,23.22970748341077,388000.0,157.0,4167648.0,-20000.0,0.0,0.0,0.0,0.0,3.34
2017-07-03,23.33825751837998,23.446807553349192,23.555357588318397,23.33825751837998,298010.0,120.0,3215706.0,-53000.0,0.0,0.0,0.0,0.0,3.32
2017-07-04,23.772457658256815,23.446807553349192,23.989557728195237,23.446807553349192,1335705.0,554.0,14649376.0,-101000.0,0.0,0.0,-5000.0,0.0,3.26
2017-07-05,23.446807553349192,23.772457658256815,23.989557728195237,23.33825751837998,576757.0,236.0,6254323.0,-64000.0,0.0,0.0,0.0,0.0,3.28
2017-07-06,23.446807553349192,23.446807553349192,23.555357588318397,23.12115744844156,508164.0,180.0,5452754.0,9000.0,0.0,0.0,0.0,0.0,3.28
2017-07-07,23.012607413472352,23.446807553349192,23.446807553349192,23.012607413472352,524120.0,221.0,5587130.0,1000.0,0.0,0.0,6000.0,0.0,3.28
2017-07-10,23.01260741347235,23.34135894795053,23.34135894795053,23.01260741347235,344453.0,153.0,3637205.0,-41000.0,0.0,0.0,-10000.0,0.0,3.26
2017-07-11,22.574272034168114,23.01260741347235,23.231775103124466,22.574272034168114,717506.0,243.0,7480060.0,-19000.0,0.0,0.0,2000.0,0.0,3.25
2017-07-12,22.683855878994173,22.574272034168114,22.90302356864629,22.574272034168114,343003.0,153.0,3554777.0,-8000.0,0.0,0.0,-5000.0,0.0,3.24
2017-07-13,23.01260741347235,22.79343972382023,23.12219125829841,22.574272034168114,423792.0,172.0,4409685.0,-1000.0,0.0,0.0,-94000.0,0.0,3.24
2017-07-14,22.90302356864629,23.12219125829841,23.12219125829841,22.90302356864629,258129.0,103.0,2704647.0,28000.0,0.0,0.0,-2000.0,0.0,3.26
2017-07-17,22.90302356864629,23.01260741347235,23.231775103124466,22.90302356864629,307754.0,110.0,3228641.0,-8000.0,0.0,0.0,0.0,0.0,3.25
2017-07-18,23.670110482428704,22.90302356864629,23.998862016906877,22.90302356864629,2252339.0,803.0,24323856.0,-13000.0,0.0,0.0,-6000.0,0.0,3.25
2017-07-19,23.34135894795053,23.670110482428704,23.670110482428704,23.34135894795053,437009.0,184.0,4685894.0,-10000.0,0.0,0.0,0.0,0.0,3.24
2017-07-20,23.34135894795053,23.34135894795053,23.670110482428704,23.34135894795053,430259.0,155.0,4601806.0,15000.0,0.0,0.0,0.0,0.0,3.25
2017-07-21,23.231775103124466,23.34135894795053,23.560526637602642,23.12219125829841,297071.0,126.0,3160551.0,-11000.0,0.0,0.0,0.0,0.0,3.24
2017-07-24,23.12219125829841,23.231775103124466,23.34135894795053,23.12219125829841,187197.0,95.0,1980118.0,-14000.0,0.0,0.0,0.0,0.0,3.24
2017-07-25,22.90302356864629,23.12219125829841,23.231775103124466,22.79343972382023,487662.0,176.0,5111665.0,-2000.0,0.0,0.0,2000.0,0.0,3.23
2017-07-26,22.683855878994173,22.90302356864629,23.12219125829841,22.683855878994173,799197.0,277.0,8350678.0,61000.0,0.0,0.0,0.0,0.0,3.27
2017-07-27,22.79343972382023,22.79343972382023,22.90302356864629,22.683855878994173,460147.0,155.0,4782826.0,42000.0,0.0,0.0,0.0,0.0,3.29
2017-07-28,22.683855878994173,22.79343972382023,22.90302356864629,22.683855878994173,301041.0,118.0,3124922.0,52000.0,0.0,0.0,0.0,0.0,3.32
2017-07-31,23.12219125829841,22.683855878994173,23.34135894795053,22.683855878994173,1179262.0,319.0,12464599.0,99000.0,0.0,0.0,0.0,0.0,3.37
2017-08-01,23.12219125829841,23.12219125829841,23.12219125829841,22.90302356864629,328290.0,130.0,3443858.0,37000.0,0.0,0.0,0.0,0.0,3.39
2017-08-02,23.12219125829841,23.12219125829841,23.34135894795053,23.01260741347235,318979.0,155.0,3374928.0,115000.0,0.0,0.0,0.0,0.0,3.45
2017-08-03,23.450942792776583,23.01260741347235,23.560526637602642,23.01260741347235,633030.0,249.0,6755267.0,46000.0,0.0,0.0,-1000.0,0.0,3.47
2017-08-04,23.560526637602642,23.450942792776583,23.77969432725476,23.450942792776583,591073.0,255.0,6379326.0,55000.0,0.0,0.0,-1000.0,0.0,3.5
2017-08-07,23.88927817208082,23.560526637602642,24.10844586173294,23.34135894795053,1982888.0,497.0,21658383.0,83000.0,0.0,0.0,-1000.0,0.0,3.54
2017-08-08,24.437197396211115,23.998862016906877,24.656365085863232,23.560526637602642,7787674.0,1210.0,86749477.0,-54000.0,0.0,0.0,0.0,0.0,3.51
2017-08-09,23.670110482428704,24.218029706558998,24.218029706558998,23.560526637602642,1303277.0,486.0,14229075.0,-61000.0,0.0,0.0,0.0,0.0,3.48
2017-08-10,22.90302356864629,23.560526637602642,23.670110482428704,22.90302356864629,873415.0,312.0,9233615.0,-151000.0,0.0,0.0,1000.0,0.0,3.4
2017-08-11,22.90302356864629,22.683855878994173,23.01260741347235,22.683855878994173,425231.0,152.0,4438252.0,-29000.0,0.0,0.0,0.0,0.0,3.39
2017-08-14,22.13593665486388,22.90302356864629,22.90302356864629,22.13593665486388,764046.0,241.0,7875213.0,-90000.0,0.0,0.0,0.0,0.0,3.34
2017-08-15,22.574272034168114,22.24552049968994,22.79343972382023,22.24552049968994,354927.0,151.0,3631896.0,9000.0,0.0,0.0,-3000.0,0.0,3.35
2017-08-16,22.683855878994173,22.574272034168114,22.90302356864629,22.464688189342056,261282.0,109.0,2704704.0,53000.0,0.0,0.0,-4000.0,0.0,3.37
2017-08-17,22.683855878994173,22.683855878994173,22.90302356864629,22.574272034168114,412525.0,150.0,4279355.0,25000.0,0.0,0.0,-1000.0,0.0,3.39
2017-08-18,22.79343972382023,22.574272034168114,22.90302356864629,22.574272034168114,273190.0,116.0,2846026.0,-9000.0,0.0,0.0,0.0,0.0,3.38
2017-08-21,24.10844586173294,22.79343972382023,24.327613551385053,22.79343972382023,2780885.0,1001.0,30259285.0,-21000.0,0.0,0.0,16000.0,0.0,3.37
2017-08-22,23.77969432725476,24.10844586173294,24.10844586173294,23.670110482428704,1042206.0,376.0,11325518.0,40000.0,0.0,0.0,-16000.0,0.0,3.39
2017-08-23,23.77969432725476,24.10844586173294,24.327613551385053,23.77969432725476,649167.0,236.0,7103058.0,38000.0,0.0,0.0,-9000.0,0.0,3.41
2017-08-24,24.437197396211115,23.77969432725476,24.76594893068929,23.77969432725476,2377155.0,650.0,26542768.0,28000.0,0.0,0.0,0.0,0.0,3.43
2017-08-25,23.88927817208082,24.437197396211115,24.437197396211115,23.77969432725476,629212.0,255.0,6898397.0,4000.0,0.0,0.0,-5000.0,0.0,3.43
2017-08-28,23.670110482428704,23.88927817208082,23.998862016906877,23.670110482428704,598235.0,185.0,6488586.0,41000.0,0.0,0.0,0.0,0.0,3.45
2017-08-29,24.10844586173294,23.88927817208082,24.327613551385053,23.670110482428704,845590.0,323.0,9282527.0,12000.0,0.0,0.0,4000.0,0.0,3.46
2017-08-30,24.218029706558998,24.437197396211115,25.5330358444717,23.998862016906877,2413735.0,836.0,27274835.0,70000.0,0.0,0.0,0.0,0.0,3.49
2017-08-31,23.88927817208082,24.327613551385053,24.327613551385053,23.88927817208082,721633.0,284.0,7923647.0,60000.0,0.0,0.0,0.0,0.0,3.52
2017-09-01,23.998862016906877,24.10844586173294,24.327613551385053,23.998862016906877,614321.0,237.0,6755097.0,76000.0,0.0,0.0,0.0,0.0,3.56
2017-09-04,24.10844586173294,23.998862016906877,24.656365085863232,23.88927817208082,806564.0,300.0,8944095.0,-7000.0,0.0,0.0,0.0,0.0,3.56
2017-09-05,26.51929044790623,24.54678124103717,26.51929044790623,24.54678124103717,6722435.0,1779.0,79570356.0,-17000.0,0.0,0.0,-4000.0,0.0,3.56
2017-09-06,26.957625827210467,27.395961206514702,28.163048120297113,25.75220353412382,12085184.0,3521.0,149099600.0,-123000.0,0.0,0.0,0.0,0.0,3.53
2017-09-07,27.834296585818937,27.61512889616682,28.49179965477529,26.51929044790623,8738656.0,2808.0,110561810.0,-29000.0,0.0,0.0,-1000.0,0.0,3.53
2017-09-08,27.834296585818937,28.053464275471057,29.2588865685577,27.50554505134076,8766003.0,2557.0,113691733.0,0.0,0.0,0.0,-1000.0,0.0,3.53
2017-09-11,27.943880430644995,27.834296585818937,27.943880430644995,27.067209672036526,3109759.0,896.0,38953962.0,73000.0,0.0,0.0,0.0,0.0,3.57
2017-09-12,27.943880430644995,28.930135034079523,29.149302723731644,27.834296585818937,5114799.0,1671.0,66533444.0,-140000.0,0.0,0.0,6000.0,0.0,3.5
2017-09-13,27.50554505134076,28.053464275471057,28.053464275471057,27.395961206514702,1687789.0,610.0,21274549.0,66000.0,0.0,0.0,8000.0,0.0,3.53
2017-09-14,27.61512889616682,27.61512889616682,28.49179965477529,27.50554505134076,1953573.0,628.0,24908765.0,39000.0,0.0,0.0,1000.0,0.0,3.55
2017-09-15,27.61512889616682,27.834296585818937,28.053464275471057,27.50554505134076,1006922.0,343.0,12734864.0,32000.0,0.0,0.0,1000.0,0.0,3.57
2017-09-18,27.834296585818937,27.61512889616682,28.49179965477529,27.50554505134076,4371021.0,984.0,56181315.0,5000.0,0.0,0.0,0.0,0.0,3.57
2017-09-19,27.724712740992878,27.834296585818937,28.272631965123175,27.61512889616682,1163598.0,401.0,14835861.0,51000.0,0.0,0.0,-6000.0,0.0,3.6
2017-09-20,28.930135034079523,27.943880430644995,28.930135034079523,27.395961206514702,6288219.0,1757.0,81550916.0,62000.0,0.0,0.0,1000.0,0.0,3.63
2017-09-21,28.38221580994923,30.135557327166172,30.135557327166172,28.163048120297113,6510567.0,2181.0,87139461.0,-83000.0,0.0,0.0,0.0,0.0,3.59
2017-09-22,27.395961206514702,28.49179965477529,28.49179965477529,27.395961206514702,2002491.0,670.0,25489287.0,6000.0,0.0,0.0,0.0,0.0,3.59
2017-09-25,28.49179965477529,27.395961206514702,28.49179965477529,26.62887429273229,5333904.0,1335.0,67377658.0,-42000.0,0.0,0.0,-4000.0,0.0,3.57
2017-09-26,27.50554505134076,28.49179965477529,28.930135034079523,27.395961206514702,2922872.0,999.0,37734336.0,-122000.0,0.0,0.0,7000.0,0.0,3.52
2017-09-27,27.28637736168864,27.61512889616682,27.943880430644995,27.28637736168864,1070627.0,381.0,13486902.0,39000.0,0.0,0.0,74000.0,0.0,3.54
2017-09-28,27.50554505134076,27.834296585818937,28.053464275471057,27.395961206514702,811020.0,290.0,10241900.0,-18000.0,0.0,0.0,-2000.0,0.0,3.53
2017-09-29,26.51929044790623,27.834296585818937,27.834296585818937,26.300122758254112,1685902.0,541.0,20676362.0,-26000.0,0.0,0.0,4000.0,0.0,3.53
2017-09-30,26.738458137558347,26.738458137558347,26.957625827210467,26.62887429273229,625918.0,234.0,7643906.0,0.0,0.0,0.0,0.0,0.0,3.53
2017-10-02,27.176793516862585,26.957625827210467,27.724712740992878,26.84804198238441,712607.0,268.0,8907044.0,76000.0,0.0,0.0,-73000.0,0.0,3.57
2017-10-03,26.957625827210467,27.50554505134076,27.50554505134076,26.957625827210467,654211.0,259.0,8107283.0,10000.0,0.0,0.0,3000.0,0.0,3.57
2017-10-05,27.067209672036526,27.395961206514702,27.395961206514702,26.957625827210467,528270.0,187.0,6551684.0,40000.0,0.0,0.0,0.0,0.0,3.59
2017-10-06,26.409706603080174,26.957625827210467,27.834296585818937,26.409706603080174,2617161.0,689.0,32392832.0,-138000.0,0.0,0.0,2000.0,0.0,3.52
2017-10-11,25.75220353412382,26.51929044790623,26.51929044790623,25.75220353412382,852195.0,356.0,10113878.0,33000.0,0.0,0.0,3000.0,0.0,3.54
2017-10-12,25.64261968929776,25.64261968929776,25.86178737894988,25.5330358444717,668113.0,291.0,7836366.0,52000.0,0.0,0.0,0.0,0.0,3.57
2017-10-13,26.080955068601998,25.86178737894988,26.409706603080174,25.75220353412382,516201.0,221.0,6150289.0,-1000.0,0.0,0.0,-2000.0,0.0,3.57
2017-10-16,26.51929044790623,26.190538913428053,26.62887429273229,25.86178737894988,2320480.0,482.0,27986960.0,-37000.0,0.0,0.0,-4000.0,0.0,3.55
2017-10-17,25.86178737894988,26.409706603080174,26.62887429273229,25.86178737894988,775413.0,258.0,9256320.0,-38000.0,0.0,0.0,1000.0,0.0,3.54
2017-10-18,25.64261968929776,25.86178737894988,26.080955068601998,25.64261968929776,420014.0,172.0,4950210.0,-12000.0,0.0,0.0,0.0,0.0,3.54
2017-10-19,25.86178737894988,25.86178737894988,26.080955068601998,25.75220353412382,476040.0,163.0,5626219.0,6000.0,0.0,0.0,7000.0,0.0,3.54
2017-10-20,26.957625827210467,26.300122758254112,27.28637736168864,26.300122758254112,2601791.0,1065.0,31956036.0,12000.0,0.0,0.0,-3000.0,0.0,3.55
2017-10-23,27.943880430644995,27.067209672036526,27.943880430644995,26.738458137558347,1597173.0,496.0,19897682.0,8000.0,0.0,0.0,0.0,0.0,3.55
2017-10-24,29.149302723731644,29.2588865685577,29.806805792687996,28.710967344427406,7572053.0,2428.0,100934490.0,-90000.0,0.0,0.0,-10000.0,0.0,3.53
2017-10-25,28.163048120297113,28.930135034079523,29.149302723731644,28.163048120297113,2180193.0,785.0,28330868.0,24000.0,0.0,0.0,0.0,0.0,3.55
2017-10-26,28.163048120297113,28.163048120297113,28.820551189253468,28.163048120297113,953924.0,348.0,12349622.0,23000.0,0.0,0.0,0.0,0.0,3.56
2017-10-27,26.957625827210467,28.272631965123175,28.60138349960135,26.957625827210467,1810521.0,662.0,22975507.0,45000.0,0.0,0.0,4000.0,0.0,3.58
2017-10-30,27.176793516862585,27.176793516862585,27.50554505134076,26.738458137558347,1007866.0,357.0,12465792.0,36000.0,0.0,0.0,-14000.0,0.0,3.6
2017-10-31,28.60138349960135,27.176793516862585,29.149302723731644,27.176793516862585,3788836.0,1487.0,49355767.0,71000.0,0.0,0.0,0.0,0.0,3.64
2017-11-01,28.272631965123175,28.272631965123175,28.60138349960135,28.163048120297113,1105130.0,401.0,14290571.0,99000.0,0.0,0.0,5000.0,0.0,3.69
2017-11-02,28.49179965477529,28.272631965123175,28.930135034079523,28.272631965123175,1544462.0,525.0,20141930.0,86000.0,0.0,0.0,0.0,0.0,3.73
2017-11-03,28.710967344427406,28.930135034079523,29.58763810303588,28.60138349960135,2239120.0,832.0,29757961.0,33000.0,0.0,0.0,-5000.0,0.0,3.75
2017-11-06,27.943880430644995,28.60138349960135,28.60138349960135,27.943880430644995,1430805.0,529.0,18434450.0,82000.0,0.0,0.0,2000.0,0.0,3.79
2017-11-07,28.053464275471057,28.053464275471057,28.38221580994923,28.053464275471057,855328.0,263.0,10989998.0,168000.0,0.0,0.0,0.0,0.0,3.88
2017-11-08,30.793060396122527,28.60138349960135,30.793060396122527,28.60138349960135,12327982.0,3010.0,170556188.0,747000.0,0.0,0.0,-2000.0,0.0,4.27
2017-11-09,31.998482689209172,31.998482689209172,33.86140805125217,31.34097962025282,25265973.0,7855.0,373887752.0,-594000.0,0.0,0.0,-2000.0,0.0,3.96
2017-11-10,33.64224036160005,31.779314999557055,33.97099189607823,31.669731154730993,15950640.0,5426.0,240846463.0,415000.0,0.0,0.0,0.0,0.0,4.17
2017-11-13,32.546401913339466,34.8476626546867,36.162668792599405,32.546401913339466,19564335.0,6595.0,307754052.0,-375000.0,0.0,0.0,0.0,0.0,4.1
2017-11-14,30.35472501681829,32.32723422368735,33.31348882712187,29.806805792687996,10184291.0,3376.0,145458112.0,515000.0,0.0,0.0,7000.0,0.0,4.26
2017-11-15,30.683476551296465,30.683476551296465,31.34097962025282,30.025973482340113,3960990.0,1440.0,55266106.0,-382000.0,0.0,0.0,2000.0,0.0,4.12
2017-11-16,31.23139577542676,30.683476551296465,32.32723422368735,30.135557327166172,7227303.0,2559.0,103684751.0,-447000.0,0.0,0.0,0.0,0.0,3.92
2017-11-17,30.245141171992234,31.23139577542676,31.669731154730993,30.245141171992234,3707047.0,1347.0,52020892.0,-431000.0,0.0,0.0,0.0,0.0,3.86
2017-11-20,29.039718878905585,30.135557327166172,30.35472501681829,29.039718878905585,4265765.0,1357.0,57352230.0,238000.0,0.0,0.0,1000.0,0.0,4.0
2017-11-21,29.2588865685577,29.36847041338376,29.916389637514055,28.930135034079523,2900396.0,934.0,38889584.0,-113000.0,0.0,0.0,-1000.0,0.0,3.96
2017-11-22,28.60138349960135,29.58763810303588,29.697221947861937,28.60138349960135,3418382.0,1102.0,45520782.0,-575000.0,0.0,0.0,1000.0,0.0,3.84
2017-11-23,29.36847041338376,28.930135034079523,29.58763810303588,28.49179965477529,2147201.0,815.0,28557230.0,-220000.0,0.0,0.0,-3000.0,0.0,3.73
2017-11-24,30.683476551296465,29.697221947861937,31.23139577542676,29.697221947861937,9862480.0,3016.0,138105120.0,-734000.0,0.0,0.0,-2000.0,0.0,3.38
2017-11-27,29.806805792687996,30.573892706470406,30.573892706470406,29.697221947861937,2601000.0,936.0,35741448.0,-239000.0,0.0,0.0,-1000.0,0.0,3.4
2017-11-28,31.012228085774645,29.916389637514055,31.669731154730993,29.916389637514055,7305649.0,2186.0,103224700.0,-183000.0,0.0,0.0,-1000.0,0.0,3.37
2017-11-29,31.1218119306007,31.1218119306007,31.560147309904938,30.35472501681829,3125063.0,1068.0,44011081.0,-261000.0,0.0,0.0,0.0,0.0,3.25
2017-11-30,29.58763810303588,31.1218119306007,31.1218119306007,29.58763810303588,2770857.0,940.0,38155504.0,0.0,0.0,0.0,2000.0,0.0,3.25
2017-12-01,28.60138349960135,29.806805792687996,30.245141171992234,28.053464275471057,3074300.0,1026.0,40539328.0,51000.0,0.0,0.0,1000.0,0.0,3.31
2017-12-04,28.930135034079523,29.149302723731644,30.025973482340113,28.60138349960135,3334386.0,1009.0,44662873.0,-40000.0,0.0,0.0,-1000.0,0.0,3.3
2017-12-05,28.272631965123175,28.930135034079523,29.2588865685577,28.163048120297113,1533174.0,509.0,20062412.0,-131000.0,0.0,0.0,2000.0,0.0,3.25
2017-12-06,27.28637736168864,28.60138349960135,28.710967344427406,27.28637736168864,1843110.0,688.0,23397680.0,-2000.0,0.0,0.0,2000.0,0.0,3.26
2017-12-07,26.62887429273229,27.61512889616682,27.61512889616682,26.62887429273229,1884028.0,606.0,23181735.0,134000.0,0.0,0.0,0.0,0.0,3.35
2017-12-08,27.067209672036526,27.28637736168864,27.28637736168864,26.738458137558347,804048.0,336.0,9913644.0,34000.0,0.0,0.0,0.0,0.0,3.38
2017-12-11,27.50554505134076,27.50554505134076,27.834296585818937,27.28637736168864,709733.0,297.0,8911212.0,-30000.0,0.0,0.0,0.0,0.0,3.36
2017-12-12,27.395961206514702,28.053464275471057,28.053464275471057,27.395961206514702,724080.0,249.0,9128354.0,-24000.0,0.0,0.0,0.0,0.0,3.35
2017-12-13,27.395961206514702,27.50554505134076,27.724712740992878,27.395961206514702,590209.0,222.0,7428248.0,28000.0,0.0,0.0,0.0,0.0,3.37
2017-12-14,27.176793516862585,27.61512889616682,27.834296585818937,27.176793516862585,767610.0,266.0,9636575.0,4000.0,0.0,0.0,2000.0,0.0,3.37
2017-12-15,27.724712740992878,27.395961206514702,28.820551189253468,27.28637736168864,4127216.0,1522.0,53102140.0,137000.0,0.0,0.0,1000.0,0.0,3.44
2017-12-18,30.464308861644348,28.49179965477529,30.464308861644348,28.49179965477529,5658294.0,2053.0,76262632.0,893000.0,0.0,0.0,-2000.0,0.0,3.91
2017-12-19,30.245141171992234,30.573892706470406,31.450563465078876,30.025973482340113,8043629.0,2949.0,112856524.0,-699000.0,0.0,0.0,1000.0,0.0,3.63
2017-12-20,29.916389637514055,30.025973482340113,30.573892706470406,29.806805792687996,2702547.0,929.0,37203592.0,14000.0,0.0,0.0,1000.0,0.0,3.65
2017-12-21,30.135557327166172,29.916389637514055,30.902644240948582,29.916389637514055,3561101.0,1081.0,49517846.0,75000.0,0.0,0.0,37000.0,0.0,3.69
2017-12-22,30.025973482340113,30.245141171992234,30.464308861644348,30.025973482340113,1238407.0,480.0,17063974.0,-29000.0,0.0,0.0,0.0,0.0,3.7
2017-12-25,30.683476551296465,30.025973482340113,31.34097962025282,29.478054258209816,5209505.0,1584.0,72431940.0,-86000.0,0.0,0.0,0.0,0.0,3.69
2017-12-26,29.58763810303588,30.464308861644348,30.793060396122527,29.58763810303588,1821225.0,707.0,25020635.0,-130000.0,0.0,0.0,-22000.0,0.0,3.63
2017-12-27,30.025973482340113,29.697221947861937,30.573892706470406,29.478054258209816,2548005.0,982.0,34939215.0,-68000.0,0.0,0.0,0.0,0.0,3.59
2017-12-28,29.697221947861937,29.916389637514055,30.464308861644348,29.697221947861937,1526310.0,542.0,20941947.0,-9000.0,0.0,0.0,44000.0,0.0,3.6
2017-12-29,29.806805792687996,30.135557327166172,30.135557327166172,29.697221947861937,932271.0,412.0,12692366.0,120000.0,0.0,0.0,0.0,0.0,3.68
2018-01-02,30.793060396122527,30.245141171992234,31.34097962025282,30.025973482340113,5208879.0,1730.0,73301858.0,-48000.0,0.0,0.0,36000.0,0.0,3.68
2018-01-03,31.888898844383114,30.683476551296465,31.888898844383114,30.573892706470406,6656948.0,2326.0,95513939.0,6000.0,0.0,0.0,-15000.0,0.0,3.69
2018-01-04,31.34097962025282,31.998482689209172,32.43681806851341,31.34097962025282,3225704.0,1206.0,46600613.0,-142000.0,0.0,0.0,-1000.0,0.0,3.62
2018-01-05,30.902644240948582,31.450563465078876,31.669731154730993,30.683476551296465,1988401.0,721.0,28114503.0,2000.0,0.0,0.0,0.0,0.0,3.59
2018-01-08,29.916389637514055,30.793060396122527,31.450563465078876,29.916389637514055,4479321.0,1288.0,62942627.0,-216000.0,0.0,0.0,0.0,0.0,3.48
2018-01-09,29.916389637514055,30.025973482340113,30.245141171992234,29.806805792687996,1088919.0,405.0,14895898.0,93000.0,0.0,0.0,0.0,0.0,3.29
2018-01-10,29.58763810303588,30.135557327166172,30.135557327166172,29.478054258209816,1135205.0,490.0,15388724.0,91000.0,0.0,0.0,-45000.0,0.0,3.06
2018-01-11,30.025973482340113,29.806805792687996,31.23139577542676,29.697221947861937,2818002.0,834.0,39011326.0,125000.0,0.0,0.0,6000.0,0.0,3.13
2018-01-12,30.464308861644348,30.464308861644348,31.012228085774645,30.35472501681829,1562228.0,603.0,21819614.0,-190000.0,0.0,0.0,15000.0,0.0,3.04
2018-01-15,30.464308861644348,30.902644240948582,31.34097962025282,30.35472501681829,2761429.0,802.0,38935241.0,-111000.0,0.0,0.0,22000.0,0.0,2.98
2018-01-16,31.669731154730993,30.683476551296465,31.779314999557055,30.464308861644348,5253815.0,1858.0,75200414.0,114000.0,0.0,0.0,-17000.0,0.0,3.04
2018-01-17,32.10806653403523,31.34097962025282,32.546401913339466,31.012228085774645,6571032.0,2280.0,95714562.0,-15000.0,0.0,0.0,-1000.0,0.0,3.06
2018-01-18,31.450563465078876,32.10806653403523,32.43681806851341,31.450563465078876,4241214.0,1428.0,61992468.0,-279000.0,0.0,0.0,5000.0,0.0,2.87
2018-01-19,33.31348882712187,32.43681806851341,33.97099189607823,32.43681806851341,17459813.0,5672.0,264914100.0,-151000.0,0.0,0.0,-111000.0,0.0,2.79
2018-01-22,32.546401913339466,33.094321137469755,33.64224036160005,32.43681806851341,5205124.0,1820.0,77946333.0,-239000.0,0.0,0.0,1000.0,0.0,2.68
2018-01-23,32.9847372926437,32.65598575816553,34.628494965034584,32.43681806851341,11380345.0,3880.0,175200756.0,-97000.0,0.0,0.0,48000.0,0.0,2.63
2018-01-24,32.65598575816553,32.65598575816553,33.31348882712187,32.217650378861286,3300515.0,1187.0,49051518.0,15000.0,0.0,0.0,0.0,0.0,2.63
2018-01-25,31.669731154730993,32.65598575816553,33.20390498229582,31.560147309904938,2740363.0,1016.0,40265388.0,-25000.0,0.0,0.0,3000.0,0.0,2.62
2018-01-26,32.875153447817645,31.779314999557055,33.20390498229582,31.779314999557055,6820358.0,2325.0,101836020.0,65000.0,0.0,0.0,0.0,0.0,2.71
2018-01-29,35.17641418916488,32.65598575816553,35.614749568469115,32.546401913339466,16715744.0,5290.0,262519035.0,777000.0,0.0,0.0,-52000.0,0.0,3.11
2018-01-30,33.64224036160005,35.06683034433882,35.06683034433882,33.532656516774,6197610.0,2142.0,97084140.0,-1013000.0,0.0,0.0,0.0,0.0,2.61
2018-01-31,33.20390498229582,33.20390498229582,33.64224036160005,32.76556960299158,2577334.0,1023.0,39007806.0,112000.0,0.0,0.0,0.0,0.0,2.67
2018-02-01,33.20390498229582,33.751824206426114,35.06683034433882,33.20390498229582,4407180.0,1887.0,68623767.0,-487000.0,0.0,0.0,-2000.0,0.0,2.42
2018-02-02,32.875153447817645,32.875153447817645,33.423072671947935,32.65598575816553,2452060.0,947.0,36930638.0,44000.0,0.0,0.0,3000.0,0.0,2.44
2018-02-05,31.779314999557055,31.560147309904938,32.10806653403523,31.34097962025282,2001415.0,838.0,28910264.0,15000.0,0.0,0.0,2000.0,0.0,2.51
2018-02-06,28.60138349960135,30.464308861644348,30.464308861644348,28.60138349960135,5412112.0,1745.0,71742288.0,-10000.0,0.0,0.0,-3000.0,0.0,2.55
2018-02-07,28.272631965123175,29.149302723731644,29.697221947861937,28.272631965123175,2512079.0,1082.0,33326730.0,109000.0,0.0,0.0,48000.0,0.0,2.61
2018-02-08,28.163048120297113,28.710967344427406,28.930135034079523,28.163048120297113,1316681.0,595.0,17061496.0,-185000.0,0.0,0.0,1000.0,0.0,2.57
2018-02-09,27.176793516862585,26.957625827210467,27.395961206514702,26.300122758254112,2326004.0,867.0,28542056.0,450000.0,0.0,0.0,2000.0,0.0,2.77
2018-02-12,27.067209672036526,27.395961206514702,27.724712740992878,27.067209672036526,1215349.0,453.0,15126362.0,-315000.0,0.0,0.0,-3000.0,0.0,2.6
2018-02-21,28.163048120297113,27.61512889616682,28.272631965123175,27.61512889616682,1053101.0,454.0,13449489.0,55000.0,0.0,0.0,4000.0,0.0,2.63
2018-02-22,28.710967344427406,28.272631965123175,29.58763810303588,28.163048120297113,1637649.0,660.0,21597900.0,-36000.0,0.0,0.0,-4000.0,0.0,2.61
2018-02-23,29.149302723731644,28.820551189253468,29.916389637514055,28.820551189253468,1654937.0,627.0,22257363.0,-38000.0,0.0,0.0,-1000.0,0.0,2.6
2018-02-26,30.135557327166172,29.2588865685577,30.245141171992234,29.149302723731644,2962942.0,898.0,40449440.0,122000.0,0.0,0.0,0.0,0.0,2.66
2018-02-27,29.2588865685577,30.135557327166172,30.35472501681829,29.2588865685577,1384140.0,529.0,18704863.0,-64000.0,0.0,0.0,0.0,0.0,2.66
2018-03-01,29.039718878905585,29.2588865685577,29.478054258209816,28.820551189253468,834446.0,381.0,11087258.0,114000.0,0.0,0.0,-1000.0,0.0,2.78
2018-03-02,29.039718878905585,28.930135034079523,29.36847041338376,28.820551189253468,612015.0,290.0,8127745.0,63000.0,0.0,0.0,0.0,0.0,2.81
2018-03-05,31.012228085774645,29.58763810303588,31.888898844383114,29.2588865685577,6009969.0,2258.0,85229559.0,360000.0,0.0,0.0,-3000.0,0.0,3.0
2018-03-06,30.245141171992234,30.902644240948582,31.560147309904938,30.245141171992234,2621040.0,990.0,36721296.0,-211000.0,0.0,0.0,-3000.0,0.0,2.8
2018-03-07,30.025973482340113,30.35472501681829,30.683476551296465,29.916389637514055,1092345.0,474.0,15084439.0,-13000.0,0.0,0.0,4000.0,0.0,2.79
2018-03-08,30.025973482340113,30.135557327166172,31.012228085774645,29.916389637514055,2142469.0,689.0,29732123.0,-22000.0,0.0,0.0,0.0,0.0,2.78
2018-03-09,29.697221947861937,30.245141171992234,30.35472501681829,29.697221947861937,781232.0,317.0,10697588.0,0.0,0.0,0.0,1000.0,0.0,2.66
2018-03-12,29.36847041338376,29.916389637514055,29.916389637514055,29.2588865685577,1035834.0,408.0,13932658.0,44000.0,0.0,0.0,1000.0,0.0,2.69
2018-03-13,30.793060396122527,29.58763810303588,31.34097962025282,29.36847041338376,16208637.0,2901.0,229040194.0,418000.0,0.0,0.0,-26000.0,0.0,2.91
2018-03-14,30.683476551296465,30.573892706470406,31.012228085774645,30.35472501681829,1475911.0,597.0,20627851.0,-108000.0,0.0,0.0,0.0,0.0,2.85
2018-03-15,30.245141171992234,30.573892706470406,31.012228085774645,30.245141171992234,1362160.0,449.0,18923855.0,-135000.0,0.0,0.0,1000.0,0.0,2.78
2018-03-16,30.35472501681829,30.464308861644348,31.1218119306007,30.245141171992234,1178409.0,571.0,16472927.0,-20000.0,0.0,0.0,0.0,0.0,2.77
2018-03-19,30.025973482340113,30.683476551296465,30.683476551296465,30.025973482340113,712577.0,394.0,9838463.0,39000.0,0.0,0.0,1000.0,0.0,2.8
2018-03-20,29.806805792687996,30.025973482340113,30.245141171992234,29.58763810303588,459543.0,244.0,6278446.0,79000.0,0.0,0.0,0.0,0.0,2.84
2018-03-21,30.025973482340113,30.135557327166172,30.573892706470406,29.916389637514055,533081.0,299.0,7331530.0,61000.0,0.0,0.0,24000.0,0.0,2.85
2018-03-22,29.149302723731644,30.135557327166172,30.573892706470406,29.149302723731644,1148409.0,506.0,15634033.0,32000.0,0.0,0.0,49000.0,0.0,2.86
2018-03-23,28.053464275471057,28.820551189253468,28.820551189253468,28.053464275471057,1275005.0,589.0,16444810.0,66000.0,0.0,0.0,-19000.0,0.0,2.9
2018-03-26,28.272631965123175,28.053464275471057,28.60138349960135,28.053464275471057,546773.0,265.0,7073521.0,15000.0,0.0,0.0,13000.0,0.0,2.91
2018-03-27,28.710967344427406,28.930135034079523,29.2588865685577,28.60138349960135,1384442.0,409.0,18271109.0,105000.0,0.0,0.0,-29000.0,0.0,2.96
2018-03-28,28.49179965477529,28.710967344427406,29.039718878905585,28.49179965477529,498110.0,234.0,6512409.0,-27000.0,0.0,0.0,0.0,0.0,2.95
2018-03-29,28.60138349960135,28.710967344427406,28.930135034079523,28.272631965123175,1024319.0,335.0,13365597.0,248000.0,0.0,0.0,0.0,0.0,3.07
2018-03-30,28.272631965123175,28.820551189253468,28.930135034079523,28.272631965123175,693208.0,302.0,9024304.0,152000.0,0.0,0.0,1000.0,0.0,3.15
2018-03-31,28.272631965123175,28.38221580994923,28.710967344427406,28.272631965123175,464739.0,195.0,6037744.0,0.0,0.0,0.0,0.0,0.0,3.15
2018-04-02,28.38221580994923,28.49179965477529,29.149302723731644,28.38221580994923,1358951.0,438.0,17815878.0,97000.0,0.0,0.0,0.0,0.0,3.2
2018-04-03,28.710967344427406,28.38221580994923,28.930135034079523,28.38221580994923,631259.0,273.0,8259591.0,68000.0,0.0,0.0,-1000.0,0.0,3.24
2018-04-09,28.163048120297113,28.930135034079523,28.930135034079523,28.163048120297113,514003.0,256.0,6683572.0,-4000.0,0.0,0.0,0.0,0.0,3.24
2018-04-10,28.163048120297113,28.38221580994923,28.930135034079523,28.163048120297113,692231.0,305.0,8973651.0,25000.0,0.0,0.0,0.0,0.0,3.25
2018-04-11,28.272631965123175,28.60138349960135,28.60138349960135,28.163048120297113,615333.0,238.0,7962601.0,110000.0,0.0,0.0,0.0,0.0,3.31
2018-04-12,28.49179965477529,28.60138349960135,28.820551189253468,28.272631965123175,525182.0,243.0,6840816.0,122000.0,0.0,0.0,0.0,0.0,3.37
2018-04-13,29.149302723731644,28.710967344427406,29.697221947861937,28.60138349960135,2614287.0,856.0,34851837.0,171000.0,0.0,0.0,0.0,0.0,3.47
2018-04-16,28.272631965123175,29.36847041338376,29.36847041338376,28.272631965123175,761530.0,364.0,9931571.0,-7000.0,0.0,0.0,0.0,0.0,3.47
2018-04-17,27.834296585818937,28.49179965477529,28.60138349960135,27.834296585818937,467403.0,213.0,6007806.0,31000.0,0.0,0.0,0.0,0.0,3.5
2018-04-18,27.50554505134076,28.053464275471057,28.38221580994923,27.50554505134076,567722.0,250.0,7217230.0,68000.0,0.0,0.0,0.0,0.0,3.56
2018-04-19,27.724712740992878,27.724712740992878,27.943880430644995,27.50554505134076,433044.0,190.0,5483653.0,52000.0,0.0,0.0,2000.0,0.0,3.59
2018-04-20,27.724712740992878,27.61512889616682,27.943880430644995,27.50554505134076,350202.0,149.0,4425544.0,36000.0,0.0,0.0,-12000.0,0.0,3.61
2018-04-23,27.395961206514702,27.724712740992878,27.834296585818937,27.28637736168864,441409.0,190.0,5549311.0,-3000.0,0.0,0.0,0.0,0.0,3.61
2018-04-24,26.62887429273229,27.395961206514702,27.50554505134076,26.409706603080174,696212.0,270.0,8518475.0,4000.0,0.0,0.0,0.0,0.0,3.63
2018-04-25,26.51929044790623,26.409706603080174,26.957625827210467,26.300122758254112,978139.0,288.0,11892331.0,110000.0,0.0,0.0,2000.0,0.0,3.69
2018-04-26,25.75220353412382,26.62887429273229,26.84804198238441,25.75220353412382,640279.0,249.0,7681511.0,75000.0,0.0,0.0,0.0,0.0,3.73
2018-04-27,26.300122758254112,26.080955068601998,26.409706603080174,25.75220353412382,501053.0,193.0,5966227.0,65000.0,0.0,0.0,0.0,0.0,3.76
2018-04-30,26.62887429273229,26.300122758254112,26.738458137558347,26.190538913428053,240671.0,101.0,2910965.0,56000.0,0.0,0.0,-3000.0,0.0,3.79
2018-05-02,26.738458137558347,26.62887429273229,26.957625827210467,26.62887429273229,139100.0,103.0,1700213.0,37000.0,0.0,0.0,0.0,0.0,3.81
2018-05-03,26.300122758254112,26.957625827210467,26.957625827210467,26.300122758254112,295003.0,150.0,3573886.0,27000.0,0.0,0.0,0.0,0.0,3.79
2018-05-04,26.84804198238441,26.300122758254112,27.176793516862585,26.080955068601998,782198.0,401.0,9533615.0,93000.0,0.0,0.0,0.0,0.0,3.84
2018-05-07,28.272631965123175,27.067209672036526,28.710967344427406,26.51929044790623,2224306.0,934.0,28496965.0,-6000.0,0.0,0.0,-1000.0,0.0,3.84
2018-05-08,27.61512889616682,28.053464275471057,28.163048120297113,27.61512889616682,587005.0,245.0,7451712.0,-50000.0,0.0,0.0,-1000.0,0.0,3.71
2018-05-09,27.61512889616682,27.724712740992878,28.272631965123175,27.61512889616682,853459.0,304.0,10927008.0,-11000.0,0.0,0.0,0.0,0.0,3.72
2018-05-10,27.724712740992878,27.834296585818937,28.49179965477529,27.724712740992878,656020.0,268.0,8418453.0,24000.0,0.0,0.0,0.0,0.0,3.87
2018-05-11,27.395961206514702,28.053464275471057,28.053464275471057,27.395961206514702,510529.0,206.0,6432911.0,-8000.0,0.0,0.0,6000.0,0.0,3.87
2018-05-14,27.395961206514702,27.395961206514702,27.834296585818937,27.176793516862585,292090.0,136.0,3654370.0,37000.0,0.0,0.0,-1000.0,0.0,3.89
2018-05-15,26.080955068601998,27.28637736168864,27.724712740992878,25.971371223775936,1167361.0,408.0,14165135.0,48000.0,0.0,0.0,0.0,0.0,3.91
2018-05-16,25.971371223775936,26.080955068601998,26.409706603080174,25.971371223775936,810654.0,309.0,9668880.0,89000.0,0.0,0.0,-60000.0,0.0,3.96
2018-05-17,26.957625827210467,26.080955068601998,27.943880430644995,26.080955068601998,1983500.0,811.0,24626250.0,53000.0,0.0,0.0,-5000.0,0.0,4.0
2018-05-18,27.834296585818937,27.176793516862585,28.163048120297113,26.84804198238441,2587272.0,1021.0,32718740.0,-69000.0,0.0,0.0,-2000.0,0.0,3.98
2018-05-21,27.61512889616682,27.724712740992878,28.163048120297113,27.50554505134076,711521.0,301.0,9002041.0,32000.0,0.0,0.0,0.0,0.0,4.0
2018-05-22,27.28637736168864,27.61512889616682,27.834296585818937,27.176793516862585,546411.0,227.0,6817464.0,42000.0,0.0,0.0,1000.0,0.0,4.02
2018-05-23,27.724712740992878,27.28637736168864,28.272631965123175,26.84804198238441,3402000.0,751.0,43323100.0,470000.0,0.0,0.0,2000.0,0.0,4.29
2018-05-24,27.395961206514702,27.724712740992878,28.163048120297113,27.28637736168864,1065022.0,354.0,13460374.0,-305000.0,0.0,0.0,0.0,0.0,4.13
2018-05-25,27.834296585818937,27.395961206514702,28.49179965477529,27.395961206514702,2233985.0,892.0,28699207.0,-111000.0,0.0,0.0,0.0,0.0,4.1
2018-05-28,28.49179965477529,27.834296585818937,28.710967344427406,27.724712740992878,2405419.0,843.0,31178673.0,83000.0,0.0,0.0,0.0,0.0,4.14
2018-05-29,28.163048120297113,28.38221580994923,28.49179965477529,28.053464275471057,834372.0,319.0,10773377.0,-4000.0,0.0,0.0,0.0,0.0,4.14
2018-05-30,28.053464275471057,27.834296585818937,28.820551189253468,27.724712740992878,2229331.0,671.0,28902335.0,-160000.0,0.0,0.0,-5000.0,0.0,4.13
2018-05-31,28.49179965477529,28.49179965477529,28.60138349960135,28.272631965123175,935349.0,382.0,12144318.0,201000.0,0.0,0.0,0.0,0.0,4.24
2018-06-01,28.930135034079523,29.2588865685577,30.793060396122527,28.820551189253468,7295018.0,2433.0,100055884.0,-213000.0,0.0,0.0,12000.0,0.0,4.21
2018-06-04,29.149302723731644,28.930135034079523,29.36847041338376,28.930135034079523,1524831.0,504.0,20249091.0,122000.0,0.0,0.0,0.0,0.0,4.27
2018-06-05,28.60138349960135,29.36847041338376,29.36847041338376,28.60138349960135,1073182.0,403.0,14098142.0,78000.0,0.0,0.0,0.0,0.0,4.31
2018-06-06,30.245141171992234,29.478054258209816,31.1218119306007,29.2588865685577,5052088.0,1737.0,69540255.0,733000.0,0.0,0.0,10000.0,0.0,4.69
2018-06-07,29.806805792687996,30.35472501681829,30.683476551296465,29.697221947861937,2249674.0,739.0,30815230.0,-573000.0,0.0,0.0,-7000.0,0.0,4.41
2018-06-08,29.806805792687996,29.806805792687996,30.793060396122527,29.697221947861937,3416722.0,1129.0,47159179.0,126000.0,0.0,0.0,-1000.0,0.0,4.48
2018-06-11,29.697221947861937,30.025973482340113,30.464308861644348,29.58763810303588,1163539.0,420.0,15885774.0,-16000.0,0.0,0.0,0.0,0.0,4.47
2018-06-12,29.36847041338376,29.697221947861937,29.916389637514055,29.36847041338376,916300.0,391.0,12353200.0,67000.0,0.0,0.0,0.0,0.0,4.5
2018-06-13,29.149302723731644,29.478054258209816,30.025973482340113,29.149302723731644,979675.0,399.0,13164493.0,13000.0,0.0,0.0,7000.0,0.0,4.52
2018-06-14,28.820551189253468,29.149302723731644,29.806805792687996,28.820551189253468,1732201.0,536.0,23224342.0,-1000.0,0.0,0.0,-4000.0,0.0,4.52
2018-06-15,28.60138349960135,28.930135034079523,29.039718878905585,28.60138349960135,682150.0,298.0,8966765.0,-20000.0,0.0,0.0,2000.0,0.0,4.52
2018-06-19,28.163048120297113,28.710967344427406,28.820551189253468,28.163048120297113,665002.0,293.0,8626476.0,-43000.0,0.0,0.0,0.0,0.0,4.5
2018-06-20,27.61512889616682,28.272631965123175,28.272631965123175,27.176793516862585,875857.0,373.0,11041103.0,-62000.0,0.0,0.0,3000.0,0.0,4.49
2018-06-21,27.834296585818937,27.834296585818937,28.60138349960135,27.724712740992878,921189.0,325.0,11848649.0,19000.0,0.0,0.0,-1000.0,0.0,4.5
2018-06-22,27.395961206514702,27.834296585818937,28.053464275471057,27.28637736168864,537083.0,238.0,6758095.0,-40000.0,0.0,0.0,-1000.0,0.0,4.21
2018-06-25,27.50554505134076,27.61512889616682,27.834296585818937,27.395961206514702,402520.0,182.0,5067124.0,-20000.0,0.0,0.0,4000.0,0.0,4.22
2018-06-26,26.84804198238441,27.50554505134076,27.50554505134076,26.84804198238441,492919.0,257.0,6087706.0,-11000.0,0.0,0.0,-8000.0,0.0,4.24
2018-06-27,26.84804198238441,27.067209672036526,27.395961206514702,26.84804198238441,378440.0,196.0,4674689.0,62000.0,0.0,0.0,0.0,0.0,4.27
2018-06-28,27.176793516862585,26.957625827210467,27.50554505134076,26.84804198238441,337454.0,217.0,4179348.0,67000.0,0.0,0.0,-2000.0,0.0,4.31
2018-06-29,27.50554505134076,27.50554505134076,27.724712740992878,27.395961206514702,296242.0,149.0,3724787.0,70000.0,0.0,0.0,0.0,0.0,4.34
2018-07-02,27.50554505134076,27.724712740992878,27.943880430644995,27.395961206514702,277132.0,154.0,3510106.0,50000.0,0.0,0.0,0.0,0.0,4.15
2018-07-03,27.067209672036526,27.834296585818937,27.834296585818937,27.067209672036526,276001.0,142.0,3461962.0,15000.0,0.0,0.0,0.0,0.0,4.15
2018-07-04,26.957625827210467,27.176793516862585,27.395961206514702,26.84804198238441,296038.0,148.0,3652266.0,9000.0,0.0,0.0,0.0,0.0,4.16
2018-07-05,26.409706603080174,27.28637736168864,27.28637736168864,26.409706603080174,350631.0,195.0,4298765.0,-4000.0,0.0,0.0,0.0,0.0,4.16
2018-07-06,27.176793516862585,27.176793516862585,27.724712740992878,26.738458137558347,1894619.0,780.0,23627692.0,162000.0,0.0,0.0,47000.0,0.0,4.24
2018-07-09,28.060591680012582,27.618692598437583,28.612965531981335,27.618692598437583,1078031.0,583.0,13738040.0,66000.0,0.0,0.0,-46000.0,0.0,4.27
2018-07-10,28.060591680012582,28.171066450406336,28.392015991193833,27.839642139225084,394392.0,231.0,5018258.0,125000.0,0.0,0.0,0.0,0.0,3.94
2018-07-11,28.060591680012582,28.612965531981335,29.165339383950087,28.060591680012582,1415007.0,657.0,18355286.0,-82000.0,0.0,0.0,-2000.0,0.0,4.15
2018-07-12,28.723440302375085,28.060591680012582,28.723440302375085,28.060591680012582,387423.0,211.0,4984177.0,121000.0,0.0,0.0,0.0,0.0,4.22
2018-07-13,28.612965531981335,28.723440302375085,28.944389843162586,28.392015991193833,535391.0,241.0,6961562.0,94000.0,0.0,0.0,0.0,0.0,4.27
2018-07-16,28.944389843162586,28.612965531981335,29.60723846552509,28.612965531981335,2439511.0,658.0,32391118.0,-156000.0,0.0,0.0,-3000.0,0.0,4.19
2018-07-17,28.281541220800086,28.83391507276884,28.944389843162586,28.060591680012582,541003.0,250.0,6960536.0,-60000.0,0.0,0.0,1000.0,0.0,4.15
2018-07-18,28.171066450406336,28.392015991193833,28.502490761587588,28.171066450406336,297510.0,152.0,3815475.0,39000.0,0.0,0.0,4000.0,0.0,4.17
2018-07-19,27.950116909618835,28.171066450406336,28.392015991193833,27.839642139225084,344540.0,130.0,4380558.0,28000.0,0.0,0.0,-1000.0,0.0,4.19
2018-07-20,28.060591680012582,28.281541220800086,28.281541220800086,27.950116909618835,230239.0,96.0,2926772.0,5000.0,0.0,0.0,0.0,0.0,4.19
2018-07-23,28.171066450406336,28.060591680012582,28.502490761587588,27.950116909618835,183059.0,95.0,2340642.0,10000.0,0.0,0.0,0.0,0.0,4.2
2018-07-24,28.612965531981335,28.392015991193833,28.723440302375085,28.171066450406336,419309.0,218.0,5408682.0,103000.0,0.0,0.0,0.0,0.0,4.25
2018-07-25,29.054864613556337,28.83391507276884,29.49676369513134,28.612965531981335,1786382.0,762.0,23601670.0,-9000.0,0.0,0.0,-3000.0,0.0,4.25
2018-07-26,28.612965531981335,28.944389843162586,29.054864613556337,28.502490761587588,544101.0,258.0,7078463.0,-10000.0,0.0,0.0,0.0,0.0,4.24
2018-07-27,28.83391507276884,28.944389843162586,29.165339383950087,28.83391507276884,307464.0,138.0,4027332.0,80000.0,0.0,0.0,0.0,0.0,4.28
2018-07-30,28.612965531981335,28.944389843162586,29.054864613556337,28.502490761587588,420197.0,167.0,5466891.0,32000.0,0.0,0.0,0.0,0.0,4.3
2018-07-31,28.612965531981335,28.612965531981335,28.944389843162586,28.502490761587588,281443.0,119.0,3650933.0,31000.0,0.0,0.0,0.0,0.0,4.32
2018-08-01,28.392015991193833,28.723440302375085,28.944389843162586,28.392015991193833,422160.0,224.0,5471048.0,-18000.0,0.0,0.0,5000.0,0.0,4.31
2018-08-02,28.392015991193833,28.502490761587588,28.944389843162586,28.281541220800086,422501.0,240.0,5462511.0,46000.0,0.0,0.0,-4000.0,0.0,4.33
2018-08-03,29.054864613556337,28.723440302375085,29.275814154343838,28.723440302375085,682721.0,317.0,8967544.0,71000.0,0.0,0.0,0.0,0.0,4.37
2018-08-06,30.049137547100088,29.49676369513134,30.380561858281343,29.275814154343838,2460503.0,1125.0,33312738.0,-48000.0,0.0,0.0,10000.0,0.0,4.34
2018-08-07,29.49676369513134,30.049137547100088,30.049137547100088,29.165339383950087,1239977.0,470.0,16578892.0,-74000.0,0.0,0.0,-2000.0,0.0,4.3
2018-08-08,29.275814154343838,29.60723846552509,29.82818800631259,29.165339383950087,642553.0,319.0,8584949.0,79000.0,0.0,0.0,0.0,0.0,4.34
2018-08-09,29.38628892473759,29.38628892473759,29.60723846552509,29.165339383950087,457723.0,225.0,6087409.0,46000.0,0.0,0.0,0.0,0.0,4.37
2018-08-10,29.054864613556337,29.38628892473759,30.380561858281343,29.054864613556337,2647081.0,1068.0,35798814.0,-100000.0,0.0,0.0,3000.0,0.0,4.32
2018-08-13,27.176793516862585,28.723440302375085,28.83391507276884,26.182520583318826,1973343.0,805.0,24434402.0,-26000.0,0.0,0.0,-5000.0,0.0,4.37
2018-08-14,26.95584397607508,27.06631874646883,27.508217828043833,26.513944894500078,995839.0,381.0,12120935.0,106000.0,0.0,0.0,2000.0,0.0,4.42
2018-08-15,27.06631874646883,27.176793516862585,27.397743057650082,26.73489443528758,437166.0,213.0,5344490.0,-116000.0,0.0,0.0,1000.0,0.0,4.36
2018-08-16,27.06631874646883,26.73489443528758,27.618692598437583,26.73489443528758,498160.0,241.0,6132968.0,3000.0,0.0,0.0,28000.0,0.0,4.37
2018-08-17,26.845369205681333,27.397743057650082,27.508217828043833,26.845369205681333,366294.0,143.0,4494971.0,-10000.0,0.0,0.0,21000.0,0.0,4.37
2018-08-20,26.845369205681333,26.845369205681333,27.28726828725633,26.73489443528758,375261.0,144.0,4579234.0,54000.0,0.0,0.0,10000.0,0.0,4.39
2018-08-21,27.618692598437583,26.845369205681333,27.729167368831334,26.73489443528758,431446.0,227.0,5320280.0,38000.0,0.0,0.0,-4000.0,0.0,4.41
2018-08-22,27.06631874646883,27.618692598437583,27.839642139225084,27.06631874646883,367211.0,148.0,4535534.0,-35000.0,0.0,0.0,-2000.0,0.0,4.4
2018-08-23,26.95584397607508,27.176793516862585,27.176793516862585,26.845369205681333,384234.0,160.0,4683303.0,29000.0,0.0,0.0,0.0,0.0,4.41
2018-08-24,26.73489443528758,26.95584397607508,26.95584397607508,26.73489443528758,228001.0,102.0,2768112.0,-55000.0,0.0,0.0,0.0,0.0,4.38
2018-08-27,27.176793516862585,26.73489443528758,27.397743057650082,26.73489443528758,148002.0,88.0,1812224.0,27000.0,0.0,0.0,0.0,0.0,4.4
2018-08-28,27.06631874646883,27.397743057650082,27.397743057650082,27.06631874646883,322300.0,133.0,3960175.0,16000.0,0.0,0.0,-1000.0,0.0,4.41
2018-08-29,27.06631874646883,27.06631874646883,27.28726828725633,27.06631874646883,124370.0,86.0,1526532.0,13000.0,0.0,0.0,-3000.0,0.0,4.41
2018-08-30,27.28726828725633,27.28726828725633,27.729167368831334,27.06631874646883,363419.0,172.0,4507552.0,-9000.0,0.0,0.0,0.0,0.0,4.41
2018-08-31,27.397743057650082,27.397743057650082,27.508217828043833,27.176793516862585,171141.0,85.0,2114940.0,15000.0,0.0,0.0,0.0,0.0,4.41
2018-09-03,27.176793516862585,27.508217828043833,27.839642139225084,27.06631874646883,954000.0,260.0,11900100.0,-76000.0,0.0,0.0,-6000.0,0.0,4.43
2018-09-04,27.176793516862585,27.28726828725633,27.508217828043833,27.06631874646883,255191.0,102.0,3147437.0,12000.0,0.0,0.0,0.0,0.0,4.43
2018-09-05,26.95584397607508,27.397743057650082,27.397743057650082,26.95584397607508,209372.0,146.0,2564067.0,-22000.0,0.0,0.0,0.0,0.0,4.42
2018-09-06,26.73489443528758,27.176793516862585,27.28726828725633,26.73489443528758,326001.0,156.0,3971612.0,-66000.0,0.0,0.0,0.0,0.0,4.39
2018-09-07,25.851096272137575,26.73489443528758,26.73489443528758,25.630146731350077,945418.0,351.0,11152282.0,-52000.0,0.0,0.0,1000.0,0.0,4.36
2018-09-10,24.19397471623132,25.96157104253133,25.96157104253133,23.862550405050072,1130004.0,385.0,12550850.0,-19000.0,0.0,0.0,5000.0,0.0,4.38
2018-09-11,24.635873797806326,24.304449486625074,24.746348568200073,24.19397471623132,448005.0,185.0,4954409.0,92000.0,0.0,0.0,-1000.0,0.0,4.43
2018-09-12,24.083499945837573,25.077772879381325,25.077772879381325,23.973025175443823,335000.0,165.0,3683600.0,-45000.0,0.0,0.0,3000.0,0.0,4.41
2018-09-13,24.304449486625074,24.083499945837573,24.635873797806326,24.083499945837573,374112.0,158.0,4125597.0,47000.0,0.0,0.0,1000.0,0.0,4.43
2018-09-14,24.525399027412572,24.635873797806326,24.856823338593824,24.525399027412572,325601.0,168.0,3636888.0,65000.0,0.0,0.0,0.0,0.0,4.47
2018-09-17,24.635873797806326,24.635873797806326,24.746348568200073,24.525399027412572,144105.0,76.0,1604770.0,1000.0,0.0,0.0,0.0,0.0,4.47
2018-09-18,24.525399027412572,24.746348568200073,24.967298108987578,24.414924257018825,644537.0,219.0,7239537.0,-59000.0,0.0,0.0,-1000.0,0.0,4.44
2018-09-19,24.525399027412572,24.635873797806326,24.856823338593824,24.525399027412572,324700.0,161.0,3625175.0,66000.0,0.0,0.0,-2000.0,0.0,4.47
2018-09-20,24.304449486625074,24.746348568200073,24.856823338593824,24.19397471623132,352000.0,174.0,3897150.0,-98000.0,0.0,0.0,0.0,0.0,4.42
2018-09-21,24.304449486625074,24.414924257018825,24.525399027412572,24.304449486625074,277453.0,124.0,3061033.0,12000.0,0.0,0.0,1000.0,0.0,4.43
2018-09-25,24.414924257018825,24.414924257018825,24.635873797806326,24.414924257018825,157270.0,82.0,1743020.0,34000.0,0.0,0.0,0.0,0.0,4.45
2018-09-26,24.525399027412572,24.525399027412572,24.746348568200073,24.525399027412572,164010.0,89.0,1826560.0,20000.0,0.0,0.0,-1000.0,0.0,4.46
2018-09-27,24.635873797806326,24.746348568200073,24.856823338593824,24.635873797806326,208697.0,106.0,2339136.0,13000.0,0.0,0.0,-2000.0,0.0,4.46
2018-09-28,24.635873797806326,24.635873797806326,24.856823338593824,24.414924257018825,183348.0,121.0,2041162.0,8000.0,0.0,0.0,-4000.0,0.0,4.47
2018-10-01,24.856823338593824,24.525399027412572,25.188247649775075,24.525399027412572,602200.0,199.0,6822500.0,11000.0,0.0,0.0,-4000.0,0.0,4.48
2018-10-02,24.856823338593824,24.746348568200073,25.077772879381325,24.635873797806326,104000.0,67.0,1169200.0,7000.0,0.0,0.0,-1000.0,0.0,4.48
2018-10-03,24.746348568200073,24.746348568200073,24.967298108987578,24.525399027412572,159922.0,94.0,1790933.0,34000.0,0.0,0.0,0.0,0.0,4.5
2018-10-04,24.414924257018825,24.746348568200073,24.856823338593824,24.414924257018825,184593.0,97.0,2050523.0,18000.0,0.0,0.0,0.0,0.0,4.51
2018-10-05,23.862550405050072,24.304449486625074,24.967298108987578,23.19970178268757,642204.0,269.0,7065119.0,42000.0,0.0,0.0,1000.0,0.0,4.53
2018-10-08,23.42065132347507,23.75207563465632,24.19397471623132,23.310176553081323,496104.0,213.0,5292059.0,14000.0,0.0,0.0,5000.0,0.0,4.54
2018-10-09,23.310176553081323,23.42065132347507,23.64160086426257,23.19970178268757,379366.0,153.0,4017272.0,-4000.0,0.0,0.0,6000.0,0.0,4.53
2018-10-11,20.990206374812562,22.094954078750067,22.094954078750067,20.990206374812562,1082610.0,380.0,10330366.0,-4000.0,0.0,0.0,-2000.0,0.0,4.53
2018-10-12,20.769256834025065,20.10640821166256,20.990206374812562,20.10640821166256,662428.0,265.0,6163264.0,60000.0,0.0,0.0,-11000.0,0.0,4.56
2018-10-15,20.725066925867566,20.37154766060756,20.990206374812562,20.37154766060756,366582.0,135.0,3437018.0,29000.0,0.0,0.0,-4000.0,0.0,4.58
2018-10-16,21.166966007442564,20.23897793613506,21.410010502308815,20.23897793613506,315138.0,162.0,2979103.0,54000.0,0.0,0.0,-1000.0,0.0,4.61
2018-10-17,21.432105456387564,21.653054997175065,21.653054997175065,21.211155915600063,224894.0,111.0,2179296.0,57000.0,0.0,0.0,0.0,0.0,4.64
2018-10-18,21.520485272702565,21.432105456387564,21.763529767568816,21.432105456387564,119060.0,68.0,1166070.0,31000.0,0.0,0.0,0.0,0.0,4.65
2018-10-19,21.653054997175065,21.520485272702565,21.763529767568816,21.100681145206316,764504.0,171.0,7468393.0,30000.0,0.0,0.0,13000.0,0.0,4.67
2018-10-22,22.094954078750067,21.653054997175065,22.205428849143818,21.564675180860064,169001.0,83.0,1679799.0,56000.0,0.0,0.0,-18000.0,0.0,4.7
2018-10-23,21.653054997175065,22.094954078750067,22.42637838993132,21.653054997175065,287316.0,123.0,2843713.0,-10000.0,0.0,0.0,0.0,0.0,4.69
2018-10-24,21.697244905332568,21.675149951253815,21.896099492041316,21.630960043096312,177205.0,84.0,1745240.0,38000.0,0.0,0.0,2000.0,0.0,4.71
2018-10-25,20.61459215547381,21.01230132889131,21.01230132889131,20.548307293237563,567000.0,228.0,5304000.0,2000.0,0.0,0.0,-1000.0,0.0,4.71
2018-10-26,20.10640821166256,20.725066925867566,20.946016466655063,19.99593344126881,325740.0,164.0,3000322.0,-9000.0,0.0,0.0,2000.0,0.0,4.71
2018-10-29,20.194788027977562,20.12850316574131,20.459927476922562,20.01802839534756,183000.0,94.0,1674380.0,78000.0,0.0,0.0,0.0,0.0,4.75
2018-10-30,20.216882982056312,20.216882982056312,20.725066925867566,19.90755362495381,276000.0,163.0,2526310.0,18000.0,0.0,0.0,0.0,0.0,4.76
2018-10-31,20.61459215547381,20.32735775245006,20.769256834025065,20.32735775245006,186100.0,124.0,1733849.0,80000.0,0.0,0.0,-16000.0,0.0,4.67
2018-11-01,21.432105456387564,20.769256834025065,21.520485272702565,20.769256834025065,220000.0,122.0,2107160.0,63000.0,0.0,0.0,0.0,0.0,4.69
2018-11-02,21.653054997175065,21.741434813490066,21.984479308356313,21.586770134938813,287000.0,155.0,2828060.0,51000.0,0.0,0.0,0.0,0.0,4.69
2018-11-05,22.00657426243507,21.630960043096312,22.05076417059257,21.630960043096312,118795.0,55.0,1178559.0,10000.0,0.0,0.0,0.0,0.0,4.69
2018-11-06,22.205428849143818,22.205428849143818,22.536853160325066,22.094954078750067,271001.0,137.0,2734710.0,17000.0,0.0,0.0,0.0,0.0,4.7
2018-11-07,22.536853160325066,22.42637838993132,22.97875224190007,22.315903619537565,227020.0,119.0,2320301.0,2000.0,0.0,0.0,0.0,0.0,4.7
2018-11-08,22.315903619537565,22.647327930718816,22.75780270111257,22.315903619537565,197401.0,100.0,2008088.0,23000.0,0.0,0.0,0.0,0.0,4.71
2018-11-09,22.42637838993132,22.205428849143818,22.42637838993132,22.094954078750067,91197.0,59.0,919389.0,20000.0,0.0,0.0,0.0,0.0,4.72
2018-11-12,22.205428849143818,22.315903619537565,22.42637838993132,22.205428849143818,101322.0,61.0,1021286.0,-7000.0,0.0,0.0,0.0,0.0,4.72
2018-11-13,22.42637838993132,21.896099492041316,22.42637838993132,21.829814629805067,198726.0,110.0,1985801.0,20000.0,0.0,0.0,0.0,0.0,4.73
2018-11-14,23.08922701229382,22.536853160325066,23.64160086426257,22.536853160325066,5321003.0,853.0,56239630.0,-52000.0,0.0,0.0,-1000.0,0.0,4.7
2018-11-15,22.868277471506318,22.647327930718816,23.08922701229382,22.647327930718816,257001.0,137.0,2646810.0,-12000.0,0.0,0.0,0.0,0.0,4.7
2018-11-16,22.75780270111257,23.19970178268757,23.19970178268757,22.647327930718816,296003.0,141.0,3063430.0,-22000.0,0.0,0.0,-1000.0,0.0,4.65
2018-11-19,22.647327930718816,22.97875224190007,22.97875224190007,22.536853160325066,159005.0,85.0,1633501.0,7000.0,0.0,0.0,2000.0,0.0,4.65
2018-11-20,22.536853160325066,22.647327930718816,22.647327930718816,22.315903619537565,286001.0,108.0,2905260.0,-46000.0,0.0,0.0,0.0,0.0,4.63
2018-11-21,22.315903619537565,22.315903619537565,22.536853160325066,22.315903619537565,219112.0,89.0,2225131.0,6000.0,0.0,0.0,0.0,0.0,4.63
2018-11-22,22.205428849143818,22.42637838993132,22.42637838993132,22.205428849143818,180101.0,85.0,1817465.0,2000.0,0.0,0.0,0.0,0.0,4.63
2018-11-23,21.697244905332568,22.315903619537565,22.42637838993132,21.697244905332568,294122.0,109.0,2915619.0,4000.0,0.0,0.0,50000.0,0.0,4.64
2018-11-26,22.094954078750067,22.00657426243507,22.315903619537565,21.940289400198814,216006.0,122.0,2160430.0,85000.0,0.0,0.0,10000.0,0.0,4.68
2018-11-27,23.64160086426257,22.315903619537565,23.64160086426257,22.094954078750067,933859.0,388.0,9728903.0,21000.0,0.0,0.0,-45000.0,0.0,4.69
2018-11-28,24.083499945837573,24.635873797806326,25.409197190562576,24.083499945837573,2707541.0,1169.0,30344967.0,-103000.0,0.0,0.0,17000.0,0.0,4.64
2018-11-29,23.75207563465632,24.304449486625074,24.525399027412572,23.75207563465632,937001.0,334.0,10218210.0,16000.0,0.0,0.0,-4000.0,0.0,4.65
2018-11-30,23.973025175443823,25.409197190562576,25.409197190562576,23.973025175443823,727120.0,337.0,8072496.0,-39000.0,0.0,0.0,-2000.0,0.0,4.63
2018-12-03,24.414924257018825,24.304449486625074,24.635873797806326,23.973025175443823,968011.0,291.0,10677571.0,41000.0,0.0,0.0,-12000.0,0.0,4.65
2018-12-04,24.083499945837573,24.414924257018825,24.635873797806326,23.973025175443823,502112.0,228.0,5530155.0,-91000.0,0.0,0.0,0.0,0.0,4.6
2018-12-05,23.64160086426257,23.42065132347507,23.973025175443823,23.42065132347507,359023.0,160.0,3850393.0,43000.0,0.0,0.0,0.0,0.0,4.63
2018-12-06,22.97875224190007,23.973025175443823,23.973025175443823,22.97875224190007,462001.0,227.0,4918360.0,-55000.0,0.0,0.0,-6000.0,0.0,4.6
2018-12-07,23.53112609386882,23.310176553081323,23.75207563465632,23.310176553081323,286285.0,127.0,3044149.0,45000.0,0.0,0.0,-2000.0,0.0,4.62
2018-12-10,22.536853160325066,23.42065132347507,23.42065132347507,22.536853160325066,415100.0,179.0,4287668.0,18000.0,0.0,0.0,-1000.0,0.0,4.63
2018-12-11,22.868277471506318,22.75780270111257,23.310176553081323,22.75780270111257,247010.0,136.0,2569002.0,44000.0,0.0,0.0,1000.0,0.0,4.65
2018-12-12,23.310176553081323,23.19970178268757,23.310176553081323,23.08922701229382,210463.0,124.0,2208859.0,46000.0,0.0,0.0,1000.0,0.0,4.68
2018-12-13,23.64160086426257,23.42065132347507,23.64160086426257,23.42065132347507,222000.0,114.0,2362500.0,32000.0,0.0,0.0,0.0,0.0,4.69
2018-12-14,23.862550405050072,23.53112609386882,23.862550405050072,23.19970178268757,162000.0,82.0,1723400.0,5000.0,0.0,0.0,-4000.0,0.0,4.7
2018-12-17,23.42065132347507,23.75207563465632,23.75207563465632,23.42065132347507,183004.0,88.0,1953190.0,3000.0,0.0,0.0,0.0,0.0,4.7
2018-12-18,22.97875224190007,23.19970178268757,23.42065132347507,22.97875224190007,94154.0,73.0,986247.0,-17000.0,0.0,0.0,1000.0,0.0,4.69
2018-12-19,22.868277471506318,22.97875224190007,23.08922701229382,22.75780270111257,227001.0,107.0,2354660.0,22000.0,0.0,0.0,25000.0,0.0,4.7
2018-12-20,22.647327930718816,22.868277471506318,22.868277471506318,22.536853160325066,180120.0,81.0,1851022.0,-12000.0,0.0,0.0,0.0,0.0,4.69
2018-12-21,22.42637838993132,22.536853160325066,22.75780270111257,22.42637838993132,203266.0,98.0,2072636.0,2000.0,0.0,0.0,0.0,0.0,4.69
2018-12-22,22.868277471506318,22.536853160325066,23.64160086426257,22.536853160325066,873287.0,413.0,9178695.0,0.0,0.0,0.0,-25000.0,0.0,4.69
2018-12-24,22.97875224190007,23.08922701229382,23.08922701229382,22.75780270111257,211000.0,114.0,2186350.0,56000.0,0.0,0.0,0.0,0.0,4.72
2018-12-25,22.647327930718816,22.97875224190007,22.97875224190007,22.536853160325066,173673.0,86.0,1781113.0,-1000.0,0.0,0.0,-9000.0,0.0,4.72
2018-12-26,22.536853160325066,22.647327930718816,22.97875224190007,22.536853160325066,149003.0,86.0,1533930.0,10000.0,0.0,0.0,0.0,0.0,4.73
2018-12-27,22.75780270111257,22.868277471506318,23.08922701229382,22.536853160325066,264090.0,123.0,2720871.0,21000.0,0.0,0.0,-20000.0,0.0,4.74
2018-12-28,22.42637838993132,22.75780270111257,22.868277471506318,22.42637838993132,143860.0,95.0,1472933.0,20000.0,0.0,0.0,2000.0,0.0,4.75
2019-01-02,22.42637838993132,22.647327930718816,22.75780270111257,22.42637838993132,452123.0,135.0,4633706.0,-43000.0,0.0,0.0,-17000.0,0.0,4.73
2019-01-03,22.75780270111257,22.75780270111257,22.868277471506318,22.536853160325066,183291.0,94.0,1882816.0,25000.0,0.0,0.0,-2000.0,0.0,4.74
2019-01-04,22.315903619537565,22.536853160325066,22.536853160325066,22.094954078750067,348013.0,137.0,3506380.0,16000.0,0.0,0.0,10000.0,0.0,4.75
2019-01-07,22.647327930718816,22.647327930718816,22.647327930718816,22.536853160325066,108121.0,76.0,1106032.0,13000.0,0.0,0.0,0.0,0.0,4.75
2019-01-08,22.97875224190007,22.536853160325066,23.42065132347507,22.536853160325066,1353203.0,566.0,14204558.0,-14999.0,0.0,0.0,5000.0,0.0,4.75
2019-01-09,22.97875224190007,23.19970178268757,23.19970178268757,22.868277471506318,392002.0,163.0,4079820.0,31000.0,0.0,0.0,30000.0,0.0,4.76
2019-01-10,22.97875224190007,23.310176553081323,23.310176553081323,22.868277471506318,297021.0,114.0,3097462.0,-6000.0,0.0,0.0,0.0,0.0,4.76
2019-01-11,23.08922701229382,23.19970178268757,23.19970178268757,22.97875224190007,230682.0,98.0,2406042.0,8000.0,0.0,0.0,0.0,0.0,4.76
2019-01-14,23.08922701229382,23.08922701229382,23.53112609386882,23.08922701229382,408703.0,178.0,4311004.0,2000.0,0.0,0.0,-6000.0,0.0,4.77
2019-01-15,23.19970178268757,23.08922701229382,23.310176553081323,22.97875224190007,228210.0,113.0,2388340.0,18000.0,0.0,0.0,10000.0,0.0,4.77
2019-01-16,23.42065132347507,23.19970178268757,23.75207563465632,23.08922701229382,376622.0,177.0,3982777.0,0.0,0.0,0.0,-3000.0,0.0,4.77
2019-01-17,23.08922701229382,23.53112609386882,23.53112609386882,23.08922701229382,269011.0,107.0,2825062.0,18000.0,0.0,0.0,0.0,0.0,4.78
2019-01-18,23.75207563465632,23.19970178268757,23.973025175443823,23.19970178268757,1297111.0,622.0,13914939.0,10000.0,0.0,0.0,0.0,0.0,4.79
2019-01-21,23.862550405050072,23.862550405050072,24.19397471623132,23.64160086426257,509261.0,226.0,5520294.0,23000.0,0.0,0.0,-2000.0,0.0,4.8
2019-01-22,23.64160086426257,23.973025175443823,24.304449486625074,23.64160086426257,370002.0,145.0,4022670.0,-6000.0,0.0,0.0,0.0,0.0,4.8
2019-01-23,23.64160086426257,23.53112609386882,23.64160086426257,23.53112609386882,173189.0,71.0,1846304.0,-1000.0,0.0,0.0,0.0,0.0,4.8
2019-01-24,23.53112609386882,23.64160086426257,23.862550405050072,23.53112609386882,306013.0,125.0,3278931.0,-45000.0,0.0,0.0,3000.0,0.0,4.84
2019-01-25,23.53112609386882,23.862550405050072,23.973025175443823,23.53112609386882,349312.0,161.0,3752153.0,-8000.0,0.0,0.0,12000.0,0.0,4.84
2019-01-28,23.75207563465632,23.862550405050072,23.973025175443823,23.53112609386882,254455.0,117.0,2730877.0,7000.0,0.0,0.0,1000.0,0.0,4.84
2019-01-29,23.75207563465632,23.64160086426257,23.75207563465632,23.64160086426257,185000.0,82.0,1983293.0,-6000.0,0.0,0.0,0.0,0.0,4.84
2019-01-30,23.862550405050072,23.973025175443823,23.973025175443823,23.64160086426257,404012.0,129.0,4355920.0,19000.0,0.0,0.0,0.0,0.0,4.85
2019-02-11,23.862550405050072,24.19397471623132,24.19397471623132,23.862550405050072,374362.0,125.0,4075782.0,34000.0,0.0,0.0,0.0,0.0,4.85
2019-02-12,24.19397471623132,24.304449486625074,24.635873797806326,24.083499945837573,527364.0,242.0,5801104.0,32000.0,0.0,0.0,-4000.0,0.0,4.87
2019-02-13,24.304449486625074,24.525399027412572,24.635873797806326,24.19397471623132,687013.0,194.0,7595443.0,31000.0,0.0,0.0,0.0,0.0,4.89
2019-02-14,24.746348568200073,24.635873797806326,24.967298108987578,24.304449486625074,1362984.0,406.0,15251469.0,113000.0,0.0,0.0,0.0,0.0,4.94
2019-02-15,24.746348568200073,24.746348568200073,24.967298108987578,24.304449486625074,722255.0,330.0,8046577.0,13000.0,0.0,0.0,0.0,0.0,4.97
2019-02-18,24.635873797806326,24.856823338593824,24.856823338593824,24.525399027412572,345018.0,206.0,3846398.0,-33000.0,0.0,0.0,0.0,0.0,4.95
2019-02-19,24.525399027412572,24.746348568200073,24.746348568200073,24.525399027412572,228642.0,142.0,2547174.0,-18000.0,0.0,0.0,2000.0,0.0,4.94
2019-02-20,24.525399027412572,24.525399027412572,24.856823338593824,24.414924257018825,424561.0,213.0,4727648.0,86000.0,0.0,0.0,0.0,0.0,4.99
2019-02-21,25.188247649775075,25.409197190562576,25.630146731350077,25.077772879381325,1567320.0,630.0,17948640.0,-41000.0,0.0,0.0,0.0,0.0,4.99
2019-02-22,26.403470124106327,26.403470124106327,27.176793516862585,26.07204581292508,5509449.0,1933.0,65975938.0,-54000.0,0.0,0.0,-2000.0,0.0,4.96
2019-02-25,26.07204581292508,26.73489443528758,26.73489443528758,26.07204581292508,2050595.0,643.0,24556257.0,-46000.0,0.0,0.0,8000.0,0.0,4.96
2019-02-26,25.630146731350077,26.07204581292508,26.29299535371258,25.630146731350077,986209.0,401.0,11531115.0,-41000.0,0.0,0.0,5000.0,0.0,4.94
2019-02-27,25.298722420168826,25.740621501743828,25.96157104253133,25.298722420168826,684222.0,290.0,7910602.0,-20000.0,0.0,0.0,0.0,0.0,4.93
2019-03-04,25.519671960956327,25.077772879381325,25.740621501743828,24.746348568200073,2236192.0,820.0,25770744.0,-99000.0,0.0,0.0,16000.0,0.0,4.92
2019-03-05,25.077772879381325,25.409197190562576,25.519671960956327,25.077772879381325,594126.0,311.0,6784021.0,-118000.0,0.0,0.0,1000.0,0.0,4.86
2019-03-06,25.851096272137575,25.851096272137575,26.29299535371258,25.851096272137575,1955082.0,757.0,23047387.0,-15000.0,0.0,0.0,-6000.0,0.0,4.86
2019-03-07,25.409197190562576,26.07204581292508,26.07204581292508,25.298722420168826,909423.0,358.0,10538001.0,-108000.0,0.0,0.0,14000.0,0.0,4.81
2019-03-08,25.409197190562576,25.409197190562576,25.519671960956327,25.188247649775075,321124.0,173.0,3684915.0,4000.0,0.0,0.0,0.0,0.0,4.81
2019-03-11,26.29299535371258,25.519671960956327,26.29299535371258,25.519671960956327,961089.0,467.0,11250118.0,-64000.0,0.0,0.0,-33000.0,0.0,4.76
2019-03-12,26.182520583318826,26.513944894500078,26.73489443528758,26.07204581292508,3257335.0,1167.0,39017613.0,-309000.0,0.0,0.0,6000.0,0.0,4.66
2019-03-13,25.851096272137575,26.07204581292508,26.182520583318826,25.851096272137575,497531.0,251.0,5846141.0,-83000.0,0.0,0.0,0.0,0.0,4.43
2019-03-14,25.630146731350077,25.96157104253133,26.07204581292508,25.519671960956327,529040.0,259.0,6155740.0,-44000.0,0.0,0.0,0.0,0.0,4.4
2019-03-15,25.630146731350077,25.630146731350077,25.851096272137575,25.630146731350077,286755.0,161.0,3337958.0,-7000.0,0.0,0.0,0.0,0.0,4.4
2019-03-18,25.630146731350077,25.851096272137575,25.851096272137575,25.630146731350077,370134.0,253.0,4299453.0,0.0,0.0,0.0,0.0,0.0,4.4
2019-03-19,25.851096272137575,25.740621501743828,26.07204581292508,25.630146731350077,381090.0,187.0,4456980.0,1000.0,0.0,0.0,0.0,0.0,4.4
2019-03-20,26.624419664893832,26.07204581292508,26.845369205681333,26.07204581292508,3075035.0,1253.0,36895120.0,119000.0,0.0,0.0,-2000.0,0.0,4.46
2019-03-21,26.29299535371258,26.624419664893832,26.73489443528758,26.29299535371258,899522.0,356.0,10754114.0,-8000.0,0.0,0.0,0.0,0.0,4.46
2019-03-22,26.07204581292508,26.513944894500078,26.513944894500078,25.851096272137575,755129.0,288.0,8926192.0,-12000.0,0.0,0.0,99.0,0.0,4.48
2019-03-25,25.298722420168826,25.630146731350077,25.630146731350077,25.298722420168826,997118.0,370.0,11479671.0,-12000.0,0.0,0.0,-3099.0,0.0,4.48
2019-03-26,25.409197190562576,25.519671960956327,25.851096272137575,25.298722420168826,823047.0,292.0,9543519.0,-30000.0,0.0,0.0,-2000.0,0.0,4.46
2019-03-27,25.96157104253133,25.630146731350077,25.96157104253133,25.630146731350077,535257.0,228.0,6262995.0,-9000.0,0.0,0.0,-22000.0,0.0,4.46
2019-03-28,26.182520583318826,26.182520583318826,26.29299535371258,25.851096272137575,1330498.0,540.0,15727358.0,-64000.0,0.0,0.0,0.0,0.0,4.43
2019-03-29,27.397743057650082,26.624419664893832,27.618692598437583,26.403470124106327,4705758.0,1610.0,57764963.0,59000.0,0.0,0.0,2000.0,0.0,4.48
2019-04-01,29.165339383950087,27.397743057650082,29.82818800631259,26.95584397607508,5441584.0,1772.0,70238801.0,215000.0,0.0,0.0,0.0,0.0,4.6
2019-04-02,29.165339383950087,29.275814154343838,29.717713235918836,28.502490761587588,3408120.0,1224.0,44884026.0,-41000.0,0.0,0.0,0.0,0.0,4.58
2019-04-03,29.165339383950087,29.165339383950087,29.165339383950087,28.723440302375085,1598266.0,559.0,20951081.0,61000.0,0.0,0.0,0.0,0.0,4.61
2019-04-08,28.944389843162586,29.165339383950087,29.38628892473759,28.612965531981335,1642528.0,620.0,21557263.0,25000.0,0.0,0.0,0.0,0.0,4.63
2019-04-09,28.612965531981335,28.944389843162586,29.49676369513134,28.612965531981335,2144961.0,631.0,28212090.0,37000.0,0.0,0.0,444.0,0.0,4.62
2019-04-10,28.502490761587588,28.612965531981335,28.723440302375085,28.060591680012582,1380158.0,457.0,17695560.0,103000.0,0.0,0.0,0.0,0.0,4.68
2019-04-11,28.612965531981335,28.723440302375085,29.60723846552509,28.612965531981335,7622894.0,1649.0,101234513.0,9000.0,0.0,0.0,0.0,0.0,4.69
2019-04-12,28.281541220800086,28.723440302375085,29.054864613556337,27.950116909618835,1032222.0,457.0,13270260.0,46000.0,0.0,0.0,1206.0,0.0,4.72
2019-04-15,28.060591680012582,28.502490761587588,28.502490761587588,27.839642139225084,764734.0,394.0,9744601.0,47000.0,0.0,0.0,4172.0,0.0,4.75
2019-04-16,28.060591680012582,28.171066450406336,28.281541220800086,27.839642139225084,697366.0,290.0,8859167.0,77000.0,0.0,0.0,-891.0,0.0,4.79
2019-04-17,28.723440302375085,28.060591680012582,29.054864613556337,28.060591680012582,1069198.0,499.0,13790587.0,135000.0,0.0,0.0,0.0,0.0,4.86
2019-04-18,28.944389843162586,28.723440302375085,29.275814154343838,28.060591680012582,2409116.0,955.0,31404423.0,-25000.0,0.0,0.0,-637.0,0.0,4.85
2019-04-19,29.165339383950087,28.944389843162586,30.60151139906884,28.944389843162586,6767465.0,2629.0,91431436.0,-554000.0,0.0,0.0,0.0,0.0,4.59
2019-04-22,28.502490761587588,29.054864613556337,29.38628892473759,28.502490761587588,1754707.0,671.0,22856726.0,27000.0,0.0,0.0,495.0,0.0,4.72
2019-04-23,28.502490761587588,28.502490761587588,28.723440302375085,28.502490761587588,1188451.0,331.0,15385988.0,17000.0,0.0,0.0,0.0,0.0,4.72
2019-04-24,28.171066450406336,28.502490761587588,28.723440302375085,28.171066450406336,703675.0,307.0,9035555.0,-3000.0,0.0,0.0,675.0,0.0,4.72
2019-04-25,28.281541220800086,28.281541220800086,28.723440302375085,28.171066450406336,755789.0,285.0,9717076.0,10000.0,0.0,0.0,-1464.0,0.0,4.73
2019-04-26,27.729167368831334,28.281541220800086,28.392015991193833,27.729167368831334,809920.0,338.0,10269999.0,-20000.0,0.0,0.0,0.0,0.0,4.72
2019-04-29,26.845369205681333,27.839642139225084,27.839642139225084,26.73489443528758,850412.0,391.0,10427425.0,-6000.0,0.0,0.0,1000.0,0.0,4.72
2019-04-30,27.06631874646883,26.845369205681333,27.176793516862585,26.513944894500078,584200.0,264.0,7087549.0,121000.0,0.0,0.0,0.0,0.0,4.79
2019-05-02,28.281541220800086,27.06631874646883,28.281541220800086,27.06631874646883,2098601.0,879.0,26558638.0,-32000.0,0.0,0.0,0.0,0.0,4.78
2019-05-03,28.171066450406336,28.171066450406336,28.502490761587588,27.950116909618835,923819.0,315.0,11816948.0,-114000.0,0.0,0.0,0.0,0.0,4.72
2019-05-06,27.729167368831334,28.060591680012582,28.060591680012582,27.618692598437583,682443.0,233.0,8609560.0,-7000.0,0.0,0.0,-1421.0,0.0,4.79
2019-05-07,28.83391507276884,28.281541220800086,29.054864613556337,28.281541220800086,1620866.0,697.0,21123858.0,251000.0,0.0,0.0,0.0,0.0,4.93
2019-05-08,30.049137547100088,28.612965531981335,30.049137547100088,28.281541220800086,4070543.0,1502.0,54500830.0,222000.0,0.0,0.0,0.0,0.0,5.02
2019-05-09,28.83391507276884,30.711986169462595,31.153885251037593,28.83391507276884,7980635.0,2803.0,109278671.0,-490000.0,0.0,0.0,67035.0,0.0,4.77
2019-05-10,28.612965531981335,28.944389843162586,30.049137547100088,28.392015991193833,2699200.0,1054.0,35570240.0,538000.0,0.0,0.0,-59200.0,0.0,5.05
2019-05-13,28.171066450406336,28.392015991193833,29.054864613556337,28.060591680012582,933240.0,415.0,12012383.0,-95000.0,0.0,0.0,5552.0,0.0,5.0
2019-05-14,27.839642139225084,27.618692598437583,28.171066450406336,27.28726828725633,1081301.0,498.0,13553062.0,26000.0,0.0,0.0,25294.0,0.0,5.01
2019-05-15,25.96157104253133,27.28726828725633,27.28726828725633,25.851096272137575,3332405.0,1386.0,39771855.0,-885000.0,0.0,0.0,-1000.0,0.0,4.34
2019-05-16,25.077772879381325,25.96157104253133,26.182520583318826,25.077772879381325,1241258.0,597.0,14351812.0,-91000.0,0.0,0.0,5779.0,0.0,4.33
2019-05-17,24.304449486625074,25.188247649775075,25.630146731350077,24.304449486625074,1221652.0,545.0,13713252.0,-105000.0,0.0,0.0,-13349.0,0.0,4.3
2019-05-20,23.862550405050072,24.967298108987578,24.967298108987578,23.862550405050072,755202.0,357.0,8264738.0,61000.0,0.0,0.0,-14149.0,0.0,4.35
2019-05-21,24.19397471623132,23.862550405050072,24.304449486625074,23.53112609386882,578273.0,288.0,6268523.0,112000.0,0.0,0.0,-18000.0,0.0,4.42
2019-05-22,24.414924257018825,24.414924257018825,24.525399027412572,24.304449486625074,371544.0,197.0,4107109.0,-25000.0,0.0,0.0,-36541.0,0.0,4.41
2019-05-23,23.973025175443823,24.414924257018825,24.414924257018825,23.862550405050072,481001.0,212.0,5220460.0,-131000.0,0.0,0.0,-1000.0,0.0,4.35
2019-05-24,24.083499945837573,24.083499945837573,24.304449486625074,24.083499945837573,287041.0,139.0,3141746.0,-41000.0,0.0,0.0,0.0,0.0,4.33
2019-05-27,23.75207563465632,24.304449486625074,24.304449486625074,23.64160086426257,392043.0,203.0,4237868.0,-111000.0,0.0,0.0,-3000.0,0.0,4.29
2019-05-28,23.862550405050072,23.862550405050072,24.083499945837573,23.64160086426257,504000.0,183.0,5438900.0,-64000.0,0.0,0.0,-16000.0,0.0,4.26
2019-05-29,24.083499945837573,23.75207563465632,24.525399027412572,23.64160086426257,588016.0,235.0,6413823.0,-109000.0,0.0,0.0,-5000.0,0.0,4.22
2019-05-30,24.083499945837573,24.083499945837573,24.19397471623132,23.973025175443823,266982.0,128.0,2907103.0,-37000.0,0.0,0.0,-4000.0,0.0,4.23
2019-05-31,24.525399027412572,24.304449486625074,24.525399027412572,24.083499945837573,434002.0,230.0,4786523.0,-44000.0,0.0,0.0,-2000.0,0.0,4.23
2019-06-03,24.083499945837573,24.304449486625074,24.304449486625074,24.083499945837573,239000.0,116.0,2617500.0,-51000.0,0.0,0.0,-7000.0,0.0,4.21
2019-06-04,24.083499945837573,24.19397471623132,24.414924257018825,24.083499945837573,300290.0,161.0,3292090.0,26000.0,0.0,0.0,-3000.0,0.0,4.28
2019-06-05,24.083499945837573,24.414924257018825,24.414924257018825,24.083499945837573,258442.0,96.0,2830387.0,8000.0,0.0,0.0,0.0,0.0,4.29
2019-06-06,23.862550405050072,24.083499945837573,24.19397471623132,23.862550405050072,262700.0,134.0,2847309.0,-24000.0,0.0,0.0,-2000.0,0.0,4.3
2019-06-10,24.083499945837573,24.083499945837573,24.083499945837573,23.862550405050072,137424.0,84.0,1488897.0,6000.0,0.0,0.0,0.0,0.0,4.32
2019-06-11,24.083499945837573,23.973025175443823,24.19397471623132,23.862550405050072,225379.0,136.0,2452179.0,43000.0,0.0,0.0,0.0,0.0,4.34
2019-06-12,24.304449486625074,23.973025175443823,24.414924257018825,23.973025175443823,339514.0,153.0,3725499.0,40000.0,0.0,0.0,0.0,0.0,4.39
2019-06-13,24.19397471623132,24.19397471623132,24.414924257018825,24.19397471623132,164002.0,93.0,1800370.0,30000.0,0.0,0.0,0.0,0.0,4.41
2019-06-14,24.414924257018825,24.19397471623132,24.525399027412572,24.19397471623132,257270.0,168.0,2843210.0,126000.0,0.0,0.0,-1000.0,0.0,4.48
2019-06-17,24.304449486625074,24.414924257018825,24.525399027412572,24.304449486625074,215195.0,117.0,2375483.0,59000.0,0.0,0.0,1000.0,0.0,4.51
2019-06-18,24.525399027412572,24.304449486625074,24.525399027412572,24.19397471623132,205932.0,111.0,2268102.0,31000.0,0.0,0.0,0.0,0.0,4.53
2019-06-19,24.525399027412572,24.746348568200073,24.856823338593824,24.414924257018825,329436.0,168.0,3658116.0,86000.0,0.0,0.0,4000.0,0.0,4.59
2019-06-20,24.525399027412572,24.414924257018825,24.635873797806326,24.414924257018825,203501.0,111.0,2261859.0,44000.0,0.0,0.0,9000.0,0.0,4.61
2019-06-21,25.298722420168826,24.635873797806326,25.298722420168826,24.525399027412572,1271315.0,437.0,14329089.0,67000.0,0.0,0.0,2000.0,0.0,4.65
2019-06-24,25.077772879381325,25.519671960956327,25.740621501743828,24.746348568200073,556316.0,250.0,6350169.0,-83000.0,0.0,0.0,-1000.0,0.0,4.61
2019-06-25,24.746348568200073,24.967298108987578,25.188247649775075,24.635873797806326,323000.0,143.0,3633650.0,-24000.0,0.0,0.0,0.0,0.0,4.59
2019-06-26,24.414924257018825,24.635873797806326,24.635873797806326,24.414924257018825,348351.0,143.0,3862027.0,-11000.0,0.0,0.0,0.0,0.0,4.59
2019-06-27,24.414924257018825,24.525399027412572,24.635873797806326,24.304449486625074,271400.0,133.0,3002788.0,14000.0,0.0,0.0,0.0,0.0,4.61
2019-06-28,24.525399027412572,24.525399027412572,24.635873797806326,24.414924257018825,184269.0,87.0,2043635.0,-2000.0,0.0,0.0,0.0,0.0,4.6
2019-07-01,24.746348568200073,24.746348568200073,24.856823338593824,24.635873797806326,211295.0,112.0,2359380.0,28000.0,0.0,0.0,2000.0,0.0,4.62
2019-07-02,24.414924257018825,24.746348568200073,24.856823338593824,24.414924257018825,313155.0,204.0,3482869.0,-13000.0,0.0,0.0,0.0,0.0,4.61
2019-07-03,24.414924257018825,24.525399027412572,24.525399027412572,24.304449486625074,308348.0,146.0,3406878.0,-6000.0,0.0,0.0,0.0,0.0,4.63
2019-07-04,24.635873797806326,24.525399027412572,24.635873797806326,24.414924257018825,299010.0,129.0,3313661.0,50000.0,0.0,0.0,1000.0,0.0,4.65
2019-07-05,24.856823338593824,24.746348568200073,24.856823338593824,24.635873797806326,243855.0,101.0,2730375.0,17000.0,0.0,0.0,0.0,0.0,4.66
2019-07-08,24.856823338593824,24.746348568200073,24.967298108987578,24.746348568200073,244003.0,121.0,2739933.0,85000.0,0.0,0.0,-2000.0,0.0,4.71
2019-07-09,24.635873797806326,24.746348568200073,24.856823338593824,24.635873797806326,220639.0,79.0,2465142.0,20000.0,0.0,0.0,0.0,0.0,4.45
2019-07-10,24.746348568200073,24.856823338593824,24.967298108987578,24.635873797806326,339235.0,160.0,3809081.0,113000.0,0.0,0.0,0.0,0.0,4.51
2019-07-11,25.188247649775075,24.856823338593824,25.409197190562576,24.856823338593824,805655.0,333.0,9195280.0,137000.0,0.0,0.0,0.0,0.0,4.58
2019-07-12,25.630146731350077,25.298722420168826,25.630146731350077,25.077772879381325,802988.0,321.0,9226911.0,119000.0,0.0,0.0,944.0,0.0,4.63
2019-07-15,25.077772879381325,25.851096272137575,25.96157104253133,24.967298108987578,643642.0,287.0,7373134.0,-132000.0,0.0,0.0,-72.0,0.0,4.56
2019-07-16,25.077772879381325,25.188247649775075,25.409197190562576,25.077772879381325,295334.0,114.0,3371523.0,53000.0,0.0,0.0,0.0,0.0,4.58
2019-07-17,24.746348568200073,24.967298108987578,24.967298108987578,24.635873797806326,549801.0,243.0,6165520.0,6000.0,0.0,0.0,37736.0,0.0,4.54
2019-07-18,24.969288645391064,24.746348568200073,25.19222872258206,24.746348568200073,321561.0,151.0,3603876.0,28000.0,0.0,0.0,-38000.0,0.0,4.32
2019-07-19,24.85781860679557,25.08075868398656,25.19222872258206,24.85781860679557,371000.0,149.0,4149598.0,52000.0,0.0,0.0,-45.0,0.0,4.35
2019-07-22,24.969288645391064,24.85781860679557,25.19222872258206,24.85781860679557,294960.0,138.0,3309752.0,52000.0,0.0,0.0,0.0,0.0,4.8
2019-07-23,25.86104895415503,25.19222872258206,25.972518992750526,24.969288645391064,2127812.0,521.0,24382866.0,29000.0,0.0,0.0,2958.0,0.0,4.82
2019-07-24,25.30369876117755,25.86104895415503,25.972518992750526,25.30369876117755,786964.0,333.0,9078241.0,-124000.0,0.0,0.0,0.0,0.0,4.75
2019-07-25,25.41516879977305,25.52663883836854,25.86104895415503,25.41516879977305,388280.0,177.0,4456392.0,6000.0,0.0,0.0,0.0,0.0,4.76
2019-07-26,25.972518992750526,25.52663883836854,25.972518992750526,25.30369876117755,629112.0,206.0,7221999.0,-18000.0,0.0,0.0,0.0,0.0,4.75
2019-07-29,25.52663883836854,25.972518992750526,26.306929108537016,25.52663883836854,1255501.0,403.0,14640286.0,-160000.0,0.0,0.0,-501.0,0.0,4.66
2019-07-30,24.85781860679557,25.63810887696404,25.63810887696404,24.746348568200073,608269.0,278.0,6841426.0,-99000.0,0.0,0.0,-20.0,0.0,4.61
2019-07-31,25.08075868398656,24.85781860679557,25.08075868398656,24.85781860679557,239101.0,104.0,2677230.0,-39000.0,0.0,0.0,0.0,0.0,4.59
2019-08-01,25.52663883836854,24.85781860679557,25.52663883836854,24.746348568200073,446630.0,147.0,5033132.0,-13000.0,0.0,0.0,-1000.0,0.0,4.58
2019-08-02,24.85781860679557,25.41516879977305,25.86104895415503,24.85781860679557,3125398.0,604.0,35879086.0,-88000.0,0.0,0.0,-5000.0,0.0,4.54
2019-08-05,24.188998375222592,24.85781860679557,24.969288645391064,24.188998375222592,474500.0,218.0,5217324.0,-84000.0,0.0,0.0,-1000.0,0.0,4.52
2019-08-06,23.854588259436106,23.854588259436106,23.9660582980316,23.185768027863134,420013.0,191.0,4451686.0,19000.0,0.0,0.0,-4000.0,0.0,4.54
2019-08-07,23.74311822084061,23.854588259436106,24.188998375222592,23.631648182245115,202011.0,85.0,2154717.0,12000.0,0.0,0.0,3000.0,0.0,4.54
2019-08-08,23.9660582980316,23.854588259436106,24.0775283366271,23.74311822084061,179103.0,88.0,1918849.0,1000.0,0.0,0.0,0.0,0.0,4.54
2019-08-12,23.74311822084061,23.9660582980316,23.9660582980316,23.631648182245115,211731.0,110.0,2255606.0,8000.0,0.0,0.0,0.0,0.0,4.55
2019-08-13,23.52017814364962,23.854588259436106,23.854588259436106,23.52017814364962,179002.0,68.0,1896871.0,7000.0,0.0,0.0,0.0,0.0,4.55
2019-08-14,23.631648182245115,23.854588259436106,24.0775283366271,23.631648182245115,441934.0,157.0,4726749.0,44000.0,0.0,0.0,0.0,0.0,4.57
2019-08-15,23.185768027863134,23.297238066458625,23.408708105054124,23.185768027863134,444405.0,158.0,4639701.0,22000.0,0.0,0.0,15000.0,0.0,4.59
2019-08-16,23.408708105054124,23.408708105054124,23.631648182245115,23.185768027863134,243826.0,133.0,2557339.0,-8000.0,0.0,0.0,356.0,0.0,4.58
2019-08-19,23.631648182245115,23.52017814364962,23.631648182245115,23.408708105054124,186553.0,106.0,1969682.0,38000.0,0.0,0.0,0.0,0.0,4.6
2019-08-20,23.74311822084061,23.74311822084061,23.74311822084061,23.52017814364962,247588.0,101.0,2627581.0,25000.0,0.0,0.0,21000.0,0.0,4.61
2019-08-21,23.854588259436106,23.74311822084061,24.0775283366271,23.74311822084061,362152.0,160.0,3880118.0,7000.0,0.0,0.0,11000.0,0.0,4.62
2019-08-22,23.9660582980316,23.854588259436106,24.188998375222592,23.854588259436106,257188.0,126.0,2777761.0,7000.0,0.0,0.0,0.0,0.0,4.62
2019-08-23,24.0775283366271,24.0775283366271,24.30046841381809,23.854588259436106,133017.0,74.0,1429530.0,-1000.0,0.0,0.0,18.0,0.0,4.62
2019-08-26,23.74311822084061,23.631648182245115,23.854588259436106,23.52017814364962,276189.0,104.0,2927809.0,3000.0,0.0,0.0,20000.0,0.0,4.62
2019-08-27,23.74311822084061,23.74311822084061,23.9660582980316,23.631648182245115,196276.0,74.0,2095386.0,-12000.0,0.0,0.0,-276.0,0.0,4.62
2019-08-28,23.74311822084061,23.74311822084061,24.30046841381809,23.74311822084061,760129.0,247.0,8207816.0,-20000.0,0.0,0.0,10000.0,0.0,4.61
2019-08-29,23.854588259436106,23.854588259436106,23.9660582980316,23.854588259436106,161019.0,83.0,1725851.0,-18000.0,0.0,0.0,0.0,0.0,4.6
2019-08-30,23.74311822084061,23.9660582980316,24.188998375222592,23.74311822084061,291378.0,137.0,3123616.0,-2000.0,0.0,0.0,5902.0,0.0,4.59
2019-09-02,24.0775283366271,23.74311822084061,24.0775283366271,23.74311822084061,176079.0,109.0,1884731.0,80000.0,0.0,0.0,0.0,0.0,4.64
2019-09-03,24.0775283366271,24.0775283366271,24.30046841381809,23.854588259436106,893823.0,229.0,9683850.0,36000.0,0.0,0.0,0.0,0.0,4.66
2019-09-04,23.9660582980316,24.0775283366271,24.30046841381809,23.854588259436106,236429.0,125.0,2552288.0,53000.0,0.0,0.0,0.0,0.0,4.68
2019-09-05,24.188998375222592,24.0775283366271,24.411938452413583,24.0775283366271,211040.0,109.0,2291530.0,37000.0,0.0,0.0,0.0,0.0,4.7
2019-09-06,23.9660582980316,24.188998375222592,24.30046841381809,23.854588259436106,384563.0,158.0,4137850.0,28000.0,0.0,0.0,0.0,0.0,4.72
2019-09-09,24.188998375222592,23.9660582980316,24.411938452413583,23.9660582980316,435150.0,162.0,4731619.0,129000.0,0.0,0.0,0.0,0.0,4.78
2019-09-10,23.9660582980316,24.188998375222592,24.30046841381809,23.9660582980316,201804.0,91.0,2175669.0,38000.0,0.0,0.0,0.0,0.0,4.8
2019-09-11,24.411938452413583,23.9660582980316,24.85781860679557,23.9660582980316,2621079.0,654.0,28911610.0,-18000.0,0.0,0.0,4000.0,0.0,4.79
2019-09-12,24.411938452413583,24.523408491009082,24.746348568200073,24.30046841381809,375549.0,130.0,4126732.0,9000.0,0.0,0.0,0.0,0.0,4.8
2019-09-16,24.0775283366271,24.411938452413583,24.411938452413583,24.0775283366271,240465.0,87.0,2616067.0,-33000.0,0.0,0.0,20000.0,0.0,4.78
2019-09-17,23.9660582980316,24.188998375222592,24.188998375222592,23.854588259436106,174324.0,60.0,1875916.0,-1000.0,0.0,0.0,0.0,0.0,4.78
2019-09-18,23.9660582980316,23.9660582980316,24.0775283366271,23.854588259436106,278030.0,101.0,2990371.0,-23000.0,0.0,0.0,0.0,0.0,4.77
2019-09-19,24.0775283366271,23.9660582980316,24.0775283366271,23.854588259436106,109718.0,51.0,1179131.0,2000.0,0.0,0.0,0.0,0.0,4.77
2019-09-20,23.9660582980316,23.9660582980316,24.0775283366271,23.854588259436106,229261.0,88.0,2463467.0,36000.0,0.0,0.0,0.0,0.0,4.79
2019-09-23,24.0775283366271,23.9660582980316,24.523408491009082,23.9660582980316,842212.0,198.0,9177828.0,-12000.0,0.0,0.0,0.0,0.0,4.69
2019-09-24,24.30046841381809,24.0775283366271,24.30046841381809,24.0775283366271,173819.0,85.0,1885492.0,20000.0,0.0,0.0,0.0,0.0,4.7
2019-09-25,24.188998375222592,24.30046841381809,24.411938452413583,24.0775283366271,151300.0,61.0,1640838.0,-29000.0,0.0,0.0,-11000.0,0.0,4.69
2019-09-26,23.9660582980316,24.411938452413583,24.523408491009082,23.854588259436106,620656.0,188.0,6704766.0,-58000.0,0.0,0.0,0.0,0.0,4.66
2019-09-27,23.408708105054124,24.0775283366271,24.0775283366271,23.408708105054124,432066.0,196.0,4582099.0,-68000.0,0.0,0.0,6000.0,0.0,4.62
2019-10-01,23.408708105054124,23.631648182245115,23.631648182245115,23.408708105054124,191799.0,96.0,2020645.0,-22000.0,0.0,0.0,0.0,0.0,4.61
2019-10-02,23.408708105054124,23.408708105054124,23.52017814364962,23.297238066458625,170220.0,74.0,1783769.0,0.0,0.0,0.0,0.0,0.0,4.61
2019-10-03,23.185768027863134,23.297238066458625,23.408708105054124,23.074297989267635,252254.0,106.0,2622477.0,-21000.0,0.0,0.0,-2000.0,0.0,4.59
2019-10-04,23.408708105054124,23.408708105054124,23.408708105054124,23.185768027863134,346587.0,103.0,3623553.0,-19000.0,0.0,0.0,0.0,0.0,4.58
2019-10-07,23.297238066458625,23.408708105054124,23.52017814364962,23.297238066458625,199180.0,86.0,2090272.0,-19000.0,0.0,0.0,-5000.0,0.0,4.57
2019-10-08,23.297238066458625,23.297238066458625,23.297238066458625,23.074297989267635,287350.0,136.0,2989940.0,-28000.0,0.0,0.0,-1000.0,0.0,4.56
2019-10-09,23.074297989267635,23.185768027863134,23.185768027863134,22.962827950672143,268000.0,89.0,2778400.0,-12000.0,0.0,0.0,0.0,0.0,4.55
2019-10-14,23.185768027863134,23.297238066458625,23.408708105054124,23.074297989267635,270317.0,97.0,2812477.0,-7000.0,0.0,0.0,7000.0,0.0,4.55
2019-10-15,23.74311822084061,23.185768027863134,23.74311822084061,23.185768027863134,441410.0,243.0,4646696.0,311000.0,0.0,0.0,0.0,0.0,4.7
2019-10-16,23.52017814364962,23.74311822084061,23.74311822084061,23.52017814364962,93863.0,63.0,996410.0,21000.0,0.0,0.0,0.0,0.0,4.71
2019-10-17,23.408708105054124,23.52017814364962,23.52017814364962,23.297238066458625,143334.0,64.0,1505121.0,12000.0,0.0,0.0,0.0,0.0,4.72
2019-10-18,23.185768027863134,23.408708105054124,23.52017814364962,23.185768027863134,209287.0,98.0,2186134.0,-11000.0,0.0,0.0,0.0,0.0,4.4
2019-10-21,23.297238066458625,23.408708105054124,23.74311822084061,23.297238066458625,1057003.0,214.0,11174230.0,15000.0,0.0,0.0,1000.0,0.0,4.41
2019-10-22,23.297238066458625,23.52017814364962,23.52017814364962,23.297238066458625,187668.0,77.0,1969646.0,-8000.0,0.0,0.0,-1000.0,0.0,4.4
2019-10-23,23.408708105054124,23.297238066458625,23.408708105054124,23.297238066458625,107207.0,49.0,1122262.0,0.0,0.0,0.0,-2000.0,0.0,4.4
2019-10-24,23.631648182245115,23.408708105054124,23.74311822084061,23.297238066458625,272150.0,104.0,2875525.0,-14000.0,0.0,0.0,-6000.0,0.0,4.39
2019-10-25,24.188998375222592,23.9660582980316,24.188998375222592,23.854588259436106,882474.0,380.0,9517767.0,2000.0,0.0,0.0,0.0,0.0,4.36
2019-10-28,25.19222872258206,24.523408491009082,25.63810887696404,24.30046841381809,3895572.0,1527.0,43959082.0,-78000.0,0.0,0.0,-5000.0,0.0,4.32
2019-10-29,24.411938452413583,25.19222872258206,25.30369876117755,24.188998375222592,1319410.0,527.0,14582788.0,-44000.0,0.0,0.0,0.0,0.0,4.3
2019-10-30,24.634878529604578,24.30046841381809,24.85781860679557,24.30046841381809,803756.0,217.0,8859666.0,-56000.0,0.0,0.0,2000.0,0.0,4.27
2019-10-31,23.9660582980316,24.634878529604578,24.634878529604578,23.9660582980316,406003.0,161.0,4412178.0,-57000.0,0.0,0.0,0.0,0.0,4.24
2019-11-01,23.9660582980316,24.30046841381809,24.30046841381809,23.854588259436106,145603.0,68.0,1569150.0,3000.0,0.0,0.0,0.0,0.0,4.24
2019-11-04,23.9660582980316,23.9660582980316,24.0775283366271,23.854588259436106,223056.0,96.0,2394998.0,0.0,0.0,0.0,0.0,0.0,4.24
2019-11-05,23.9660582980316,23.9660582980316,24.188998375222592,23.854588259436106,350861.0,111.0,3766910.0,-1000.0,0.0,0.0,0.0,0.0,4.24
2019-11-06,23.74311822084061,24.0775283366271,24.0775283366271,23.74311822084061,232068.0,94.0,2485062.0,-1000.0,0.0,0.0,0.0,0.0,4.24
2019-11-07,23.408708105054124,23.74311822084061,23.74311822084061,23.408708105054124,376359.0,136.0,3975618.0,-9000.0,0.0,0.0,1000.0,0.0,4.24
2019-11-08,23.631648182245115,23.52017814364962,23.631648182245115,23.408708105054124,241362.0,91.0,2545401.0,-3000.0,0.0,0.0,0.0,0.0,4.23
2019-11-11,23.185768027863134,23.631648182245115,23.631648182245115,23.185768027863134,301223.0,101.0,3161019.0,-11000.0,0.0,0.0,-2000.0,0.0,4.23
2019-11-12,23.408708105054124,23.185768027863134,23.408708105054124,23.185768027863134,123637.0,66.0,1293924.0,0.0,0.0,0.0,0.0,0.0,4.23
2019-11-13,23.408708105054124,23.408708105054124,23.408708105054124,23.185768027863134,255135.0,81.0,2661503.0,-7000.0,0.0,0.0,0.0,0.0,4.23
2019-11-14,22.962827950672143,23.408708105054124,23.408708105054124,22.962827950672143,329305.0,113.0,3407754.0,-2000.0,0.0,0.0,0.0,0.0,4.22
2019-11-15,23.297238066458625,23.074297989267635,23.408708105054124,22.962827950672143,348907.0,135.0,3632327.0,4000.0,0.0,0.0,3000.0,0.0,4.23
2019-11-18,22.962827950672143,23.074297989267635,23.185768027863134,22.962827950672143,544792.0,185.0,5633724.0,-74000.0,0.0,0.0,0.0,0.0,4.19
2019-11-19,22.962827950672143,22.962827950672143,23.074297989267635,22.962827950672143,327378.0,126.0,3379953.0,-4000.0,0.0,0.0,0.0,0.0,4.19
2019-11-20,22.962827950672143,22.962827950672143,23.074297989267635,22.851357912076644,172050.0,80.0,1776514.0,11000.0,0.0,0.0,0.0,0.0,4.19
2019-11-21,23.074297989267635,22.962827950672143,23.185768027863134,22.962827950672143,255371.0,111.0,2639566.0,-16000.0,0.0,0.0,-1000.0,0.0,4.18
2019-11-22,23.074297989267635,23.074297989267635,23.074297989267635,22.962827950672143,124314.0,48.0,1283999.0,-18000.0,0.0,0.0,0.0,0.0,4.17
2019-11-25,23.074297989267635,23.185768027863134,23.297238066458625,22.962827950672143,352183.0,106.0,3657633.0,6000.0,0.0,0.0,0.0,0.0,4.18
2019-11-26,22.851357912076644,23.074297989267635,23.185768027863134,22.73988787348115,579314.0,215.0,5957582.0,10000.0,0.0,0.0,1000.0,0.0,4.16
2019-11-27,22.962827950672143,22.851357912076644,22.962827950672143,22.628417834885653,384065.0,147.0,3923861.0,-3000.0,0.0,0.0,0.0,0.0,4.16
2019-11-28,22.851357912076644,22.962827950672143,22.962827950672143,22.516947796290157,818975.0,195.0,8314942.0,-4000.0,0.0,0.0,0.0,0.0,4.16
2019-11-29,22.405477757694662,22.73988787348115,22.73988787348115,22.405477757694662,561881.0,185.0,5693952.0,-36000.0,0.0,0.0,0.0,0.0,4.14
2019-12-02,22.516947796290157,22.516947796290157,22.628417834885653,22.294007719099163,221982.0,117.0,2233670.0,-14000.0,0.0,0.0,-4000.0,0.0,4.13
2019-12-03,22.628417834885653,22.294007719099163,22.628417834885653,22.294007719099163,109030.0,60.0,1099252.0,1000.0,0.0,0.0,0.0,0.0,4.13
2019-12-04,22.405477757694662,22.516947796290157,22.628417834885653,22.405477757694662,178646.0,55.0,1803860.0,-14000.0,0.0,0.0,0.0,0.0,4.13
2019-12-05,22.516947796290157,22.405477757694662,22.628417834885653,22.405477757694662,187662.0,90.0,1893235.0,1000.0,0.0,0.0,3000.0,0.0,4.13
2019-12-06,22.628417834885653,22.516947796290157,22.628417834885653,22.516947796290157,170444.0,93.0,1727632.0,16000.0,0.0,0.0,0.0,0.0,4.13
2019-12-09,22.962827950672143,22.628417834885653,23.074297989267635,22.628417834885653,212666.0,113.0,2187741.0,22000.0,0.0,0.0,0.0,0.0,4.15
2019-12-10,23.074297989267635,22.851357912076644,23.074297989267635,22.851357912076644,133971.0,68.0,1381199.0,4000.0,0.0,0.0,0.0,0.0,4.15
2019-12-11,22.851357912076644,23.074297989267635,23.074297989267635,22.851357912076644,262001.0,71.0,2701810.0,-2000.0,0.0,0.0,0.0,0.0,4.15
2019-12-12,22.73988787348115,22.851357912076644,23.074297989267635,22.73988787348115,184229.0,80.0,1890283.0,-11000.0,0.0,0.0,11000.0,0.0,4.14
2019-12-13,23.074297989267635,22.851357912076644,23.408708105054124,22.851357912076644,2102519.0,486.0,21894593.0,-43000.0,0.0,0.0,1000.0,0.0,4.12
2019-12-16,23.074297989267635,22.962827950672143,23.297238066458625,22.851357912076644,386102.0,167.0,3985603.0,9000.0,0.0,0.0,0.0,0.0,4.12
2019-12-17,22.962827950672143,23.074297989267635,23.074297989267635,22.851357912076644,222720.0,123.0,2293627.0,14000.0,0.0,0.0,0.0,0.0,4.13
2019-12-18,23.074297989267635,22.962827950672143,23.185768027863134,22.851357912076644,213067.0,124.0,2201386.0,55000.0,0.0,0.0,0.0,0.0,4.16
2019-12-19,22.851357912076644,23.074297989267635,23.074297989267635,22.851357912076644,231474.0,94.0,2380231.0,9000.0,0.0,0.0,17000.0,0.0,4.16
2019-12-20,22.851357912076644,22.962827950672143,22.962827950672143,22.851357912076644,131091.0,62.0,1346477.0,-5000.0,0.0,0.0,0.0,0.0,4.16
2019-12-23,22.851357912076644,22.851357912076644,23.074297989267635,22.851357912076644,112210.0,51.0,1154761.0,4000.0,0.0,0.0,0.0,0.0,4.16
2019-12-24,22.851357912076644,22.851357912076644,22.962827950672143,22.73988787348115,174988.0,76.0,1796576.0,26000.0,0.0,0.0,0.0,0.0,4.17
2019-12-25,22.962827950672143,22.851357912076644,23.297238066458625,22.851357912076644,405053.0,152.0,4203440.0,17000.0,0.0,0.0,-2000.0,0.0,4.18
2019-12-26,22.962827950672143,22.962827950672143,23.074297989267635,22.962827950672143,240073.0,95.0,2475345.0,14000.0,0.0,0.0,0.0,0.0,4.19
2019-12-27,23.185768027863134,23.074297989267635,23.185768027863134,23.074297989267635,284014.0,110.0,2947188.0,22000.0,0.0,0.0,0.0,0.0,4.2
2019-12-30,23.074297989267635,23.297238066458625,23.297238066458625,23.074297989267635,196202.0,71.0,2033689.0,5000.0,0.0,0.0,0.0,0.0,4.2
2019-12-31,23.074297989267635,23.074297989267635,23.074297989267635,22.962827950672143,306048.0,77.0,3154351.0,19000.0,0.0,0.0,-2000.0,0.0,4.21
2020-01-02,23.074297989267635,23.074297989267635,23.297238066458625,22.962827950672143,349168.0,131.0,3616179.0,16000.0,0.0,0.0,0.0,0.0,4.22
2020-01-03,22.962827950672143,23.297238066458625,23.297238066458625,22.851357912076644,269201.0,95.0,2774189.0,-3000.0,0.0,0.0,-2000.0,0.0,4.22
2020-01-06,22.73988787348115,22.962827950672143,22.962827950672143,22.73988787348115,329731.0,112.0,3378204.0,-6000.0,0.0,0.0,0.0,0.0,4.21
2020-01-07,22.851357912076644,22.962827950672143,22.962827950672143,22.73988787348115,190156.0,88.0,1948290.0,-12000.0,0.0,0.0,0.0,0.0,4.21
2020-01-08,22.516947796290157,22.851357912076644,22.962827950672143,22.516947796290157,583190.0,161.0,5939200.0,-9000.0,0.0,0.0,-2000.0,0.0,4.2
2020-01-09,22.516947796290157,22.516947796290157,22.73988787348115,22.516947796290157,323101.0,82.0,3272119.0,-41000.0,0.0,0.0,3000.0,0.0,4.18
2020-01-10,22.628417834885653,22.628417834885653,22.73988787348115,22.516947796290157,225262.0,84.0,2282596.0,-13000.0,0.0,0.0,0.0,0.0,4.17
2020-01-13,22.628417834885653,22.628417834885653,22.73988787348115,22.516947796290157,393215.0,121.0,3981580.0,17000.0,0.0,0.0,0.0,0.0,4.18
2020-01-14,22.73988787348115,22.73988787348115,23.074297989267635,22.73988787348115,960017.0,205.0,9850821.0,20000.0,0.0,0.0,0.0,0.0,4.19
2020-01-15,22.628417834885653,22.851357912076644,22.962827950672143,22.628417834885653,157206.0,64.0,1608286.0,2000.0,0.0,0.0,-2000.0,0.0,4.2
2020-01-16,22.628417834885653,22.628417834885653,22.73988787348115,22.516947796290157,368560.0,119.0,3735454.0,-11000.0,0.0,0.0,-2000.0,0.0,4.19
2020-01-17,22.628417834885653,22.628417834885653,22.73988787348115,22.516947796290157,329403.0,118.0,3335329.0,-14000.0,0.0,0.0,0.0,0.0,4.18
2020-01-20,22.73988787348115,22.628417834885653,22.73988787348115,22.516947796290157,141347.0,70.0,1434086.0,-8000.0,0.0,0.0,0.0,0.0,4.18
2020-01-30,21.3353653871779,22.20483168822277,22.20483168822277,21.290777371739704,983104.0,330.0,9597222.0,-107000.0,0.0,0.0,-3000.0,0.0,4.12
2020-01-31,21.357659394897,21.402247410335196,21.669775502964388,21.15701332542511,805178.0,237.0,7699616.0,-40000.0,0.0,0.0,0.0,0.0,4.1
2020-02-03,20.376723055256637,21.06783729454871,21.06783729454871,20.086900954908348,785016.0,280.0,7141441.0,7000.0,0.0,0.0,4000.0,0.0,4.11
2020-02-04,20.978661263672315,20.688839163324023,21.06783729454871,20.621957140166728,284702.0,118.0,2670446.0,11000.0,0.0,0.0,0.0,0.0,4.11
2020-02-05,21.179307333144205,21.15701332542511,21.58059947208799,20.956367255953214,242169.0,113.0,2294930.0,-17000.0,0.0,0.0,-3000.0,0.0,4.11
2020-02-06,21.15701332542511,21.179307333144205,21.3799534026161,21.06783729454871,295423.0,140.0,2806526.0,-7000.0,0.0,0.0,1000.0,0.0,4.1
2020-02-07,21.023249279110512,21.06783729454871,21.11242530998691,20.867191225076816,260575.0,127.0,2450606.0,-65000.0,0.0,0.0,0.0,0.0,4.07
2020-02-10,23.074297989267635,20.755721186481324,23.074297989267635,20.532781109290333,3182643.0,807.0,32480349.0,-60000.0,0.0,0.0,0.0,0.0,4.04
2020-02-11,23.074297989267635,23.074297989267635,23.52017814364962,22.405477757694662,1975214.0,644.0,20284470.0,-87000.0,0.0,0.0,-22000.0,0.0,4.0
2020-02-12,23.631648182245115,22.962827950672143,23.9660582980316,22.962827950672143,2619199.0,997.0,27618850.0,8000.0,0.0,0.0,0.0,0.0,4.01
2020-02-13,23.9660582980316,23.52017814364962,24.188998375222592,23.297238066458625,1317831.0,511.0,14086776.0,13000.0,0.0,0.0,0.0,0.0,3.97
2020-02-14,23.74311822084061,23.854588259436106,23.854588259436106,23.408708105054124,461007.0,190.0,4896811.0,-5000.0,0.0,0.0,1000.0,0.0,3.95
2020-02-17,24.969288645391064,23.74311822084061,25.52663883836854,23.631648182245115,4623667.0,1653.0,51361897.0,40000.0,0.0,0.0,0.0,0.0,3.98
2020-02-18,27.421629494491974,25.30369876117755,27.421629494491974,24.634878529604578,7691429.0,2648.0,90236867.0,-6000.0,0.0,0.0,-2000.0,0.0,3.99
2020-02-19,27.31015945589648,27.421629494491974,27.644569571682965,26.529869185728007,6802420.0,2482.0,82852611.0,-135000.0,0.0,0.0,2000.0,0.0,3.99
2020-02-20,28.090449726064946,27.53309953308747,28.759269957637922,27.31015945589648,10303674.0,3761.0,128918218.0,-160444.0,0.0,0.0,4000.0,0.0,4.0
2020-02-21,27.19868941730098,28.090449726064946,28.090449726064946,26.864279301514497,3440100.0,1488.0,42109906.0,-392000.0,0.0,0.0,-2000.0,0.0,3.94
2020-02-24,26.864279301514497,27.087219378705488,27.867509648873956,26.529869185728007,3658926.0,1410.0,44578962.0,-263000.0,0.0,0.0,-6000.0,0.0,3.92
2020-02-25,26.306929108537016,26.752809262918998,27.53309953308747,25.749578915559535,4885203.0,1781.0,58287741.0,-228000.0,0.0,0.0,0.0,0.0,3.93
2020-02-26,28.424859841851436,26.864279301514497,28.647799919042427,26.418399147132508,12824670.0,3950.0,159781402.0,-41000.0,0.0,0.0,-1000.0,0.0,4.0
2020-02-27,27.087219378705488,28.424859841851436,28.424859841851436,25.86104895415503,7188886.0,2484.0,87919862.0,-450000.0,0.0,0.0,-3000.0,0.0,3.83
2020-03-02,27.421629494491974,26.195459069941517,27.978979687469455,26.195459069941517,7248454.0,2492.0,89078077.0,-2999.0,0.0,0.0,1000.0,0.0,3.89
2020-03-03,27.421629494491974,27.421629494491974,28.424859841851436,26.864279301514497,9611954.0,3232.0,119329435.0,-313000.0,0.0,0.0,0.0,0.0,3.83
2020-03-04,30.09691042078387,27.421629494491974,30.09691042078387,27.421629494491974,21214649.0,6190.0,278746058.0,-93000.0,0.0,0.0,-1000.0,0.0,3.84
2020-03-05,29.539560227806394,30.09691042078387,31.100140768143334,29.316620150615403,20328580.0,6687.0,274259881.0,-1119000.0,0.0,0.0,20000.0,0.0,3.22
2020-03-06,28.647799919042427,29.205150112019904,29.762500304997385,28.53632988044693,8968590.0,2819.0,116774168.0,-577000.0,0.0,0.0,-9000.0,0.0,3.08
2020-03-09,25.86104895415503,28.647799919042427,29.65103026640189,25.86104895415503,8016478.0,3218.0,99599129.0,-174000.0,0.0,0.0,-11000.0,0.0,3.14
2020-03-10,24.30046841381809,25.30369876117755,25.41516879977305,23.52017814364962,5237688.0,2066.0,57402513.0,672000.0,0.0,0.0,-2000.0,0.0,3.49
2020-03-11,22.851357912076644,24.746348568200073,24.969288645391064,22.73988787348115,3405518.0,1429.0,36642352.0,-946000.0,0.0,0.0,-1000.0,0.0,3.02
2020-03-12,20.911779240515017,22.73988787348115,22.73988787348115,20.80030920191952,3890660.0,1731.0,37665440.0,121000.0,0.0,0.0,-2000.0,0.0,3.02
2020-03-13,19.908548893155555,18.94990656123429,20.30984103209934,18.838436522638794,4350392.0,1487.0,37460832.0,-170000.0,0.0,0.0,1000.0,0.0,2.98
2020-03-16,20.443605078413935,20.532781109290333,21.89271558015538,20.28754702438024,6623012.0,2692.0,63316058.0,-620000.0,0.0,0.0,0.0,0.0,2.75
2020-03-17,21.2684833640206,20.04231293947015,22.182537680503668,19.418080723335375,5150455.0,2483.0,49252489.0,-381000.0,0.0,0.0,4000.0,0.0,2.61
2020-03-18,20.26525301666114,22.160243672784567,22.160243672784567,20.086900954908348,3156309.0,1498.0,30139413.0,-181000.0,0.0,0.0,0.0,0.0,2.62
2020-03-19,18.258792321942217,19.886254885436454,20.621957140166728,18.258792321942217,4606046.0,1545.0,39039710.0,495000.0,0.0,0.0,-1000.0,0.0,2.77
2020-03-20,19.373492707897174,18.481732399133207,19.79707885456006,18.481732399133207,1966800.0,891.0,17089846.0,305000.0,0.0,0.0,0.0,0.0,2.92
2020-03-23,18.6377904531669,18.236498314223116,18.838436522638794,18.058146252470323,1321250.0,493.0,10978525.0,153000.0,0.0,0.0,0.0,0.0,2.98
2020-03-24,19.351198700178074,18.94990656123429,19.618726792807266,18.94990656123429,1361072.0,566.0,11851700.0,218000.0,0.0,0.0,1000.0,0.0,3.09
2020-03-25,21.2684833640206,20.153782978065642,21.2684833640206,20.131488970346545,4533701.0,1899.0,42623934.0,556000.0,0.0,0.0,0.0,0.0,3.38
2020-03-26,21.201601340863306,21.469129433492498,22.24941970366097,21.000955271391412,3172000.0,1455.0,30708060.0,130000.0,0.0,0.0,0.0,0.0,3.44
2020-03-27,21.179307333144205,21.80353954927898,22.182537680503668,21.179307333144205,2362577.0,1061.0,22936627.0,-112000.0,0.0,0.0,0.0,0.0,3.4
2020-03-30,21.84812756471718,20.55507511700943,22.13794966506547,20.532781109290333,2781352.0,1312.0,27119214.0,-43000.0,0.0,0.0,0.0,0.0,3.37
2020-03-31,21.736657526121686,21.91500958787448,22.405477757694662,21.402247410335196,3366144.0,1216.0,33198599.0,-215000.0,0.0,0.0,0.0,0.0,2.61
2020-04-01,21.84812756471718,21.58059947208799,21.959597603312677,21.290777371739704,1708125.0,796.0,16633422.0,7000.0,0.0,0.0,0.0,0.0,2.59
2020-04-06,23.9660582980316,22.294007719099163,23.9660582980316,21.80353954927898,8712345.0,3025.0,90453649.0,49000.0,0.0,0.0,0.0,0.0,2.53
2020-04-07,26.306929108537016,25.41516879977305,26.306929108537016,25.19222872258206,8827305.0,3093.0,103189547.0,-98000.0,0.0,0.0,0.0,0.0,2.48
2020-04-08,25.52663883836854,27.421629494491974,27.53309953308747,25.30369876117755,9436797.0,3760.0,111541611.0,-285000.0,0.0,0.0,0.0,0.0,2.35
2020-04-09,25.08075868398656,25.52663883836854,26.195459069941517,24.969288645391064,3586998.0,1681.0,40980240.0,425000.0,0.0,0.0,0.0,0.0,2.57
2020-04-10,25.52663883836854,25.41516879977305,25.972518992750526,24.969288645391064,3319521.0,1378.0,38047606.0,-420000.0,0.0,0.0,0.0,0.0,2.25
2020-04-13,25.08075868398656,25.63810887696404,25.86104895415503,24.969288645391064,2643143.0,1067.0,30119732.0,-68000.0,0.0,0.0,0.0,0.0,2.25
2020-04-14,24.969288645391064,25.19222872258206,25.41516879977305,24.634878529604578,4384177.0,1525.0,49089287.0,496000.0,0.0,0.0,0.0,0.0,2.47
2020-04-15,24.969288645391064,25.30369876117755,25.30369876117755,24.634878529604578,2216160.0,992.0,24810570.0,-152000.0,0.0,0.0,0.0,0.0,2.4
2020-04-16,26.08398903134602,24.969288645391064,26.864279301514497,24.85781860679557,9216468.0,3487.0,108165718.0,-479000.0,0.0,0.0,-2000.0,0.0,2.13
2020-04-17,24.969288645391064,26.306929108537016,26.529869185728007,24.746348568200073,4931688.0,1894.0,56806320.0,-230000.0,0.0,0.0,0.0,0.0,2.08
2020-04-20,25.30369876117755,25.41516879977305,26.195459069941517,25.08075868398656,3786320.0,1423.0,43600264.0,-170000.0,0.0,0.0,0.0,0.0,2.6
2020-04-21,26.08398903134602,25.63810887696404,26.752809262918998,25.30369876117755,9621765.0,3718.0,113045250.0,-74000.0,0.0,0.0,0.0,0.0,2.77
2020-04-22,25.63810887696404,25.749578915559535,25.86104895415503,25.19222872258206,2986151.0,1216.0,34234251.0,-204000.0,0.0,0.0,-3000.0,0.0,2.79
2020-04-23,26.529869185728007,25.972518992750526,27.31015945589648,25.86104895415503,11096997.0,4014.0,132931809.0,-205000.0,0.0,0.0,-1000.0,0.0,2.84
2020-04-24,26.418399147132508,26.752809262918998,26.864279301514497,26.195459069941517,2706952.0,1093.0,32180479.0,-275000.0,0.0,0.0,0.0,0.0,3.01
2020-04-27,26.418399147132508,26.97574934010999,27.53309953308747,26.418399147132508,5745552.0,1971.0,69645924.0,-311000.0,0.0,0.0,-1000.0,0.0,2.99
2020-04-28,26.752809262918998,26.529869185728007,26.97574934010999,26.195459069941517,3826100.0,1255.0,45695040.0,267000.0,0.0,0.0,0.0,0.0,3.18
2020-04-29,26.97574934010999,27.087219378705488,27.53309953308747,26.6413392243235,3645658.0,1100.0,44134909.0,462000.0,0.0,0.0,1000.0,0.0,3.42
2020-04-30,27.19868941730098,27.421629494491974,27.75603961027846,27.19868941730098,3247765.0,1058.0,39847453.0,567000.0,0.0,0.0,-8000.0,0.0,3.71
2020-05-04,27.978979687469455,27.421629494491974,27.978979687469455,26.864279301514497,3331612.0,1323.0,41424746.0,-204000.0,0.0,0.0,-2000.0,0.0,3.61
2020-05-05,27.978979687469455,28.313389803255937,28.53632988044693,27.53309953308747,2801505.0,1034.0,35181160.0,-176000.0,0.0,0.0,0.0,0.0,3.44
2020-05-06,28.313389803255937,28.53632988044693,29.87397034359288,28.201919764660445,5497170.0,1918.0,71389357.0,158000.0,0.0,0.0,0.0,0.0,3.35
2020-05-07,30.09691042078387,28.647799919042427,30.765730652356847,28.53632988044693,5971978.0,2330.0,79692943.0,1862000.0,0.0,0.0,0.0,0.0,4.19
2020-05-08,29.65103026640189,30.542790575165853,31.434550883929823,29.093680073424412,5460323.0,2324.0,74229193.0,-545000.0,0.0,0.0,18000.0,0.0,3.89
2020-05-11,29.428090189210895,29.985440382188376,30.319850497974862,29.205150112019904,2593116.0,1094.0,34388166.0,104000.0,0.0,0.0,1000.0,0.0,3.93
2020-05-12,30.43132053657036,29.762500304997385,30.43132053657036,29.093680073424412,3031347.0,1113.0,40575899.0,662000.0,0.0,0.0,-1000.0,0.0,3.67
2020-05-13,30.319850497974862,30.43132053657036,31.211610806738832,30.319850497974862,3725617.0,1407.0,51167537.0,-708000.0,0.0,0.0,1000.0,0.0,3.27
2020-05-14,28.53632988044693,29.985440382188376,29.985440382188376,28.090449726064946,4047421.0,1537.0,52580885.0,179000.0,0.0,0.0,0.0,0.0,3.37
2020-05-15,28.424859841851436,28.982210034828913,29.205150112019904,27.75603961027846,2244482.0,821.0,28530741.0,946000.0,0.0,0.0,0.0,0.0,3.86
2020-05-18,29.539560227806394,28.982210034828913,30.542790575165853,28.53632988044693,2953091.0,1191.0,39324372.0,816000.0,0.0,0.0,2000.0,0.0,4.28
2020-05-19,29.762500304997385,30.319850497974862,30.43132053657036,29.316620150615403,1516801.0,686.0,20270320.0,4000.0,0.0,0.0,6000.0,0.0,3.97
2020-05-20,30.09691042078387,29.985440382188376,30.43132053657036,29.539560227806394,1991324.0,740.0,26783239.0,526000.0,0.0,0.0,7000.0,0.0,4.16
2020-05-21,31.88043103831181,30.654260613761352,32.32631119269379,30.319850497974862,8971322.0,3240.0,126056169.0,895000.0,0.0,0.0,0.0,0.0,4.44
2020-05-22,31.100140768143334,32.32631119269379,32.54925126988478,30.43132053657036,8522891.0,3017.0,119643675.0,-1937000.0,0.0,0.0,-2000.0,0.0,3.6
2020-05-25,30.542790575165853,30.988670729547838,31.434550883929823,30.542790575165853,6520826.0,1593.0,90925111.0,-624000.0,0.0,0.0,0.0,0.0,3.17
2020-05-26,30.20838045937937,30.654260613761352,31.100140768143334,29.87397034359288,2171303.0,870.0,29583656.0,-196000.0,0.0,0.0,2000.0,0.0,3.14
2020-05-27,29.87397034359288,30.43132053657036,30.542790575165853,29.428090189210895,2139054.0,846.0,28650166.0,428000.0,0.0,0.0,3000.0,0.0,3.39
2020-05-28,29.985440382188376,30.20838045937937,30.877200690952343,29.87397034359288,1756799.0,638.0,23925156.0,49000.0,0.0,0.0,0.0,0.0,3.49
2020-05-29,30.542790575165853,29.985440382188376,30.765730652356847,29.87397034359288,1106500.0,475.0,15076973.0,560000.0,0.0,0.0,0.0,0.0,3.66
2020-06-01,31.100140768143334,30.877200690952343,31.76896099971631,30.877200690952343,2341043.0,936.0,32780194.0,-97000.0,0.0,0.0,2000.0,0.0,3.62
2020-06-02,31.100140768143334,31.657490961120814,31.76896099971631,30.654260613761352,1929385.0,616.0,26885215.0,-61000.0,0.0,100000.0,0.0,0.0,3.59
2020-06-03,31.54602092252532,31.9919010769073,33.21807150145776,31.54602092252532,8854844.0,3402.0,128563506.0,-148000.0,0.0,100000.0,-3000.0,0.0,3.62
2020-06-04,33.10660146286226,31.76896099971631,33.10660146286226,31.323080845334328,6136500.0,2254.0,89051148.0,2014000.0,0.0,100000.0,-19000.0,0.0,4.66
2020-06-05,35.558942311963165,34.44424192600821,36.33923258213164,33.66395165583974,20064996.0,7290.0,318492775.0,-403000.0,0.0,64000.0,196000.0,0.0,4.48
2020-06-08,37.23099289089561,36.116292504940645,38.34569327685056,35.336002234772174,13638717.0,4917.0,223871244.0,448000.0,0.0,136000.0,-1000.0,0.0,4.55
2020-06-09,40.90950416454697,37.5654030066821,40.90950416454697,36.89658277510912,23260194.0,7285.0,417231693.0,123000.0,0.0,0.0,-4000.0,0.0,4.62
2020-06-10,44.922425553984816,43.91919520662535,44.922425553984816,42.35861466628841,28018157.0,8777.0,552377697.0,2903000.0,0.0,0.0,-60000.0,0.0,6.14
2020-06-11,46.37153605572627,49.046816982018164,49.38122709780465,45.256835669771306,40363906.0,12558.0,873656079.0,-329291.0,0.0,0.0,313000.0,0.0,5.99
2020-06-12,50.9418076381416,45.70271582415329,50.9418076381416,43.91919520662535,49334448.0,18801.0,1088460666.0,1124000.0,0.0,0.0,7000.0,0.0,6.6
2020-06-15,54.062968718815476,53.059738371456014,55.51207922055692,51.27621775392808,15408755.0,6198.0,366468283.0,-1241000.0,0.0,0.0,299000.0,100000.0,5.82
2020-06-16,52.50238817847853,53.505618525837995,53.505618525837995,51.27621775392808,9784780.0,4459.0,229593574.0,216000.0,0.0,0.0,4000.0,0.0,5.83
2020-06-17,54.62031891179296,53.505618525837995,55.62354925915241,53.505618525837995,7784171.0,3438.0,191615284.0,-411000.0,0.0,0.0,100000.0,20000.0,5.61
2020-06-18,59.97088076437675,55.51207922055692,60.08235080297225,55.51207922055692,12005048.0,5006.0,316566311.0,-374000.0,0.0,0.0,402000.0,190000.0,5.65
2020-06-19,58.85618037842179,59.97088076437675,59.97088076437675,57.07265976089386,8070477.0,3699.0,210183784.0,-135000.0,0.0,0.0,50000.0,0.0,5.27
2020-06-22,53.84002864162448,58.85618037842179,60.52823095735423,53.84002864162448,8740390.0,4341.0,223758010.0,-113000.0,0.0,0.0,0.0,0.0,5.2
2020-06-23,51.72209790831006,53.84002864162448,55.51207922055692,50.8303375995461,9840116.0,4102.0,231505735.0,1699000.0,0.0,0.0,-1225000.0,0.0,6.08
2020-06-24,54.50884887319746,53.505618525837995,55.62354925915241,53.505618525837995,6362058.0,3033.0,155588753.0,295000.0,0.0,0.0,-1000.0,0.0,5.99
2020-06-29,59.85941072578126,54.39737883460196,59.85941072578126,54.39737883460196,10990278.0,5858.0,290084429.0,-911000.0,0.0,0.0,-3000.0,0.0,5.35
2020-06-30,64.65262238538757,61.642931343309186,65.32144261696055,61.642931343309186,10512917.0,5744.0,300221693.0,-1115000.0,0.0,0.0,-69000.0,0.0,4.83
2020-07-01,62.646161690668656,65.32144261696055,66.43614300291551,60.75117103454522,12981034.0,6741.0,368722948.0,-1006000.0,0.0,0.0,0.0,0.0,4.33
2020-07-02,63.31498192224163,63.9838021538146,66.21320292572452,62.311751574882166,12508750.0,6265.0,358874395.0,-1059000.0,0.0,0.0,0.0,0.0,3.99
2020-07-03,64.54115234679207,64.65262238538757,66.21320292572452,61.754401381904685,12939631.0,5944.0,371763805.0,1688000.0,0.0,0.0,250000.0,0.0,4.86
2020-07-06,70.9169680898894,66.55456784461228,70.9169680898894,65.99528576188445,10623855.0,3814.0,331183983.0,-212000.0,0.0,0.0,-248000.0,0.0,4.76
2020-07-07,77.96392233226011,75.16751191862093,77.96392233226011,70.9169680898894,38543484.0,17565.0,1303754910.0,-1135000.0,0.0,950000.0,15000.0,0.0,4.03
2020-07-08,84.33973807535742,82.21446616099165,85.68201507390421,79.41805574735247,45070327.0,22824.0,1681469699.0,-2943545.0,0.0,350000.0,-3000.0,0.0,3.9
2020-07-09,83.55674315953844,90.15627173572689,91.27483590118256,81.9907533279005,49803135.0,25675.0,1961939429.0,-1413000.0,0.0,0.0,249000.0,0.0,3.49
2020-07-10,78.9706300811702,82.77374824371948,82.77374824371948,76.2860760840766,25972583.0,13134.0,928257235.0,-25000.0,0.0,0.0,-258000.0,0.0,3.55
2020-07-13,81.65518407826382,81.65518407826382,85.57015865735865,80.08919424662587,24228514.0,11698.0,899474600.0,-2852000.0,0.0,312000.0,0.0,0.0,2.35
2020-07-14,85.12273299117638,82.77374824371948,89.03770757027121,82.3263225775372,41765917.0,19651.0,1603808275.0,-1347000.0,0.0,500000.0,0.0,130000.0,1.74
2020-07-15,80.76033274589928,86.46500998972319,88.36656907099783,78.74691724807907,31413945.0,15403.0,1183747557.0,-1115000.0,0.0,0.0,2000.0,0.0,1.64
2020-07-16,82.77374824371948,81.87889691135494,83.55674315953844,79.64176858044361,14175647.0,7074.0,517033787.0,874291.0,0.0,-135000.0,-8000.0,0.0,2.15
2020-07-17,83.668599576084,83.89231240917515,88.92585115372566,82.99746107681061,50032141.0,23919.0,1920383949.0,-943000.0,0.0,0.0,1000.0,0.0,1.68
2020-07-20,75.39122475171207,83.44488674299288,83.44488674299288,75.39122475171207,26218633.0,11656.0,898950822.0,-52000.0,0.0,560000.0,0.0,0.0,1.63
2020-07-21,77.18092741644114,79.9773378300803,81.43147124517267,76.39793250062216,23318656.0,11205.0,824683225.0,2098000.0,0.0,374000.0,3000.0,0.0,2.68
2020-07-22,80.98404557899042,79.52991216389803,81.09590199553597,76.95721458335,13233542.0,7023.0,467709312.0,316310.0,0.0,0.0,-1000.0,0.0,2.93
2020-07-23,81.65518407826382,80.53661991280813,82.55003541062834,80.08919424662587,12852979.0,6311.0,467089682.0,88000.0,0.0,0.0,-4000.0,0.0,3.26
2020-07-24,82.66189182717392,81.54332766171825,86.24129715663204,79.9773378300803,29884392.0,14838.0,1114543999.0,-1351000.0,0.0,0.0,57000.0,0.0,2.58
2020-07-27,79.9773378300803,83.22117390990175,83.78045599262958,79.9773378300803,18627919.0,9094.0,678927197.0,-110000.0,0.0,0.0,11000.0,0.0,2.75
2020-07-28,76.73350175025887,79.9773378300803,82.3263225775372,75.05565550207535,20240305.0,8953.0,711855604.0,2595000.0,0.0,0.0,35000.0,0.0,4.01
2020-07-29,79.75362499698917,77.51649666607783,80.53661991280813,76.73350175025887,12757778.0,5637.0,449187133.0,1136782.0,0.0,0.0,-32000.0,0.0,4.56
2020-07-30,82.10260974444608,79.75362499698917,82.66189182717392,79.3061993308069,12757170.0,6200.0,463807486.0,-201000.0,0.0,0.0,-8000.0,0.0,4.44
2020-07-31,79.9773378300803,81.65518407826382,83.33303032644731,79.41805574735247,13191632.0,6456.0,477153852.0,-3448000.0,0.0,0.0,30000.0,0.0,2.66
2020-08-03,80.53661991280813,80.08919424662587,81.54332766171825,78.9706300811702,7963603.0,3972.0,285715532.0,209000.0,0.0,0.0,4000.0,0.0,2.79
2020-08-04,88.59028190408895,82.66189182717392,88.59028190408895,81.54332766171825,45955511.0,20731.0,1770728965.0,554000.0,0.0,0.0,189000.0,0.0,3.08
2020-08-05,92.5052564831838,87.91914340481554,94.8542412306407,85.79387149044979,68966434.0,33154.0,2796166966.0,-1834000.0,0.0,240000.0,242000.0,0.0,2.27
2020-08-06,97.31508239464317,94.63052839754955,101.11820055719245,93.95938989827616,60802026.0,30239.0,2668552755.0,1841000.0,0.0,327000.0,32000.0,0.0,3.31
2020-08-07,96.75580031191534,97.53879522773431,100.89448772410131,94.63052839754955,36124154.0,19154.0,1574220348.0,-2711000.0,0.0,55000.0,-280000.0,0.0,2.0
2020-08-10,100.67077489101017,96.75580031191534,100.67077489101017,96.64394389536977,24675607.0,12523.0,1087153165.0,-682000.0,0.0,0.0,180000.0,0.0,1.8
2020-08-11,103.69089813774049,110.73785238011119,110.73785238011119,102.90790322192152,16960188.0,9091.0,801092128.0,25000.0,0.0,0.0,-31000.0,0.0,1.89
2020-08-12,102.46047755573923,103.46718530464935,103.46718530464935,96.64394389536977,11139720.0,6139.0,494385454.0,26000.0,0.0,-605000.0,3000.0,150000.0,1.92
2020-08-13,107.71772913338089,104.69760588665058,109.17186254847326,102.90790322192152,13475588.0,7382.0,640223774.0,854000.0,0.0,0.0,-116000.0,0.0,2.37
2020-08-14,113.64611921029592,107.71772913338089,113.64611921029592,105.14503155283285,9775852.0,5779.0,474004243.0,-787000.0,0.0,0.0,-2000.0,0.0,1.96
2020-08-17,124.83176086485261,116.55438604048068,124.83176086485261,116.55438604048068,15451503.0,8400.0,840907636.0,-271000.0,0.0,0.0,-28000.0,0.0,2.06
2020-08-18,131.9905715237689,125.72661219721716,134.22769985468022,119.91007853684768,13712151.0,8396.0,773337851.0,347000.0,0.0,0.0,-19000.0,0.0,2.46
2020-08-19,123.26577103321469,131.9905715237689,134.22769985468022,120.80492986921222,15409882.0,9669.0,879185210.0,521000.0,0.0,0.0,-24000.0,0.0,2.52
2020-08-20,118.34408870520974,121.4760683684856,124.38433519867036,110.96156521320233,16756501.0,9295.0,869334786.0,1910000.0,0.0,-70000.0,-34000.0,0.0,3.38
2020-08-21,126.17403786339942,122.8183453670324,128.6348790274019,119.68636570375654,13060550.0,7538.0,729434250.0,516000.0,0.0,0.0,21000.0,0.0,3.2
2020-08-24,128.1874533612196,121.92349403466788,129.9771560259487,121.92349403466788,5373190.0,2287.0,306971930.0,-35000.0,0.0,-62000.0,26000.0,375000.0,2.79
2020-08-25,134.89883835395364,136.46482818559156,136.46482818559156,130.20086885903984,6060370.0,2803.0,364813964.0,834000.0,0.0,0.0,-42000.0,-180000.0,3.21
2020-08-26,133.10913568922456,133.78027418849797,137.3596795179561,133.10913568922456,4288151.0,2004.0,259730179.0,528000.0,0.0,0.0,-29000.0,230000.0,3.42
2020-08-27,134.22769985468022,134.22769985468022,136.6885410186827,133.55656135540684,4388551.0,1804.0,263972047.0,1089000.0,0.0,0.0,1000.0,-250000.0,3.69
2020-08-28,147.42675700705715,136.6885410186827,147.65046984014825,136.46482818559156,6219135.0,2966.0,399344468.0,284000.0,0.0,0.0,-8000.0,-145000.0,3.75
2020-08-31,156.5989831637936,152.12472650197094,156.5989831637936,149.8875981710596,4921304.0,2126.0,336933180.0,67000.0,0.0,0.0,17000.0,95000.0,3.67
2020-09-01,155.92784466452022,156.82269599688473,161.07323982561627,153.2432906674266,3324434.0,1583.0,232671546.0,64000.0,0.0,0.0,1000.0,300000.0,3.5
2020-09-02,171.36403014780842,160.17838849325173,171.36403014780842,160.17838849325173,4606486.0,2144.0,347532603.0,59000.0,0.0,-388000.0,-23000.0,0.0,3.51
2020-09-03,176.73313814199565,167.7846248183503,176.73313814199565,167.7846248183503,3645589.0,1981.0,281600531.0,183000.0,0.0,0.0,1000.0,0.0,3.55
2020-09-04,176.73313814199565,161.07323982561627,176.73313814199565,161.07323982561627,4921293.0,2191.0,375699880.0,-182000.0,0.0,-590000.0,0.0,0.0,3.43
2020-09-07,159.05982432779606,190.15590812746368,191.0507594598282,159.05982432779606,37824151.0,21801.0,2934948898.0,100000.0,0.0,-449000.0,68000.0,0.0,3.59
2020-09-08,150.33502383724186,172.4825943132641,174.94343547726658,146.08448000851033,73210992.0,35668.0,5315956437.0,1903000.0,0.0,-594000.0,-88000.0,-30000.0,4.31
2020-09-09,152.12472650197094,148.09789550633053,154.13814199979115,146.7556185077837,33545312.0,17166.0,2255498416.0,-1675000.0,0.0,-625000.0,48000.0,0.0,2.98
2020-09-10,143.84735167759897,155.48041899833794,157.0464088299759,137.3596795179561,45168041.0,23379.0,2930346608.0,551000.0,0.0,-85000.0,-114000.0,0.0,3.25
2020-09-11,130.42458169213094,142.5050746790522,146.08448000851033,130.42458169213094,43770981.0,21605.0,2674019763.0,887000.0,0.0,0.0,-83000.0,0.0,4.46
2020-09-14,143.3999260114167,131.9905715237689,143.3999260114167,125.05547369794375,72058866.0,34810.0,4400625294.0,1251000.0,0.0,0.0,1000.0,0.0,5.51
2020-09-15,142.5050746790522,143.84735167759897,148.32160833942166,138.47824368341176,56112827.0,31546.0,3605557027.0,-2363483.0,0.0,50000.0,0.0,0.0,4.35
2020-09-16,143.17621317832558,146.7556185077837,147.65046984014825,141.3865105135965,26143474.0,14067.0,1683873772.0,-453000.0,0.0,-65000.0,0.0,0.0,3.94
2020-09-17,143.17621317832558,142.7287875121433,144.96591584305466,140.26794634814084,12972222.0,7703.0,826729608.0,232000.0,0.0,0.0,-11000.0,0.0,4.09
2020-09-18,147.203044173966,143.62363884450787,153.46700350051773,143.17621317832558,41731989.0,24066.0,2775060763.0,-1336000.0,0.0,-50000.0,32000.0,0.0,3.49
2020-09-21,144.74220300996353,147.87418267323937,149.66388533796848,144.29477734378125,13082921.0,7729.0,856993572.0,-147000.0,0.0,0.0,-38000.0,0.0,3.62
2020-09-22,147.65046984014825,144.74220300996353,147.65046984014825,138.92566934959405,18171403.0,10376.0,1160667898.0,641000.0,0.0,0.0,-3000.0,0.0,4.2
2020-09-23,143.17621317832558,148.32160833942166,149.66388533796848,141.61022334668763,21897506.0,12680.0,1431075384.0,-1014000.0,0.0,0.0,-1000.0,0.0,3.66
2020-09-24,139.82052068195858,139.3730950157763,145.1896286761458,139.14938218268517,16974416.0,9508.0,1076321789.0,558000.0,0.0,0.0,-5000.0,0.0,4.04
2020-09-25,132.21428435686002,141.8339361797788,142.7287875121433,127.51631486194623,29017923.0,15223.0,1752646438.0,3119000.0,0.0,0.0,0.0,0.0,5.62
2020-09-28,140.93908484741425,136.91225385177384,142.5050746790522,130.42458169213094,34004724.0,18071.0,2099501712.0,-932000.0,0.0,0.0,-2000.0,0.0,5.37
2020-09-29,134.45141268777138,139.82052068195858,140.93908484741425,134.22769985468022,24072106.0,13346.0,1469196654.0,-2820000.0,0.0,0.0,0.0,0.0,4.21
2020-09-30,135.3462640201359,137.80710518413838,139.82052068195858,135.12255118704476,36873972.0,19059.0,2254289765.0,-611000.0,0.0,0.0,2000.0,0.0,4.25
2020-10-05,148.7690340056039,141.61022334668763,148.7690340056039,139.3730950157763,51296941.0,23153.0,3321241466.0,3773000.0,0.0,0.0,50000.0,0.0,6.24
2020-10-06,151.00616233651527,151.00616233651527,156.15155749761132,146.53190567469258,81541119.0,41824.0,5524036290.0,-4370000.0,0.0,0.0,-50000.0,0.0,4.45
2020-10-07,152.34843933506204,149.8875981710596,153.9144291667,148.32160833942166,29781038.0,16184.0,2012936270.0,356000.0,0.0,0.0,89000.0,0.0,4.46
2020-10-08,151.00616233651527,152.5721521681532,155.03299333215566,150.78244950342415,24706363.0,12952.0,1687914983.0,-750000.0,0.0,0.0,0.0,0.0,4.07
2020-10-12,151.45358800269753,151.45358800269753,155.03299333215566,148.5453211725128,22982416.0,12573.0,1562663417.0,2581000.0,0.0,0.0,50000.0,0.0,5.39
2020-10-13,150.33502383724186,152.79586500124432,154.36185483288227,150.33502383724186,19229891.0,10716.0,1308598288.0,-2668000.0,0.0,0.0,11000.0,0.0,3.92
2020-10-14,150.558736670333,150.33502383724186,161.96809115798084,150.1113110041507,39584623.0,21743.0,2741088104.0,2161000.0,0.0,0.0,0.0,2000.0,5.04
2020-10-15,149.44017250487732,151.67730083578866,154.36185483288227,149.44017250487732,13542090.0,7771.0,918049230.0,-1255000.0,0.0,0.0,0.0,-2000.0,4.38
2020-10-16,140.93908484741425,150.1113110041507,151.67730083578866,139.59680784886743,20973935.0,12339.0,1359299134.0,671000.0,0.0,0.0,-149000.0,0.0,4.05
2020-10-19,139.14938218268517,143.17621317832558,143.62363884450787,137.13596668486497,13219118.0,7387.0,828535039.0,888000.0,0.0,0.0,3000.0,0.0,4.65
2020-10-20,139.82052068195858,140.26794634814084,144.74220300996353,139.14938218268517,12804152.0,7740.0,812370755.0,-765000.0,0.0,0.0,-1000.0,0.0,4.25
2020-10-21,140.26794634814084,140.0442335150497,142.28136184596104,138.70195651650292,8285641.0,4739.0,519427985.0,-765000.0,0.0,0.0,6000.0,0.0,3.7
2020-10-22,140.49165918123197,141.16279768050538,142.28136184596104,138.70195651650292,7766603.0,4513.0,486901062.0,-456000.0,0.0,0.0,-5000.0,0.0,3.63
2020-10-23,140.0442335150497,140.93908484741425,142.7287875121433,140.0442335150497,5584007.0,3340.0,351707135.0,-291000.0,0.0,0.0,0.0,0.0,3.35
2020-10-26,135.79368968631817,140.0442335150497,140.7153720143231,135.56997685322705,8200743.0,4964.0,504235053.0,-55000.0,0.0,0.0,4000.0,0.0,3.39
2020-10-27,141.61022334668763,134.89883835395364,145.41334150923691,132.21428435686002,27569602.0,16523.0,1743180674.0,360000.0,0.0,0.0,200.0,0.0,3.59
2020-10-28,142.05764901286992,142.28136184596104,145.41334150923691,140.0442335150497,16744602.0,9810.0,1066321505.0,-1004000.0,0.0,0.0,-3000.0,1000.0,3.17
2020-10-29,148.7690340056039,140.93908484741425,150.1113110041507,140.0442335150497,34574054.0,20696.0,2254444021.0,1412000.0,0.0,0.0,-1100.0,0.0,3.96
2020-10-30,139.14938218268517,148.7690340056039,149.66388533796848,138.92566934959405,26877398.0,15568.0,1736916579.0,-2667000.0,0.0,0.0,-3100.0,0.0,2.68
2020-11-02,138.0308180172295,140.49165918123197,142.5050746790522,135.56997685322705,15507589.0,9234.0,962982101.0,346000.0,0.0,0.0,2000.0,0.0,2.96
2020-11-03,138.25453085032063,139.59680784886743,140.49165918123197,137.58339235104725,9244352.0,5492.0,574385040.0,-482000.0,0.0,0.0,0.0,0.0,2.76
2020-11-04,138.92566934959405,138.92566934959405,141.61022334668763,135.12255118704476,15997787.0,9217.0,992507328.0,37000.0,0.0,0.0,1000.0,0.0,2.78
2020-11-05,137.3596795179561,138.0308180172295,140.49165918123197,136.6885410186827,13670034.0,7530.0,843092657.0,-656000.0,0.0,0.0,0.0,0.0,2.47
2020-11-06,134.6751255208625,137.80710518413838,139.14938218268517,134.45141268777138,12909813.0,7020.0,786527961.0,-2485000.0,0.0,0.0,0.0,0.0,1.16
2020-11-09,137.3596795179561,136.24111535250043,139.14938218268517,134.89883835395364,9797587.0,5406.0,600775516.0,1775000.0,0.0,0.0,5000.0,0.0,2.13
2020-11-10,124.16062236557921,131.5431458575866,131.5431458575866,123.93690953248807,30878868.0,17838.0,1757398539.0,-1251000.0,0.0,0.0,0.0,-1000.0,2.09
2020-11-11,127.51631486194623,123.93690953248807,128.85859186049302,122.37091970085015,17154633.0,9765.0,964773547.0,1395000.0,0.0,0.0,4000.0,30000.0,2.45
2020-11-12,127.51631486194623,127.74002769503736,130.42458169213094,124.38433519867036,12558737.0,6984.0,713549139.0,-937000.0,0.0,0.0,0.0,0.0,1.82
2020-11-13,129.08230469358418,126.62146352958169,131.09572019140435,126.62146352958169,11042485.0,6675.0,638423670.0,1224000.0,0.0,0.0,1000.0,0.0,2.37
2020-11-16,128.85859186049302,130.87200735831323,131.5431458575866,128.41116619431077,9450352.0,4873.0,547695719.0,240952.0,0.0,0.0,3000.0,0.0,2.45
2020-11-17,127.29260202885509,127.51631486194623,129.9771560259487,124.60804803176148,12528326.0,7013.0,712019459.0,1227000.0,0.0,0.0,41000.0,0.0,3.01
2020-11-18,130.20086885903984,128.6348790274019,130.6482945252221,127.9637405281285,10380023.0,5500.0,600901994.0,297000.0,0.0,0.0,17000.0,0.0,3.33
2020-11-19,131.76685869067776,132.88542285613343,135.3462640201359,130.87200735831323,19158608.0,11228.0,1139234098.0,-2168020.0,0.0,0.0,-3000.0,0.0,2.2
2020-11-20,129.08230469358418,131.76685869067776,132.6617100230423,128.85859186049302,7308410.0,4346.0,424490091.0,-715100.0,0.0,0.0,0.0,0.0,1.83
2020-11-23,131.5431458575866,131.09572019140435,133.10913568922456,129.08230469358418,8162513.0,4550.0,478404735.0,2221000.0,0.0,0.0,1000.0,0.0,2.9
2020-11-24,131.09572019140435,132.43799718995118,135.12255118704476,131.09572019140435,9609780.0,5704.0,571088632.0,198000.0,0.0,0.0,0.0,0.0,3.01
2020-11-25,128.1874533612196,132.6617100230423,133.10913568922456,126.84517636267283,9121170.0,5641.0,526631601.0,-2143900.0,0.0,0.0,0.0,0.0,1.97
2020-11-26,128.1874533612196,127.74002769503736,128.85859186049302,126.62146352958169,6434598.0,3557.0,366936217.0,53000.0,0.0,0.0,0.0,0.0,1.88
2020-11-27,131.9905715237689,127.9637405281285,132.88542285613343,127.74002769503736,9659043.0,5447.0,565323133.0,3709000.0,0.0,0.0,0.0,-5000.0,3.69
2020-11-30,133.33284852231571,133.78027418849797,134.6751255208625,130.87200735831323,8797074.0,4967.0,523048008.0,1017000.0,0.0,0.0,-2000.0,0.0,4.26
2020-12-01,131.3194330244955,134.22769985468022,134.6751255208625,130.6482945252221,7321468.0,4243.0,434828869.0,-433000.0,0.0,0.0,1000.0,0.0,3.83
2020-12-02,128.1874533612196,130.87200735831323,131.5431458575866,126.62146352958169,9845147.0,5774.0,564281637.0,-2546500.0,0.0,0.0,-1000.0,0.0,2.42
2020-12-03,125.27918653103488,128.41116619431077,128.41116619431077,124.38433519867036,8814949.0,5476.0,495039175.0,-1004000.0,0.0,0.0,2000.0,0.0,1.97
2020-12-04,124.38433519867036,125.27918653103488,127.74002769503736,123.71319669939695,6503856.0,3948.0,364877823.0,338000.0,0.0,0.0,1000.0,0.0,2.12
2020-12-07,114.31725770956933,122.14720686775901,122.8183453670324,112.30384221174914,21190063.0,11818.0,1093171806.0,1042000.0,0.0,0.0,-9000.0,0.0,2.68
2020-12-08,118.56780153830087,113.86983204338706,119.01522720448315,112.52755504484026,10478296.0,5908.0,547170840.0,3763000.0,0.0,0.0,0.0,50000.0,4.54
2020-12-09,115.65953470811614,118.56780153830087,119.91007853684768,114.98839620884273,7177192.0,4222.0,373308037.0,-1321500.0,0.0,0.0,1000.0,3000.0,3.91
2020-12-10,111.85641654556686,114.0935448764782,117.22552453975406,111.85641654556686,8420135.0,4827.0,427897046.0,-219000.0,0.0,0.0,7000.0,5000.0,3.48
2020-12-11,110.96156521320233,111.85641654556686,115.21210904193387,110.73785238011119,10035154.0,5677.0,504756590.0,1296000.0,0.0,0.0,6000.0,87000.0,4.08
2020-12-14,112.080129378658,111.85641654556686,113.19869354411367,110.0667138808378,3809377.0,2294.0,190483324.0,874000.0,0.0,0.0,1000.0,-70000.0,4.24
2020-12-15,111.7445601290213,112.97498071102252,117.00181170666293,111.63270371247573,7060416.0,4296.0,358412093.0,-284000.0,0.0,0.0,5000.0,10000.0,3.88
2020-12-16,112.7512678779314,112.97498071102252,115.21210904193387,111.85641654556686,4522918.0,2542.0,229599149.0,1287000.0,0.0,0.0,-5000.0,23000.0,4.52
2020-12-17,111.40899087938459,113.64611921029592,114.54097054266047,111.40899087938459,3755783.0,2257.0,188456789.0,-884000.0,0.0,0.0,-1000.0,-27000.0,4.08
2020-12-18,108.61258046574541,111.7445601290213,112.52755504484026,108.50072404919986,6152317.0,4014.0,301615378.0,1138000.0,0.0,0.0,-2000.0,-1000.0,4.53
2020-12-21,109.61928821465553,110.0667138808378,111.18527804629346,108.72443688229099,4051887.0,2431.0,198962485.0,1420000.0,0.0,0.0,-3000.0,-7000.0,5.27
2020-12-22,112.97498071102252,110.17857029738336,114.0935448764782,110.17857029738336,10853123.0,6606.0,544203730.0,-1935000.0,0.0,0.0,0.0,61000.0,4.2
2020-12-23,107.49401630028974,112.97498071102252,113.86983204338706,107.38215988374418,10760140.0,6782.0,527069184.0,-3399000.0,0.0,0.0,1000.0,-24000.0,2.5
2020-12-24,111.52084729593017,108.05329838301758,111.7445601290213,107.82958554992646,9451765.0,5476.0,467173011.0,4504000.0,0.0,0.0,0.0,40000.0,4.79
2020-12-25,109.84300104774667,112.7512678779314,113.64611921029592,109.84300104774667,6207661.0,3519.0,310122280.0,-314000.0,0.0,0.0,6000.0,-41000.0,4.63
2020-12-28,108.94814971538213,110.29042671392892,110.96156521320233,108.50072404919986,4008913.0,2349.0,195781883.0,-10000.0,0.0,0.0,0.0,3000.0,4.65
2020-12-29,108.83629329883655,109.61928821465553,111.18527804629346,108.61258046574541,3839246.0,2368.0,188573061.0,779000.0,0.0,0.0,0.0,21000.0,4.97
2020-12-30,109.95485746429222,109.0600061319277,110.62599596356563,109.0600061319277,2326945.0,1440.0,114224641.0,602400.0,0.0,0.0,0.0,-9000.0,5.28
2020-12-31,111.7445601290213,110.51413954702005,115.21210904193387,109.39557538156438,9740410.0,5858.0,490277766.0,-482000.0,0.0,0.0,-2000.0,228000.0,4.96
2021-01-04,108.83629329883655,111.7445601290213,111.85641654556686,108.50072404919986,5285028.0,3205.0,258647868.0,-1721000.0,0.0,0.0,0.0,-137000.0,4.06
2021-01-05,106.03988288519739,108.83629329883655,109.73114463120109,105.92802646865182,4674224.0,3024.0,224549573.0,-313000.0,0.0,0.0,0.0,4000.0,3.97
2021-01-06,103.13161605501264,103.13161605501264,107.82958554992646,101.56562622337471,11736859.0,6827.0,546351334.0,2121000.0,0.0,0.0,-24000.0,-13000.0,5.13
2021-01-07,107.15844705065305,104.36203663701387,107.27030346719863,104.25018022046832,7567757.0,4299.0,358395687.0,3601100.0,0.0,0.0,3000.0,28000.0,6.97
2021-01-08,106.7110213844708,107.38215988374418,108.3888676326543,105.36874438592399,4095336.0,2508.0,195133047.0,600.0,0.0,0.0,2000.0,-14000.0,6.94
2021-01-11,107.27030346719863,105.92802646865182,107.38215988374418,102.79604680537595,5331625.0,3133.0,251449045.0,1660600.0,0.0,0.0,1000.0,-32000.0,7.75
2021-01-12,104.58574947010501,107.15844705065305,109.0600061319277,104.36203663701387,4423452.0,2518.0,210804534.0,-820000.0,0.0,0.0,0.0,-12000.0,7.26
2021-01-13,107.04659063410749,105.14503155283285,108.05329838301758,105.03317513628728,3268833.0,2020.0,155640204.0,1632000.0,0.0,0.0,1000.0,55000.0,8.11
2021-01-14,107.27030346719863,107.04659063410749,108.50072404919986,106.26359571828851,3345585.0,1945.0,160914102.0,611000.0,0.0,0.0,1000.0,-25000.0,8.35
2021-01-15,102.01305188955698,108.3888676326543,108.50072404919986,101.11820055719245,5672057.0,3311.0,263644416.0,-1293000.0,0.0,0.0,0.0,-14000.0,7.71
2021-01-18,103.91461097083162,101.9011954730114,104.69760588665058,99.66406714210007,4143550.0,2504.0,190404483.0,1269000.0,0.0,0.0,1000.0,10000.0,8.38
2021-01-19,106.15173930174296,103.91461097083162,106.93473421756191,103.69089813774049,3649166.0,2187.0,172708891.0,1148000.0,0.0,0.0,1000.0,32000.0,8.71
2021-01-20,100.11149280828234,107.27030346719863,107.38215988374418,100.11149280828234,5959949.0,3632.0,272806617.0,-2286000.0,0.0,0.0,0.0,-39000.0,7.54
2021-01-21,103.01975963846708,103.13161605501264,107.49401630028974,102.01305188955698,7825224.0,4737.0,366669637.0,2295000.0,0.0,0.0,0.0,116000.0,8.68
2021-01-22,105.48060080246955,103.01975963846708,106.15173930174296,103.01975963846708,3815486.0,2168.0,179139046.0,1270000.0,0.0,0.0,0.0,-89000.0,9.3
2021-01-25,115.88324754120727,105.14503155283285,115.88324754120727,105.14503155283285,27999184.0,14002.0,1406944498.0,-1564000.0,0.0,0.0,0.0,654000.0,8.52
2021-01-26,109.17186254847326,115.21210904193387,116.55438604048068,108.61258046574541,36332401.0,20640.0,1817550439.0,-5333000.0,0.0,0.0,0.0,-368000.0,5.64
2021-01-27,106.48730855137966,110.0667138808378,111.40899087938459,106.48730855137966,9399576.0,5536.0,457748653.0,-1007000.0,0.0,0.0,9000.0,-144000.0,5.44
2021-01-28,104.9213187197417,105.14503155283285,109.95485746429222,104.25018022046832,9259991.0,5781.0,444107600.0,-1329000.0,0.0,0.0,-1000.0,9000.0,4.92
2021-01-29,101.34191339028357,104.9213187197417,106.48730855137966,100.78263130755573,6339003.0,3821.0,292011299.0,-564000.0,0.0,0.0,-2000.0,-59000.0,4.66
2021-02-01,103.13161605501264,100.67077489101017,108.05329838301758,100.67077489101017,11145158.0,7256.0,522682042.0,507000.0,0.0,0.0,2000.0,4000.0,4.96
2021-02-02,105.25688796937841,104.02646738737718,106.15173930174296,102.46047755573923,4849335.0,2998.0,225581061.0,1283000.0,0.0,0.0,-22000.0,-5000.0,5.63
2021-02-03,103.01975963846708,105.59245721901512,106.48730855137966,102.90790322192152,3233172.0,2065.0,151215031.0,450700.0,0.0,0.0,-4000.0,-24000.0,5.83
2021-02-04,102.68419038883037,103.91461097083162,105.48060080246955,102.23676472264812,2818381.0,1635.0,130373824.0,-405000.0,0.0,0.0,-7000.0,7000.0,5.61
2021-02-05,101.00634414064687,103.35532888810378,103.69089813774049,100.67077489101017,3749819.0,2282.0,169726887.0,-820000.0,0.0,0.0,3000.0,-22000.0,5.07
2021-02-17,97.31508239464317,101.11820055719245,101.9011954730114,95.8609489795508,6070615.0,3873.0,264894484.0,-392000.0,0.0,0.0,0.0,-32000.0,4.86
2021-02-18,100.11149280828234,97.76250806082544,100.67077489101017,97.53879522773431,4077284.0,2514.0,181304766.0,1242700.0,0.0,0.0,1000.0,92000.0,5.5
2021-02-19,101.00634414064687,100.11149280828234,101.23005697373802,98.09807731046214,3123007.0,2007.0,139583640.0,658900.0,0.0,0.0,-1000.0,-109000.0,5.85
2021-02-22,103.46718530464935,101.78933905646585,105.14503155283285,101.56562622337471,4146362.0,2618.0,191516732.0,715000.0,0.0,0.0,0.0,47000.0,6.19
2021-02-23,105.25688796937841,103.01975963846708,106.48730855137966,102.46047755573923,4496884.0,2666.0,211044371.0,348000.0,0.0,0.0,0.0,101000.0,6.34
2021-02-24,104.36203663701387,105.70431363556068,107.38215988374418,104.02646738737718,4062638.0,2472.0,191524986.0,-122000.0,0.0,0.0,0.0,-76000.0,6.09
2021-02-25,106.48730855137966,105.14503155283285,107.15844705065305,104.69760588665058,3546233.0,2265.0,168181083.0,1427000.0,0.0,0.0,0.0,145000.0,6.81
2021-02-26,104.36203663701387,105.03317513628728,106.26359571828851,104.25018022046832,2163390.0,1484.0,101373323.0,-555000.0,0.0,0.0,-4000.0,-153000.0,6.41
2021-03-02,102.34862113919368,107.15844705065305,107.15844705065305,101.78933905646585,2280513.0,1539.0,105710965.0,-657000.0,0.0,0.0,-2000.0,1000.0,6.12
2021-03-03,103.13161605501264,102.90790322192152,104.02646738737718,100.67077489101017,1826317.0,1215.0,83636534.0,654000.0,0.0,0.0,4000.0,0.0,6.51
2021-03-04,100.89448772410131,103.35532888810378,104.02646738737718,100.67077489101017,1685231.0,1184.0,76668542.0,-368000.0,0.0,0.0,0.0,-23000.0,6.32
2021-03-05,98.5455029766444,99.5522107255545,99.66406714210007,98.32179014355327,2618997.0,1818.0,115701988.0,-900908.0,0.0,0.0,0.0,1000.0,5.92
2021-03-08,97.76250806082544,100.44706205791904,100.44706205791904,97.53879522773431,2448539.0,1552.0,107578666.0,-404000.0,0.0,0.0,-2000.0,-7000.0,5.67
2021-03-09,96.30837464573307,97.874364477371,98.32179014355327,94.518671981004,3095757.0,1948.0,132660647.0,-392900.0,0.0,0.0,1000.0,-11000.0,5.45
2021-03-10,99.10478505937223,97.31508239464317,99.99963639173679,96.64394389536977,2419290.0,1653.0,106513125.0,826001.0,0.0,0.0,-2000.0,120000.0,5.95
2021-03-11,102.23676472264812,99.5522107255545,102.68419038883037,98.5455029766444,3729559.0,2518.0,168462814.0,1272000.0,0.0,0.0,2000.0,-16000.0,6.59
2021-03-12,104.47389305355945,102.57233397228481,106.03988288519739,102.57233397228481,5279736.0,3085.0,246567214.0,2001300.0,0.0,0.0,0.0,32000.0,7.51
2021-03-15,107.04659063410749,105.14503155283285,107.38215988374418,104.58574947010501,4234206.0,2841.0,201522891.0,865000.0,0.0,0.0,-3000.0,-3000.0,7.97
2021-03-16,106.48730855137966,107.49401630028974,108.27701121610872,105.36874438592399,3377665.0,2322.0,160679939.0,-358000.0,0.0,0.0,0.0,-97000.0,7.58
2021-03-17,108.50072404919986,106.7110213844708,109.17186254847326,106.15173930174296,4350769.0,2745.0,210230133.0,1110000.0,0.0,0.0,0.0,106000.0,8.01
2021-03-18,110.62599596356563,109.50743179810996,110.73785238011119,108.50072404919986,4610246.0,2972.0,226126672.0,910000.0,0.0,0.0,0.0,260000.0,8.46
2021-03-19,109.95485746429222,110.62599596356563,112.30384221174914,107.60587271683532,5749113.0,3817.0,282140399.0,-1398000.0,0.0,0.0,25000.0,-62000.0,7.71
2021-03-22,108.27701121610872,110.0667138808378,112.52755504484026,107.82958554992646,5087618.0,3297.0,250489991.0,-402000.0,0.0,0.0,-3000.0,-5000.0,7.5
2021-03-23,111.85641654556686,108.50072404919986,113.64611921029592,108.50072404919986,9510565.0,5558.0,473660976.0,478000.0,0.0,0.0,-3000.0,189000.0,7.79
2021-03-24,110.62599596356563,111.40899087938459,112.52755504484026,109.73114463120109,4662147.0,2952.0,231517761.0,-1360000.0,0.0,0.0,9000.0,-114000.0,7.23
2021-03-25,110.51413954702005,110.73785238011119,111.52084729593017,110.0667138808378,2586317.0,1355.0,128073373.0,494000.0,0.0,0.0,-1000.0,-12000.0,7.47
2021-03-26,103.35532888810378,110.29042671392892,110.29042671392892,103.01975963846708,14998474.0,8484.0,700953292.0,-3406000.0,0.0,0.0,-30000.0,-204000.0,5.61
2021-03-29,102.90790322192152,104.02646738737718,104.36203663701387,102.23676472264812,5120156.0,3662.0,236494730.0,-55000.0,0.0,0.0,10000.0,-17000.0,5.59
2021-03-30,104.69760588665058,102.90790322192152,105.14503155283285,102.57233397228481,4130257.0,2570.0,192522733.0,1433000.0,0.0,0.0,0.0,74000.0,6.26
2021-03-31,107.27030346719863,104.69760588665058,108.50072404919986,104.69760588665058,7011373.0,4551.0,336405985.0,575400.0,0.0,0.0,0.0,-45000.0,6.57
2021-04-01,112.080129378658,107.94144196647203,112.52755504484026,107.94144196647203,9751610.0,5860.0,482823985.0,3496000.0,0.0,0.0,49000.0,431000.0,8.5
2021-04-06,117.00181170666293,115.21210904193387,120.58121703612107,109.73114463120109,22112529.0,13243.0,1145588430.0,-1696000.0,0.0,0.0,19000.0,348000.0,7.55
2021-04-07,115.65953470811614,117.00181170666293,118.34408870520974,113.64611921029592,9619915.0,5728.0,496184853.0,-2439000.0,0.0,0.0,22000.0,-421000.0,6.2
2021-04-08,115.88324754120727,114.31725770956933,117.00181170666293,114.0935448764782,5263901.0,3167.0,272111883.0,-654000.0,0.0,0.0,0.0,24000.0,5.48
2021-04-09,112.97498071102252,115.88324754120727,116.7780988735718,112.080129378658,5695134.0,3385.0,290347341.0,-894000.0,0.0,0.0,0.0,-100000.0,4.92
2021-04-12,114.0935448764782,113.86983204338706,115.21210904193387,111.85641654556686,4266598.0,2784.0,216396474.0,773000.0,0.0,0.0,-4000.0,0.0,5.28
2021-04-13,112.080129378658,116.55438604048068,121.92349403466788,111.07342162974788,12312523.0,7211.0,644978236.0,-1896000.0,0.0,0.0,0.0,-41000.0,4.28
2021-04-14,109.73114463120109,113.19869354411367,113.64611921029592,106.7110213844708,4973556.0,3412.0,245323908.0,62000.0,0.0,-100000.0,0.0,-78000.0,4.33
2021-04-15,110.51413954702005,109.50743179810996,111.63270371247573,108.50072404919986,2553698.0,1856.0,125645573.0,-103000.0,0.0,-100000.0,0.0,12000.0,4.26
2021-04-16,110.96156521320233,112.30384221174914,113.64611921029592,110.51413954702005,3481677.0,2498.0,174482381.0,-42000.0,0.0,0.0,0.0,17000.0,4.24
2021-04-19,112.080129378658,110.73785238011119,113.19869354411367,108.50072404919986,4876548.0,2912.0,242345920.0,732000.0,0.0,0.0,0.0,37000.0,4.97
2021-04-20,110.17857029738336,112.080129378658,113.19869354411367,109.73114463120109,3912311.0,2466.0,193440299.0,-2179000.0,0.0,0.0,0.0,-87000.0,3.96
2021-04-21,108.72443688229099,110.17857029738336,110.29042671392892,108.50072404919986,3052627.0,2063.0,148858961.0,-869000.0,0.0,0.0,-1000.0,-67000.0,3.62
2021-04-22,104.36203663701387,109.61928821465553,110.29042671392892,102.90790322192152,5936002.0,3578.0,282867135.0,-1019000.0,0.0,0.0,0.0,-42000.0,3.24
2021-04-23,105.59245721901512,104.36203663701387,106.26359571828851,103.57904172119491,2052751.0,1360.0,96353934.0,-14000.0,0.0,0.0,0.0,2000.0,3.28
2021-04-26,104.9213187197417,105.70431363556068,106.37545213483408,104.69760588665058,2713455.0,1623.0,127809313.0,-225000.0,0.0,0.0,0.0,-1000.0,3.24
2021-04-27,107.82958554992646,106.26359571828851,108.94814971538213,105.36874438592399,3265311.0,2088.0,156933204.0,135000.0,0.0,0.0,-8000.0,59000.0,3.41
2021-04-28,107.38215988374418,110.4022831304745,110.4022831304745,107.27030346719863,3101051.0,1880.0,150260308.0,-694000.0,0.0,0.0,0.0,-69000.0,3.05
2021-04-29,106.82287780101635,108.3888676326543,109.50743179810996,106.26359571828851,2601542.0,1663.0,125576709.0,430000.0,0.0,0.0,-28000.0,19000.0,3.25
2021-05-03,104.25018022046832,109.17186254847326,109.17186254847326,104.02646738737718,2956728.0,1812.0,140507999.0,-386000.0,0.0,0.0,0.0,-62000.0,3.05
2021-05-04,98.65735939318998,105.14503155283285,105.36874438592399,93.95938989827616,6592097.0,3743.0,289388555.0,-1042000.0,0.0,0.0,33000.0,-150000.0,2.96
2021-05-05,97.98622089391657,98.2099337270077,101.00634414064687,96.42023106227863,2212700.0,1233.0,98399187.0,381700.0,0.0,0.0,-28000.0,-1000.0,3.21
2021-05-06,97.874364477371,98.65735939318998,100.67077489101017,97.09136956155203,1845211.0,971.0,81239474.0,-419000.0,0.0,0.0,0.0,0.0,3.05
2021-05-07,97.09136956155203,95.07795406373184,98.76921580973554,95.07795406373184,3991309.0,2179.0,172293378.0,323000.0,0.0,0.0,0.0,1000.0,3.26
2021-05-10,95.74909256300522,97.53879522773431,98.5455029766444,95.30166689682297,2588017.0,1451.0,111163336.0,-597000.0,0.0,0.0,0.0,-5000.0,2.96
2021-05-11,89.48513323645349,93.95938989827616,93.95938989827616,88.59028190408895,5754302.0,2899.0,232316196.0,-272000.0,0.0,0.0,-7000.0,-92000.0,2.68
2021-05-12,85.79387149044979,89.14956398681679,93.1763949824572,82.99746107681061,8048019.0,4961.0,317634274.0,-523800.0,0.0,0.0,21000.0,20000.0,2.5
2021-05-13,94.29495914791286,89.37327681990793,94.29495914791286,87.69543057172443,5922693.0,3085.0,244664166.0,-196000.0,0.0,0.0,2000.0,20000.0,2.43
2021-05-14,98.5455029766444,102.90790322192152,102.90790322192152,94.8542412306407,16167161.0,8958.0,714489761.0,-217000.0,0.0,0.0,-25000.0,143000.0,2.43
2021-05-17,108.3888676326543,107.15844705065305,108.3888676326543,103.2434724715582,22402376.0,10501.0,1076622442.0,365100.0,0.0,-300000.0,2000.0,234000.0,2.56
2021-05-18,107.38215988374418,108.50072404919986,115.435821875025,105.36874438592399,26020808.0,15846.0,1268897563.0,-737600.0,0.0,0.0,-13000.0,156000.0,2.18
2021-05-19,104.47389305355945,111.85641654556686,113.64611921029592,104.47389305355945,19737416.0,12050.0,965342525.0,27000.0,0.0,0.0,3000.0,-12000.0,2.2
2021-05-20,98.32179014355327,105.25688796937841,108.50072404919986,96.5320874788242,14738691.0,9302.0,673740626.0,-248600.0,0.0,0.0,-8000.0,-250000.0,2.05
2021-05-21,98.32179014355327,100.67077489101017,100.67077489101017,96.97951314500648,5223952.0,3349.0,229278075.0,-165000.0,0.0,0.0,6000.0,117000.0,1.96
2021-05-24,98.09807731046214,99.99963639173679,101.11820055719245,97.76250806082544,3854516.0,2575.0,170880153.0,-78000.0,0.0,0.0,-1000.0,-1000.0,1.91
2021-05-25,96.30837464573307,98.8810722262811,98.99292864282667,95.8609489795508,4285593.0,2739.0,185798158.0,50900.0,0.0,0.0,0.0,-12000.0,1.93
2021-05-26,97.98622089391657,96.64394389536977,98.8810722262811,94.8542412306407,3644980.0,2266.0,159023689.0,738000.0,0.0,0.0,0.0,128000.0,2.31
2021-05-27,96.97951314500648,97.31508239464317,98.43364656009884,96.42023106227863,1700629.0,1120.0,73879830.0,-197400.0,0.0,0.0,-2000.0,21000.0,2.24
2021-05-28,96.8676567284609,97.53879522773431,97.874364477371,96.42023106227863,2286474.0,1463.0,99292317.0,135000.0,0.0,0.0,0.0,-53000.0,2.3
2021-05-31,97.53879522773431,97.76250806082544,97.874364477371,96.42023106227863,1639941.0,1148.0,71198581.0,189000.0,0.0,0.0,0.0,-4000.0,2.39
2021-06-01,99.99963639173679,97.76250806082544,100.89448772410131,97.76250806082544,3545764.0,2256.0,157612138.0,169000.0,0.0,0.0,-1000.0,201000.0,2.5
2021-06-02,98.8810722262811,100.67077489101017,100.89448772410131,98.09807731046214,2822092.0,1665.0,124978005.0,-965000.0,0.0,0.0,-2000.0,-43000.0,1.96
2021-06-03,99.32849789246337,98.99292864282667,100.2233492248279,98.43364656009884,1518441.0,937.0,67451860.0,355000.0,0.0,0.0,0.0,-4000.0,2.12
2021-06-04,98.43364656009884,99.77592355864564,101.11820055719245,98.43364656009884,2368271.0,1452.0,105528118.0,-298000.0,0.0,0.0,0.0,1000.0,1.96
2021-06-07,95.07795406373184,98.5455029766444,98.65735939318998,94.07124631482172,2974336.0,1943.0,127425245.0,-665000.0,0.0,0.0,0.0,-83000.0,1.62
2021-06-08,95.07795406373184,96.08466181264194,96.42023106227863,94.40681556445844,975381.0,722.0,41612451.0,137000.0,0.0,0.0,0.0,-5000.0,1.69
2021-06-09,93.40010781554832,95.30166689682297,95.5253797299141,93.06453856591163,1347052.0,953.0,56599423.0,-316000.0,0.0,0.0,0.0,-33000.0,1.53
2021-06-10,94.1831027313673,93.73567706518503,96.1965182291875,92.39340006663822,2992749.0,1184.0,126147373.0,79000.0,0.0,0.0,0.0,2000.0,1.59
2021-06-11,93.51196423209389,93.95938989827616,94.8542412306407,93.40010781554832,1095416.0,691.0,45929364.0,-109000.0,0.0,0.0,0.0,-8000.0,1.54
2021-06-15,92.5052564831838,94.8542412306407,94.8542412306407,92.05783081700153,1308012.0,829.0,54206412.0,-76000.0,0.0,0.0,0.0,-2000.0,1.51
2021-06-16,90.15627173572689,92.1696872335471,92.39340006663822,89.93255890263576,2307232.0,1566.0,93689510.0,-366000.0,0.0,0.0,0.0,-29000.0,1.35
2021-06-17,91.94597440045597,89.70884606954462,91.94597440045597,88.92585115372566,1295458.0,881.0,52513357.0,325000.0,0.0,0.0,0.0,-18000.0,1.52
2021-06-18,91.05112306809143,92.72896931627493,92.72896931627493,90.93926665154585,975907.0,633.0,39852417.0,-99000.0,0.0,0.0,-1000.0,-10000.0,1.47
2021-06-21,89.14956398681679,90.60369740190916,91.05112306809143,89.14956398681679,1687922.0,1024.0,67505317.0,-113000.0,0.0,0.0,-3000.0,-27000.0,1.42
2021-06-22,89.03770757027121,89.93255890263576,90.15627173572689,88.8139947371801,1105791.0,748.0,44134686.0,74000.0,0.0,0.0,0.0,-6000.0,1.46
2021-06-23,89.93255890263576,89.26142040336235,90.93926665154585,89.14956398681679,1369983.0,694.0,55138532.0,185000.0,0.0,0.0,0.0,-2000.0,1.54
2021-06-24,91.94597440045597,90.8274102350003,91.94597440045597,89.93255890263576,1348863.0,847.0,55074259.0,415000.0,0.0,0.0,0.0,-1000.0,1.76
2021-06-25,91.83411798391039,92.61711289972936,92.95268214936605,91.83411798391039,1370368.0,772.0,56535977.0,-284000.0,0.0,0.0,0.0,-9000.0,1.56
2021-06-28,91.38669231772813,91.94597440045597,92.39340006663822,90.37998456881802,882804.0,627.0,35958885.0,21000.0,0.0,0.0,0.0,1000.0,1.54
2021-06-29,90.04441531918133,91.72226156736482,92.1696872335471,89.93255890263576,914730.0,632.0,36952904.0,-139000.0,0.0,0.0,0.0,-2000.0,1.47
2021-06-30,90.15627173572689,90.04441531918133,90.4918409853636,89.59698965299906,994769.0,625.0,39975858.0,122411.0,0.0,0.0,0.0,-8000.0,1.53
2021-07-01,89.48513323645349,90.04441531918133,90.4918409853636,89.14956398681679,1274581.0,818.0,51046367.0,-29000.0,0.0,0.0,0.0,-16000.0,1.52
2021-07-02,90.37998456881802,89.59698965299906,91.49854873427368,89.26142040336235,2874387.0,1037.0,116490575.0,25000.0,0.0,0.0,0.0,-5000.0,1.53
2021-07-05,91.38669231772813,90.8274102350003,91.38669231772813,90.26812815227245,1208389.0,853.0,48963704.0,29589.0,0.0,0.0,6000.0,26000.0,1.55
2021-07-06,90.15627173572689,91.49854873427368,91.49854873427368,90.15627173572689,1202676.0,688.0,48781398.0,-41000.0,0.0,0.0,0.0,5000.0,1.52
2021-07-07,89.48513323645349,91.27483590118256,91.27483590118256,89.48513323645349,1037546.0,681.0,41789143.0,-98000.0,0.0,0.0,-1000.0,-11000.0,1.47
2021-07-08,89.37327681990793,89.59698965299906,90.71555381845472,89.26142040336235,1314371.0,651.0,52759575.0,-151000.0,0.0,0.0,0.0,-23000.0,1.36
2021-07-09,88.03099982136112,89.48513323645349,89.48513323645349,87.91914340481554,1136123.0,883.0,44989262.0,-102000.0,0.0,0.0,0.0,-24000.0,1.31
2021-07-12,89.37327681990793,88.36656907099783,89.70884606954462,87.80728698826998,1628855.0,925.0,64549771.0,63000.0,0.0,0.0,0.0,-200000.0,1.3
2021-07-13,90.15627173572689,89.48513323645349,90.93926665154585,89.03770757027121,2266352.0,1220.0,91353551.0,845000.0,0.0,0.0,5000.0,-2000.0,1.75
2021-07-14,90.26812815227245,90.8274102350003,91.61040515081926,90.15627173572689,1328835.0,850.0,53874164.0,358000.0,0.0,0.0,3000.0,0.0,1.9
2021-07-15,92.72896931627493,90.60369740190916,92.84082573282049,90.37998456881802,3502548.0,1858.0,144198769.0,1977000.0,0.0,0.0,48000.0,25000.0,2.86
2021-07-16,91.49854873427368,93.06453856591163,93.1763949824572,90.4918409853636,2903348.0,1570.0,118978775.0,-498000.0,0.0,0.0,21000.0,3000.0,2.68
2021-07-19,90.4918409853636,91.49854873427368,91.83411798391039,90.37998456881802,931286.0,635.0,37776668.0,-90000.0,0.0,0.0,0.0,2000.0,1.78
2021-07-20,87.58357415517885,89.93255890263576,89.93255890263576,87.58357415517885,2688650.0,1606.0,106042608.0,-1014000.0,0.0,0.0,-15000.0,6000.0,1.19
2021-07-21,86.80057923935988,88.59028190408895,89.03770757027121,86.12944074008648,1458447.0,966.0,56889766.0,-68000.0,0.0,0.0,0.0,-14000.0,1.14
2021-07-22,87.69543057172443,86.80057923935988,88.25471265445226,86.80057923935988,1727843.0,943.0,67694144.0,60000.0,0.0,0.0,-3000.0,-1000.0,1.19
2021-07-23,88.87413259553792,88.63839219077522,89.69922401220735,87.69543057172442,1219291.0,669.0,45880086.0,48000.0,0.0,0.0,0.0,-2000.0,1.22
2021-07-26,88.52052198839385,88.63839219077522,91.23153664316492,87.45969016696172,3490796.0,1088.0,132927043.0,-440000.0,0.0,0.0,-15000.0,2000.0,0.99
2021-07-27,87.22394976219901,89.10987300030061,89.22774320268196,87.22394976219901,870552.0,645.0,32435658.0,-39000.0,0.0,0.0,0.0,-15000.0,1.38
2021-07-28,82.74488207170772,86.75246895267361,86.87033915505496,82.2734012621823,1930356.0,1204.0,68248704.0,-161000.0,0.0,0.0,0.0,-1000.0,1.28
2021-07-29,82.50914166694501,83.21636288123311,84.39506490504661,82.15553105980096,1005620.0,710.0,35283444.0,16000.0,0.0,0.0,-4000.0,0.0,1.16
2021-07-30,82.98062247647042,82.2734012621823,85.33802652409742,80.74108863122477,2686515.0,1320.0,94751542.0,83000.0,0.0,0.0,-27000.0,-2000.0,1.22
2021-08-02,82.98062247647042,83.56997348837717,84.27719470266527,82.50914166694501,926618.0,566.0,32700984.0,90000.0,0.0,0.0,0.0,-1000.0,1.28
2021-08-03,86.39885834552956,82.98062247647042,86.98820935743632,82.39127146456367,9526382.0,2427.0,343280906.0,-405000.0,0.0,0.0,-20000.0,-34000.0,1.15
2021-08-04,84.6308053098093,86.39885834552956,86.39885834552956,84.39506490504661,1315544.0,974.0,47411239.0,-130000.0,0.0,0.0,-22000.0,0.0,1.04
2021-08-05,83.09849267885177,84.86654571457201,84.86654571457201,83.09849267885177,837008.0,640.0,29732005.0,-3000.0,0.0,0.0,-18000.0,-1000.0,1.1
2021-08-06,80.38747802408072,82.62701186932635,82.62701186932635,80.38747802408072,2111265.0,1414.0,72458342.0,-48000.0,0.0,0.0,-18000.0,-2000.0,1.02
2021-08-09,74.37609770263187,79.32664620264856,79.32664620264856,73.90461689310646,4048096.0,2577.0,130345050.0,-51000.0,0.0,0.0,0.0,-7655.0,0.99
2021-08-10,72.60804466691161,73.19739567881837,74.37609770263187,71.6650830478608,3085178.0,1795.0,95076083.0,879000.0,0.0,0.0,0.0,-5000.0,1.45
2021-08-11,71.19360223833542,72.8437850716743,74.0224870954878,71.19360223833542,1713080.0,1334.0,52527491.0,273000.0,0.0,0.0,0.0,-2000.0,1.59
2021-08-12,71.42934264309811,71.19360223833542,72.96165527405566,70.4863810240473,1145049.0,817.0,34771993.0,314000.0,0.0,0.0,0.0,0.0,1.73
2021-08-13,68.36471738118301,71.78295325024216,72.13656385738622,68.36471738118301,2331000.0,1350.0,68785690.0,347901.0,0.0,0.0,0.0,0.0,1.77
2021-08-16,68.71832798832706,68.1289769764203,70.36851082166596,67.06814515498816,2008621.0,1381.0,58384264.0,771000.0,0.0,0.0,0.0,-3000.0,2.13
2021-08-17,65.18222191688656,69.07193859547111,69.42554920261516,65.18222191688656,1744622.0,1169.0,49594809.0,2000.0,0.0,0.0,0.0,-20000.0,2.1
2021-08-18,68.01110677403896,64.00351989307306,68.24684717880166,62.706947666878214,3063437.0,1940.0,85181182.0,1674000.0,0.0,0.0,0.0,0.0,2.9
2021-08-19,63.76777948831036,68.36471738118301,68.36471738118301,63.76777948831036,3702314.0,1940.0,102985836.0,73000.0,0.0,0.0,0.0,0.0,2.94
2021-08-20,65.30009211926792,64.00351989307306,66.47879414308142,63.64990928592901,1612731.0,1130.0,44698338.0,686000.0,0.0,0.0,0.0,0.0,2.98
2021-08-23,67.42175576213222,66.12518353593737,67.89323657165761,66.00731333355601,943653.0,687.0,26827855.0,134000.0,0.0,0.0,0.0,0.0,2.93
2021-08-24,66.00731333355601,67.42175576213222,68.01110677403896,65.7715729287933,658417.0,511.0,18541026.0,-79000.0,0.0,0.0,0.0,0.0,2.77
2021-08-25,67.65749616689492,67.06814515498816,68.24684717880166,66.47879414308142,957767.0,574.0,27464603.0,388000.0,0.0,0.0,0.0,0.0,2.96
2021-08-26,66.71453454784411,68.24684717880166,68.48258758356437,66.36092394070006,643958.0,487.0,18301804.0,-219000.0,0.0,0.0,0.0,0.0,2.82
2021-08-27,67.65749616689492,67.30388555975087,67.65749616689492,66.71453454784411,446210.0,305.0,12754895.0,195000.0,0.0,0.0,0.0,0.0,2.89
2021-08-30,68.24684717880166,68.60045778594572,68.71832798832706,67.53962596451356,506762.0,415.0,14611643.0,9000.0,0.0,0.0,0.0,0.0,2.89
2021-08-31,67.65749616689492,68.60045778594572,68.60045778594572,66.83240475022546,485253.0,371.0,13880803.0,-52000.0,0.0,0.0,0.0,0.0,2.86
2021-09-01,68.48258758356437,67.65749616689492,69.07193859547111,67.18601535736951,758493.0,532.0,21931717.0,192000.0,0.0,0.0,0.0,0.0,2.81
2021-09-02,66.9502749526068,69.18980879785246,69.54341940499651,66.9502749526068,932953.0,614.0,26988552.0,-387000.0,0.0,0.0,0.0,-5000.0,2.58
2021-09-03,66.59666434546276,67.65749616689492,67.89323657165761,66.59666434546276,507861.0,396.0,14450911.0,15000.0,0.0,0.0,0.0,0.0,2.57
2021-09-06,64.71074110736116,66.24305373831872,68.1289769764203,64.12139009545442,14165839.0,2936.0,403802959.0,-1031000.0,0.0,0.0,0.0,0.0,2.03
2021-09-07,63.885649690691714,63.296298678784964,64.23926029783576,62.94268807164091,1425656.0,963.0,38431970.0,235000.0,0.0,0.0,0.0,0.0,2.09
2021-09-08,70.25064061928461,64.12139009545442,70.25064061928461,64.00351989307306,6888931.0,3716.0,200093737.0,-238365.0,0.0,0.0,0.0,1000.0,1.87
2021-09-09,73.07952547643701,71.90082345262351,73.78674669072511,69.66128960737787,19156818.0,10849.0,582244091.0,-459000.0,0.0,0.0,36000.0,16000.0,1.56
2021-09-10,70.83999163119137,72.49017446453026,72.60804466691161,70.83999163119137,3120778.0,2070.0,94608002.0,251000.0,0.0,0.0,0.0,-345.0,1.53
2021-09-13,70.36851082166596,71.42934264309811,71.6650830478608,70.25064061928461,1337816.0,980.0,40137281.0,267000.0,0.0,0.0,1000.0,-2000.0,1.49
2021-09-14,73.07952547643701,71.42934264309811,73.78674669072511,70.72212142881001,3650583.0,2434.0,112533762.0,865000.0,0.0,0.0,2000.0,0.0,1.82
2021-09-15,72.72591486929296,72.01869365500487,73.78674669072511,71.90082345262351,1640026.0,1031.0,50518922.0,141500.0,0.0,0.0,-1000.0,0.0,1.87
2021-09-16,71.90082345262351,72.96165527405566,73.07952547643701,71.90082345262351,1105901.0,625.0,33856119.0,-105000.0,0.0,0.0,-1000.0,0.0,1.57
2021-09-17,71.90082345262351,72.13656385738622,73.31526588119972,71.78295325024216,1504117.0,955.0,46363597.0,472000.0,0.0,0.0,2000.0,0.0,1.63
2021-09-22,70.01490021452192,70.25064061928461,71.42934264309811,69.89703001214056,941639.0,739.0,28137813.0,120000.0,0.0,0.0,-4000.0,0.0,1.67
2021-09-23,68.83619819070842,71.19360223833542,71.19360223833542,68.71832798832706,658097.0,632.0,19475700.0,-43000.0,0.0,0.0,0.0,0.0,1.65
2021-09-24,68.36471738118301,69.3076790002338,69.42554920261516,68.36471738118301,698217.0,632.0,20358722.0,-56000.0,0.0,0.0,0.0,0.0,1.32
2021-09-27,66.24305373831872,68.36471738118301,68.36471738118301,66.24305373831872,1159553.0,908.0,32795983.0,-1000.0,0.0,0.0,0.0,-4000.0,1.32
2021-09-28,65.65370272641196,66.24305373831872,67.06814515498816,65.65370272641196,816360.0,649.0,22899443.0,126000.0,0.0,0.0,0.0,-1000.0,1.38
2021-09-29,61.41037544068336,65.18222191688656,65.18222191688656,61.41037544068336,2589418.0,1548.0,69058532.0,183000.0,0.0,0.0,0.0,-6000.0,1.48
2021-10-12,55.38173625432676,56.199178855866634,57.83406405894639,55.38173625432676,1573162.0,1505.0,43265419.0,7800.0,0.0,0.0,0.0,0.0,1.5
2021-10-13,54.15557235201694,53.23594942528457,57.220982107791485,52.52068714893718,22675754.0,4536.0,626076755.0,-226000.0,0.0,0.0,435.0,0.0,1.37
2021-10-14,49.35309706797015,53.644670726054514,54.257752677209425,48.74001511681525,5692909.0,4418.0,139203611.0,74000.0,0.0,0.0,-50.0,0.0,1.55
2021-10-15,50.47708064508748,49.761818368740094,50.88580194585742,48.94437576720021,2220964.0,1386.0,54404035.0,660200.0,0.0,0.0,394.0,0.0,2.05
2021-10-18,49.86399869393257,50.06835934431755,50.98798227104991,49.65963804354761,1074193.0,1040.0,26425331.0,114400.0,0.0,0.0,-541.0,0.0,2.19
2021-10-19,52.316326498552215,50.170539669510035,52.725047799322155,49.86399869393257,1725784.0,1432.0,43641771.0,552400.0,0.0,0.0,-17.0,0.0,2.62
2021-10-20,53.746851051247,52.62286747412966,54.257752677209425,51.703244547397304,1511913.0,1225.0,39229887.0,328600.0,0.0,0.0,-25.0,0.0,3.0
2021-10-21,55.89263788028918,54.15557235201694,56.30135918105912,53.746851051247,1780328.0,1486.0,48453798.0,332000.0,0.0,0.0,0.0,0.0,3.23
2021-10-22,54.257752677209425,55.790457555096694,56.50571983144408,53.849031376439484,1004348.0,1420.0,26800919.0,-393800.0,0.0,0.0,-697.0,0.0,2.98
2021-10-25,55.0751952787493,54.46211332759439,55.586096904711724,53.338129750477066,673585.0,1293.0,17981047.0,113400.0,0.0,0.0,1435.0,0.0,3.06
2021-10-26,55.48391657951924,55.17737560394178,56.09699853067415,55.17737560394178,538850.0,510.0,14678421.0,207000.0,0.0,0.0,-70.0,0.0,3.19
2021-10-27,55.38173625432676,55.38173625432676,55.790457555096694,54.46211332759439,600083.0,602.0,16202900.0,-36000.0,0.0,0.0,-1597.0,0.0,3.17
2021-10-28,56.607900156636575,55.38173625432676,57.52752308336893,55.17737560394178,1038969.0,797.0,28799449.0,264000.0,0.0,0.0,283.0,0.0,3.35
2021-10-29,55.48391657951924,57.01662145740651,57.01662145740651,55.17737560394178,899537.0,1165.0,24502152.0,-416000.0,0.0,0.0,-1887.0,0.0,3.09
2021-11-01,56.199178855866634,55.994818205481664,57.32316243298397,55.994818205481664,1058604.0,935.0,29238838.0,178000.0,0.0,0.0,589.0,0.0,3.23
2021-11-02,55.586096904711724,57.11880178259899,57.83406405894639,55.48391657951924,868167.0,1135.0,24080444.0,1400.0,0.0,0.0,-155.0,0.0,3.23
2021-11-03,55.586096904711724,56.199178855866634,56.91444113221403,55.38173625432676,668760.0,606.0,18296272.0,42000.0,0.0,0.0,0.0,0.0,3.18
2021-11-04,56.812260807021545,55.68827722990421,57.32316243298397,55.68827722990421,745165.0,2900.0,20669928.0,432200.0,0.0,0.0,646.0,0.0,3.46
2021-11-05,55.89263788028918,57.01662145740651,57.220982107791485,55.790457555096694,559676.0,965.0,15396432.0,-363800.0,0.0,0.0,-557.0,0.0,3.23
2021-11-08,56.30135918105912,56.607900156636575,56.91444113221403,55.68827722990421,428592.0,765.0,11811203.0,80000.0,0.0,0.0,79.0,0.0,3.23
2021-11-09,55.994818205481664,56.30135918105912,56.91444113221403,55.994818205481664,483835.0,661.0,13302169.0,59000.0,0.0,0.0,299.0,0.0,3.26
2021-11-10,55.994818205481664,55.89263788028918,56.607900156636575,55.89263788028918,304795.0,354.0,8373736.0,131000.0,0.0,0.0,-47.0,0.0,3.34
2021-11-11,55.994818205481664,54.97301495355681,56.50571983144408,54.97301495355681,510520.0,383.0,14005698.0,265000.0,0.0,0.0,-399.0,0.0,3.43
2021-11-12,55.586096904711724,56.607900156636575,56.607900156636575,55.48391657951924,442436.0,463.0,12066858.0,-122800.0,0.0,0.0,0.0,0.0,3.33
2021-11-15,55.89263788028918,56.50571983144408,56.50571983144408,55.17737560394178,405985.0,416.0,11021686.0,15000.0,0.0,0.0,400.0,0.0,3.33
2021-11-16,55.89263788028918,55.89263788028918,56.50571983144408,55.586096904711724,544023.0,663.0,14912464.0,12000.0,0.0,0.0,-513.0,0.0,3.27
2021-11-17,54.35993300240191,55.89263788028918,55.89263788028918,54.35993300240191,935127.0,1153.0,25097309.0,-429600.0,0.0,0.0,-358.0,0.0,2.99
2021-11-18,52.82722812451464,54.46211332759439,54.56429365278687,52.52068714893718,1338568.0,1592.0,34798628.0,-43600.0,0.0,0.0,-260.0,0.0,2.97
2021-11-19,51.90760519778227,53.13376910009209,53.23594942528457,51.80542487258979,645725.0,573.0,16584143.0,20000.0,0.0,0.0,0.0,-7200.0,2.98
2021-11-22,52.21414617335973,52.725047799322155,52.92940844970712,50.88580194585742,2748296.0,1162.0,70075498.0,-45000.0,0.0,0.0,841.0,0.0,3.03
2021-11-23,51.09016259624239,52.111965848167245,52.21414617335973,50.98798227104991,663312.0,666.0,16667183.0,-151000.0,0.0,0.0,-253.0,0.0,2.94
2021-11-24,52.725047799322155,51.09016259624239,52.725047799322155,51.09016259624239,815662.0,582.0,20718193.0,321000.0,0.0,0.0,321.0,0.0,3.15
2021-11-25,51.703244547397304,52.725047799322155,53.0315887748996,51.703244547397304,476343.0,632.0,12170507.0,-199000.0,0.0,0.0,-1012.0,0.0,3.01
2021-11-26,53.13376910009209,51.703244547397304,53.746851051247,51.60106422220482,2182047.0,1519.0,56593431.0,44000.0,0.0,0.0,345.0,0.0,3.05
2021-11-29,51.294523246627364,53.23594942528457,55.38173625432676,51.294523246627364,4232410.0,3348.0,110216435.0,-1484000.0,0.0,0.0,197.0,0.0,2.16
2021-11-30,51.294523246627364,51.498883897012334,51.703244547397304,51.294523246627364,857622.0,578.0,21578388.0,-60000.0,0.0,0.0,0.0,0.0,2.11
2021-12-01,51.39670357181985,52.111965848167245,52.41850682374469,51.39670357181985,611024.0,497.0,15475014.0,23800.0,0.0,0.0,878.0,0.0,2.13
2021-12-02,50.47708064508748,51.60106422220482,51.90760519778227,50.47708064508748,1025751.0,716.0,25555417.0,-289000.0,0.0,0.0,-939.0,0.0,1.97
2021-12-03,51.703244547397304,50.68144129547246,51.90760519778227,50.68144129547246,705103.0,587.0,17707237.0,318000.0,0.0,0.0,1108.0,0.0,2.18
2021-12-06,50.88580194585742,52.00978552297476,52.00978552297476,50.68144129547246,567667.0,807.0,14177777.0,-258000.0,0.0,0.0,-598.0,0.0,2.03
2021-12-07,50.783621620664945,50.88580194585742,50.88580194585742,50.57926097027997,443796.0,409.0,11019007.0,-88000.0,0.0,0.0,0.0,0.0,2.05
2021-12-08,51.09016259624239,51.09016259624239,51.294523246627364,50.57926097027997,466356.0,649.0,11602815.0,28000.0,0.0,0.0,70.0,0.0,2.09
2021-12-09,52.111965848167245,51.09016259624239,52.21414617335973,51.09016259624239,786848.0,654.0,19955733.0,393000.0,0.0,0.0,498.0,0.0,2.35
2021-12-10,51.498883897012334,52.92940844970712,52.92940844970712,51.294523246627364,616921.0,565.0,15643486.0,-211400.0,0.0,0.0,24.0,0.0,2.22
2021-12-13,51.498883897012334,52.41850682374469,52.41850682374469,51.09016259624239,783736.0,549.0,19764686.0,-9600.0,0.0,0.0,-594.0,0.0,2.24
2021-12-14,49.761818368740094,51.498883897012334,51.498883897012334,49.65963804354761,829460.0,1742.0,20422259.0,-357000.0,0.0,0.0,-830.0,-188.0,2.04
2021-12-15,49.761818368740094,49.86399869393257,50.170539669510035,49.65963804354761,346985.0,397.0,8460385.0,-93800.0,0.0,0.0,-3000.0,0.0,1.99
2021-12-16,50.57926097027997,50.27271999470252,50.68144129547246,49.86399869393257,517846.0,452.0,12718564.0,18000.0,0.0,0.0,998.0,832.0,2.01
2021-12-17,50.06835934431755,50.68144129547246,51.09016259624239,50.06835934431755,463828.0,528.0,11477333.0,28000.0,0.0,0.0,125.0,0.0,2.04
2021-12-20,49.557457718355124,50.170539669510035,50.374900319895,49.45527739316264,333136.0,723.0,8122859.0,-149000.0,0.0,0.0,0.0,0.0,1.93
2021-12-21,50.68144129547246,49.65963804354761,50.68144129547246,49.25091674277767,471637.0,422.0,11570179.0,201000.0,0.0,0.0,-1438.0,0.0,2.07
2021-12-22,50.783621620664945,50.88580194585742,51.498883897012334,50.374900319895,701359.0,552.0,17531123.0,197200.0,0.0,0.0,1345.0,0.0,2.19
2021-12-23,55.790457555096694,51.39670357181985,55.790457555096694,51.294523246627364,7972161.0,4154.0,212927884.0,-36000.0,0.0,0.0,449.0,0.0,2.17
2021-12-24,61.308195115490875,59.67330991241111,61.308195115490875,57.62970340856142,14527130.0,5269.0,431274328.0,-282000.0,0.0,0.0,-2.0,39000.0,1.98
2021-12-27,62.32999836741572,60.59293283914348,63.1474409689556,58.85586731087124,20773703.0,11624.0,622502535.0,-113800.0,0.0,0.0,-817.0,91000.0,2.0
2021-12-28,68.56299820415728,68.25645722857983,68.56299820415728,67.03029332627001,25994285.0,10227.0,867680827.0,329000.0,0.0,0.0,346.0,124000.0,2.28
2021-12-29,67.03029332627001,69.48262113088965,70.09570308204457,65.70194909876771,23380986.0,11628.0,777689786.0,-846000.0,0.0,0.0,-852.0,33000.0,1.73
2021-12-30,65.39540812319026,66.41721137511512,66.72375235069256,64.16924422088044,6487335.0,3971.0,206781191.0,-31000.0,0.0,0.0,842.0,-38000.0,1.73
2022-01-03,64.4757851964579,65.39540812319026,68.4608178789648,64.4757851964579,7872515.0,4808.0,256770087.0,-89000.0,0.0,0.0,2918.0,1000.0,1.72
2022-01-04,70.91314568358445,70.91314568358445,70.91314568358445,70.91314568358445,6134096.0,2479.0,212853068.0,-605000.0,0.0,0.0,0.0,0.0,1.3
2022-01-05,76.83960454474857,73.56983413858904,76.83960454474857,70.81096535839195,24331870.0,12853.0,866012729.0,-197000.0,0.0,0.0,-19569.0,97000.0,1.29
2022-01-06,75.9199816180162,70.70878503319948,76.02216194320869,70.70878503319948,10817948.0,6173.0,392469715.0,-63000.0,0.0,0.0,31024.0,0.0,1.28
2022-01-07,71.8327686103168,76.02216194320869,76.02216194320869,71.8327686103168,7400789.0,5324.0,267570615.0,-254600.0,0.0,0.0,3000.0,-54000.0,1.18
2022-01-10,69.48262113088965,73.67201446378152,74.89817836609134,69.48262113088965,5916292.0,4487.0,207339621.0,100000.0,0.0,0.0,-803.0,-84000.0,1.28
2022-01-11,68.86953917973476,70.70878503319948,72.44585056147172,67.54119495223244,6178897.0,4726.0,211990926.0,475000.0,0.0,0.0,-463.0,-41000.0,1.57
2022-01-12,67.84773592780991,68.86953917973476,70.09570308204457,66.11067039953767,4521368.0,2620.0,150681080.0,97000.0,0.0,0.0,-116.0,-21000.0,1.64
2022-01-13,67.1324736514625,69.07389983011971,69.27826048050468,66.62157202550009,1824411.0,1210.0,60362365.0,-53000.0,0.0,0.0,-31001.0,-13000.0,1.62
2022-01-14,67.03029332627001,67.03029332627001,68.05209657819486,64.4757851964579,2088209.0,1664.0,67473595.0,138000.0,0.0,0.0,-22.0,-27000.0,1.68
2022-01-17,67.43901462703997,68.66517852934979,70.30006373242954,67.03029332627001,2531776.0,1870.0,84364040.0,-379600.0,0.0,0.0,-1000.0,7000.0,1.44
2022-01-18,66.31503104992264,67.64337527742494,68.35863755377233,66.11067039953767,1877204.0,1035.0,61795045.0,-367000.0,0.0,55000.0,1216.0,0.0,1.2
2022-01-19,68.05209657819486,66.31503104992264,69.38044080569718,65.39540812319026,3659078.0,2277.0,121753409.0,169600.0,0.0,57000.0,-1993.0,-6000.0,1.33
2022-01-20,66.62157202550009,67.43901462703997,67.94991625300239,66.31503104992264,1585038.0,1264.0,51817855.0,-357000.0,0.0,56000.0,-7.0,0.0,1.12
2022-01-21,65.39540812319026,66.21285072473015,68.05209657819486,65.39540812319026,1627272.0,1449.0,52872739.0,30000.0,0.0,0.0,-1201.0,-9000.0,1.12
2022-01-24,65.39540812319026,64.68014584684286,65.39540812319026,62.32999836741572,1671035.0,1105.0,52482877.0,119000.0,0.0,0.0,-454.0,-31000.0,1.24
2022-01-25,62.636539342993174,65.39540812319026,65.39540812319026,62.636539342993174,1130413.0,866.0,35519369.0,-75000.0,0.0,3000.0,-3004.0,0.0,1.18
2022-01-26,61.512555765875845,62.32999836741572,63.55616226972554,61.41037544068336,1073524.0,984.0,32745593.0,205000.0,0.0,6000.0,-3.0,-5000.0,1.32
2022-02-07,62.12563771703075,62.73871966818566,62.73871966818566,60.18421153837354,1186081.0,1136.0,35601285.0,199000.0,0.0,0.0,-3756.0,-15000.0,1.48
2022-02-08,62.94308031857063,62.12563771703075,63.862703245302995,62.12563771703075,645838.0,927.0,19926376.0,108800.0,0.0,0.0,-431.0,0.0,1.55
2022-02-09,64.68014584684286,63.55616226972554,64.88450649722785,63.35180161934057,736609.0,663.0,23126491.0,39000.0,0.0,0.0,1734.0,0.0,1.58
2022-02-10,62.840899993378144,64.68014584684286,64.78232617203535,62.12563771703075,963587.0,1468.0,29700140.0,-260000.0,0.0,0.0,-396.0,0.0,1.39
2022-02-11,62.534359017800696,62.12563771703075,63.35180161934057,61.8190967414533,552878.0,614.0,16953037.0,109000.0,0.0,0.0,-511.0,0.0,1.47
2022-02-14,61.1038344651059,60.286391863566024,61.41037544068336,60.286391863566024,646456.0,1107.0,19272470.0,63000.0,0.0,0.0,-210.0,-9000.0,1.51
2022-02-15,60.79729348952845,60.899473814720935,61.71691641626081,60.695113164335964,542835.0,658.0,16227412.0,-80999.0,0.0,0.0,-260.0,0.0,1.45
2022-02-16,60.59293283914348,61.00165413991342,62.432178692608204,60.59293283914348,770865.0,1142.0,23027232.0,-185000.0,0.0,0.0,2658.0,-1000.0,1.4
2022-02-17,60.286391863566024,60.59293283914348,61.8190967414533,59.979850887988576,601819.0,1251.0,17832743.0,-33000.0,0.0,0.0,918.0,-9000.0,1.36
2022-02-18,60.286391863566024,59.7754902376036,60.59293283914348,59.7754902376036,476795.0,582.0,14058617.0,80000.0,0.0,0.0,1014.0,-5000.0,1.42
2022-02-21,60.082031213181054,60.286391863566024,60.695113164335964,58.4471460101013,1227535.0,1056.0,35653043.0,104000.0,0.0,0.0,-509.0,-8000.0,1.5
2022-02-22,57.32316243298397,59.979850887988576,59.979850887988576,57.220982107791485,1240920.0,1032.0,35179512.0,-341000.0,0.0,8000.0,-1921.0,-6000.0,1.3
2022-02-23,58.24278535971633,57.01662145740651,58.65150666048627,56.91444113221403,491543.0,422.0,13956250.0,117000.0,0.0,0.0,-123.0,0.0,1.39
2022-02-24,55.17737560394178,57.220982107791485,57.425342758176456,54.666473977979365,1225869.0,986.0,33424125.0,-261000.0,0.0,0.0,-1942.0,-41844.0,1.23
2022-02-25,55.68827722990421,54.15557235201694,55.994818205481664,54.15557235201694,670521.0,496.0,18152738.0,317682.0,0.0,0.0,748.0,0.0,1.45
2022-03-01,56.71008048182906,55.68827722990421,56.812260807021545,55.68827722990421,427248.0,401.0,11783017.0,-14000.0,0.0,0.0,2989.0,0.0,1.46
2022-03-02,55.68827722990421,56.812260807021545,56.812260807021545,55.279555929134276,462683.0,441.0,12584618.0,-148000.0,0.0,0.0,-1423.0,0.0,1.36
2022-03-03,55.994818205481664,55.89263788028918,57.01662145740651,55.790457555096694,331362.0,326.0,9118263.0,4000.0,0.0,3000.0,-504.0,0.0,1.36
2022-03-04,55.0751952787493,55.17737560394178,55.68827722990421,54.76865430317185,541100.0,546.0,14578446.0,-136000.0,0.0,0.0,880.0,0.0,1.28
2022-03-07,52.52068714893718,54.257752677209425,54.56429365278687,52.316326498552215,1051145.0,809.0,27168322.0,-120000.0,0.0,0.0,-1572.0,0.0,1.28
2022-03-08,51.498883897012334,50.27271999470252,53.338129750477066,50.27271999470252,700865.0,537.0,17741879.0,93000.0,0.0,0.0,-7.0,0.0,1.37
2022-03-09,51.60106422220482,53.13376910009209,53.644670726054514,51.60106422220482,548903.0,458.0,14013544.0,-36000.0,0.0,0.0,667.0,0.0,1.36
2022-03-10,53.95121170163196,53.54249040086203,54.97301495355681,53.23594942528457,909289.0,627.0,24028617.0,234000.0,0.0,0.0,460.0,0.0,1.51
2022-03-11,52.52068714893718,53.746851051247,53.746851051247,51.90760519778227,445918.0,519.0,11443934.0,-250000.0,0.0,0.0,202.0,0.0,1.35
2022-03-14,51.09016259624239,50.88580194585742,51.703244547397304,50.88580194585742,1306029.0,815.0,32664154.0,127000.0,0.0,0.0,-590.0,0.0,1.44
2022-03-15,50.27271999470252,51.294523246627364,51.39670357181985,49.86399869393257,581835.0,540.0,14303115.0,-210000.0,0.0,0.0,148.0,0.0,1.35
2022-03-16,51.09016259624239,50.57926097027997,51.90760519778227,50.47708064508748,498345.0,523.0,12471330.0,55000.0,0.0,0.0,1104.0,0.0,1.39
2022-03-17,52.00978552297476,51.498883897012334,52.21414617335973,51.39670357181985,513640.0,422.0,13008998.0,92000.0,0.0,0.0,-173.0,0.0,1.45
2022-03-18,53.0315887748996,52.316326498552215,53.0315887748996,51.90760519778227,636024.0,556.0,16374591.0,210000.0,0.0,0.0,504.0,0.0,1.58
2022-03-21,53.644670726054514,53.644670726054514,54.053392026824454,53.13376910009209,626061.0,523.0,16415931.0,11000.0,0.0,0.0,-729.0,0.0,1.58
2022-03-22,54.257752677209425,54.053392026824454,54.257752677209425,53.54249040086203,482637.0,471.0,12741029.0,-66000.0,0.0,0.0,-173.0,0.0,1.51
2022-03-23,53.746851051247,54.870834628364335,54.870834628364335,53.440310075669544,486068.0,446.0,12806234.0,-165000.0,0.0,0.0,-503.0,0.0,1.4
2022-03-24,53.23594942528457,53.440310075669544,53.644670726054514,52.725047799322155,353006.0,321.0,9175008.0,84000.0,0.0,0.0,972.0,0.0,1.45
2022-03-25,53.338129750477066,53.746851051247,54.053392026824454,52.52068714893718,564767.0,445.0,14709538.0,-65000.0,0.0,0.0,20.0,0.0,1.41
2022-03-28,58.65150666048627,55.790457555096694,58.65150666048627,55.586096904711724,5554047.0,3731.0,156160967.0,25000.0,0.0,0.0,-12.0,0.0,1.44
2022-03-29,57.220982107791485,59.46894926202615,59.87767056279609,56.71008048182906,6057928.0,4011.0,171708417.0,-539000.0,0.0,0.0,-1207.0,0.0,1.12
2022-03-30,56.403539506251605,57.62970340856142,57.62970340856142,56.09699853067415,1249556.0,1056.0,34665725.0,-19000.0,0.0,0.0,2533.0,0.0,1.07
2022-03-31,56.812260807021545,56.50571983144408,57.11880178259899,56.09699853067415,659809.0,586.0,18302609.0,-58000.0,0.0,0.0,-173.0,0.0,0.96
2022-04-01,57.83406405894639,57.62970340856142,60.695113164335964,57.52752308336893,5258428.0,3507.0,152521108.0,212000.0,0.0,0.0,-1283.0,0.0,1.1
2022-04-06,59.26458861164118,61.308195115490875,61.71691641626081,58.753686985678755,3339181.0,2365.0,97739112.0,-311000.0,0.0,0.0,1417.0,0.0,0.91
2022-04-07,57.62970340856142,59.46894926202615,59.7754902376036,57.425342758176456,1542137.0,1351.0,43855646.0,-30000.0,0.0,0.0,-14.0,0.0,0.85
2022-04-08,58.344965684908814,58.140605034523844,58.753686985678755,57.32316243298397,811124.0,751.0,23036793.0,86000.0,0.0,0.0,0.0,0.0,0.87
2022-04-11,54.76865430317185,59.0602279612562,59.0602279612562,54.76865430317185,1243652.0,1302.0,34054275.0,-84000.0,0.0,0.0,-269.0,0.0,0.82
2022-04-12,52.316326498552215,54.257752677209425,54.35993300240191,52.316326498552215,743971.0,833.0,19346058.0,-11122.0,0.0,0.0,-238.0,0.0,0.83
2022-04-13,53.13376910009209,52.725047799322155,53.746851051247,52.725047799322155,404536.0,639.0,10519670.0,-1278.0,0.0,0.0,0.0,0.0,0.84
2022-04-14,52.62286747412966,53.13376910009209,53.440310075669544,52.52068714893718,391923.0,340.0,10134954.0,-11000.0,0.0,0.0,0.0,0.0,0.84
2022-04-15,51.294523246627364,52.725047799322155,52.725047799322155,51.19234292143488,458043.0,397.0,11561515.0,-18000.0,0.0,0.0,0.0,0.0,0.82
2022-04-18,56.403539506251605,51.294523246627364,56.403539506251605,50.88580194585742,4143546.0,1768.0,113370877.0,313000.0,0.0,0.0,0.0,0.0,1.05
2022-04-19,62.02345739183827,57.32316243298397,62.02345739183827,57.220982107791485,17720448.0,9215.0,519068708.0,-331000.0,0.0,0.0,-2000.0,0.0,0.96
2022-04-20,61.1038344651059,61.308195115490875,61.41037544068336,58.65150666048627,11259665.0,6341.0,331081663.0,-66000.0,0.0,-64000.0,1000.0,0.0,0.94
2022-04-21,62.840899993378144,60.899473814720935,65.1910474728053,60.695113164335964,13841721.0,7812.0,430442120.0,21000.0,0.0,-63000.0,17000.0,0.0,0.97
2022-04-22,69.07389983011971,61.921277066645786,69.07389983011971,60.695113164335964,19610447.0,10310.0,639562831.0,112000.0,0.0,-61000.0,-17000.0,0.0,1.04
2022-04-25,65.70194909876771,70.30006373242954,74.5916373905139,65.70194909876771,47456186.0,25772.0,1646286985.0,-97000.0,0.0,0.0,2000.0,0.0,0.99
2022-04-26,61.61473609106832,67.64337527742494,68.76735885454227,61.512555765875845,23023910.0,11345.0,744904341.0,856000.0,0.0,0.0,0.0,20000.0,1.55
2022-04-27,61.8190967414533,60.286391863566024,63.862703245302995,59.57112958721863,12401352.0,6375.0,375268934.0,-229000.0,0.0,0.0,0.0,50000.0,1.4
2022-04-28,61.308195115490875,60.082031213181054,62.02345739183827,58.85586731087124,5442262.0,3536.0,160904512.0,-396000.0,0.0,0.0,-2000.0,0.0,1.14
2022-04-29,59.46894926202615,61.20601479029839,62.534359017800696,59.366768936833665,8810425.0,3359.0,264661737.0,-585054.0,0.0,0.0,0.0,0.0,0.77
2022-05-03,57.220982107791485,59.46894926202615,59.979850887988576,57.220982107791485,2432654.0,1405.0,69193144.0,196100.0,0.0,0.0,0.0,0.0,0.88
2022-05-04,57.731883733753904,58.4471460101013,58.4471460101013,56.30135918105912,2121464.0,1319.0,59174102.0,154954.0,0.0,0.0,0.0,0.0,0.98
2022-05-05,58.549326335293784,57.83406405894639,59.67330991241111,57.425342758176456,2176540.0,1351.0,62114345.0,111000.0,0.0,0.0,0.0,0.0,1.05
2022-05-06,57.220982107791485,57.220982107791485,57.93624438413888,57.01662145740651,1548751.0,916.0,43501372.0,-129226.0,0.0,0.0,3000.0,0.0,1.0
2022-05-09,56.91444113221403,56.607900156636575,58.65150666048627,55.586096904711724,1751687.0,992.0,48701852.0,-164000.0,0.0,0.0,-5000.0,20000.0,0.91
2022-05-10,56.403539506251605,55.994818205481664,57.62970340856142,55.790457555096694,1399980.0,840.0,38726257.0,-89400.0,0.0,0.0,0.0,104000.0,0.93
2022-05-11,54.666473977979365,56.403539506251605,58.24278535971633,53.95121170163196,4294389.0,1859.0,118509890.0,-503000.0,0.0,0.0,0.0,0.0,0.72
2022-05-12,49.45527739316264,54.053392026824454,54.56429365278687,49.45527739316264,2190930.0,1380.0,55766402.0,24000.0,0.0,0.0,1000.0,0.0,0.81
2022-05-13,51.80542487258979,50.06835934431755,52.00978552297476,49.65963804354761,1645560.0,972.0,40977694.0,27000.0,0.0,0.0,1000.0,0.0,0.91
2022-05-16,51.80542487258979,51.294523246627364,52.52068714893718,51.294523246627364,878876.0,562.0,22304983.0,32000.0,0.0,0.0,0.0,0.0,0.95
2022-05-17,51.60106422220482,51.39670357181985,52.41850682374469,51.39670357181985,674534.0,463.0,17077172.0,107000.0,0.0,0.0,0.0,0.0,1.03
2022-05-18,53.440310075669544,52.82722812451464,54.46211332759439,52.725047799322155,1621588.0,1078.0,42481490.0,-55000.0,0.0,0.0,0.0,0.0,1.0
2022-05-19,52.725047799322155,53.13376910009209,56.199178855866634,52.725047799322155,4720200.0,2752.0,125854972.0,-411000.0,0.0,0.0,1000.0,0.0,0.84
2022-05-20,53.23594942528457,53.746851051247,54.76865430317185,52.725047799322155,1794133.0,1072.0,47079114.0,-78000.0,0.0,0.0,0.0,0.0,0.8
2022-05-23,53.23594942528457,54.97301495355681,54.97301495355681,52.92940844970712,821324.0,518.0,21564074.0,-18000.0,0.0,0.0,0.0,0.0,0.78
2022-05-24,51.19234292143488,53.23594942528457,53.54249040086203,50.98798227104991,1128849.0,747.0,28641173.0,113000.0,0.0,0.0,0.0,0.0,0.86
2022-05-25,51.498883897012334,51.19234292143488,51.90760519778227,51.19234292143488,532004.0,330.0,13413273.0,14000.0,0.0,0.0,0.0,0.0,0.87
2022-05-26,51.09016259624239,51.80542487258979,52.111965848167245,51.09016259624239,596216.0,405.0,14998209.0,-137000.0,0.0,0.0,0.0,0.0,0.79
2022-05-27,51.90760519778227,51.90760519778227,52.52068714893718,51.60106422220482,888123.0,529.0,22653801.0,157000.0,0.0,0.0,-2000.0,0.0,0.89
2022-05-30,52.725047799322155,52.725047799322155,52.92940844970712,52.00978552297476,673830.0,409.0,17324558.0,300000.0,0.0,0.0,0.0,0.0,1.09
2022-05-31,52.92940844970712,53.0315887748996,53.23594942528457,52.21414617335973,423815.0,304.0,10938478.0,113000.0,0.0,0.0,1000.0,0.0,1.13
2022-06-01,53.23594942528457,53.54249040086203,54.15557235201694,53.13376910009209,732234.0,452.0,19214933.0,-67000.0,0.0,0.0,-1183.0,133000.0,1.05
2022-06-02,53.0315887748996,53.23594942528457,53.54249040086203,52.725047799322155,444797.0,284.0,11526075.0,-48000.0,0.0,0.0,0.0,0.0,1.0
2022-06-06,53.440310075669544,53.746851051247,54.56429365278687,53.23594942528457,561407.0,403.0,14805013.0,178000.0,0.0,0.0,-1000.0,0.0,1.08
2022-06-07,52.725047799322155,53.54249040086203,53.644670726054514,52.725047799322155,333246.0,260.0,8658604.0,-57000.0,0.0,0.0,0.0,0.0,1.04
2022-06-08,53.644670726054514,53.13376910009209,54.053392026824454,52.00978552297476,4881572.0,1321.0,127650764.0,-228000.0,0.0,0.0,-1000.0,0.0,0.9
2022-06-09,52.41850682374469,52.92940844970712,53.338129750477066,52.316326498552215,886344.0,571.0,22818142.0,-188000.0,0.0,0.0,0.0,0.0,0.77
2022-06-10,51.703244547397304,52.111965848167245,52.21414617335973,51.60106422220482,585935.0,383.0,14846677.0,-139000.0,0.0,0.0,0.0,0.0,0.73
2022-06-13,50.783621620664945,50.783621620664945,51.19234292143488,50.783621620664945,593776.0,359.0,14799310.0,-34000.0,0.0,0.0,-34.0,0.0,0.73
2022-06-14,50.68144129547246,50.783621620664945,51.498883897012334,50.170539669510035,529985.0,373.0,13096546.0,-44000.0,0.0,0.0,-424.0,0.0,0.71
2022-06-15,50.68144129547246,51.09016259624239,51.39670357181985,50.47708064508748,255260.0,259.0,6354816.0,66829.0,0.0,0.0,-173.0,0.0,0.75
2022-06-16,49.45527739316264,51.39670357181985,51.39670357181985,49.45527739316264,523850.0,537.0,12852531.0,-86000.0,0.0,0.0,0.0,0.0,0.7
2022-06-17,48.43347414123779,49.0465560923927,49.0465560923927,47.92257251527536,633357.0,919.0,14988872.0,59000.0,0.0,0.0,-2000.0,0.0,0.75
2022-06-20,44.141900483153435,47.7182118648904,48.3312938160453,43.73317918238349,1397536.0,1065.0,31239328.0,95000.0,0.0,0.0,1000.0,0.0,0.81
2022-06-21,46.59422828777306,43.93753983276846,46.90076926335052,43.93753983276846,663940.0,508.0,14845787.0,324000.0,0.0,0.0,8315.0,0.0,1.02
2022-06-22,44.652802109115854,46.69640861296555,46.798588938158034,44.55062178392337,562489.0,468.0,12449412.0,-12000.0,0.0,0.0,3000.0,0.0,1.0
2022-06-23,44.141900483153435,44.75498243430833,45.57242503584822,43.528818531998525,588701.0,406.0,12827821.0,121000.0,0.0,0.0,6307.0,0.0,1.07
2022-06-24,45.57242503584822,44.3462611335384,46.18550698700313,44.3462611335384,492022.0,369.0,10970745.0,214000.0,0.0,0.0,13192.0,0.0,1.16
2022-06-27,47.30949056412045,46.08332666181064,47.41167088931294,46.08332666181064,439261.0,331.0,10100545.0,172000.0,0.0,0.0,5000.0,0.0,1.31
2022-06-28,47.51385121450543,47.207310238927974,47.82039219008288,46.798588938158034,480113.0,388.0,11134320.0,201000.0,0.0,0.0,0.0,0.0,1.31
2022-06-29,46.08332666181064,47.002949588543004,47.10512991373549,45.98114633661815,242492.0,218.0,5512360.0,-96000.0,0.0,0.0,0.0,0.0,1.22
2022-06-30,43.83535950757597,46.798588938158034,46.798588938158034,43.73317918238349,575966.0,464.0,12474368.0,-136000.0,0.0,0.0,0.0,0.0,0.9
2022-07-01,40.25904812583901,43.63099885719101,43.93753983276846,40.05468747545404,839224.0,658.0,17128741.0,99000.0,0.0,0.0,8079.0,0.0,0.96
2022-07-04,40.3620124432964,39.847190856009455,41.70054857024245,39.847190856009455,515230.0,409.0,10219643.0,191800.0,0.0,0.0,8000.0,0.0,1.06
2022-07-05,41.80351288769984,41.59758425278506,43.245013332103284,41.18572698295551,635784.0,438.0,13022086.0,186000.0,0.0,0.0,8274.0,0.0,0.99
2022-07-06,40.773869713125954,42.21537015752939,42.627227427358946,40.773869713125954,474844.0,471.0,9606666.0,-16800.0,0.0,0.0,3746.0,0.0,1.11
2022-07-07,42.21537015752939,41.80351288769984,42.421298792444176,40.67090539566856,384356.0,338.0,7779327.0,147000.0,0.0,0.0,0.0,0.0,1.19
2022-07-08,42.627227427358946,42.421298792444176,43.65687060193284,42.421298792444176,447343.0,372.0,9356858.0,26000.0,0.0,0.0,0.0,0.0,1.2
2022-07-11,42.627227427358946,43.245013332103284,43.245013332103284,42.318334474986784,132469.0,162.0,2740191.0,31000.0,0.0,0.0,-1000.0,0.0,1.22
2022-07-12,40.25904812583901,42.421298792444176,42.421298792444176,40.15608380838162,478449.0,471.0,9477479.0,-235000.0,0.0,0.0,0.0,0.0,1.08
2022-07-13,42.009441522614615,42.83315606227373,42.83315606227373,41.70054857024245,388705.0,271.0,7975180.0,161000.0,0.0,0.0,0.0,0.0,1.19
2022-07-14,42.318334474986784,41.80351288769984,42.627227427358946,41.59758425278506,199054.0,151.0,4089380.0,104000.0,0.0,0.0,0.0,0.0,1.26
2022-07-15,42.318334474986784,42.318334474986784,42.421298792444176,41.59758425278506,185302.0,227.0,3785414.0,-8000.0,0.0,0.0,-1095.0,0.0,1.26
2022-07-18,43.34797764956067,42.73019174481634,43.65687060193284,42.73019174481634,408103.0,295.0,8572564.0,233000.0,0.0,0.0,0.0,0.0,1.41
2022-07-19,43.14204901464589,43.34797764956067,43.45094196701806,42.936120379731115,180379.0,212.0,3786959.0,20000.0,0.0,0.0,0.0,0.0,1.42
2022-07-20,43.862799236847614,43.45094196701806,44.37762082413456,43.45094196701806,418072.0,350.0,8935709.0,92800.0,0.0,0.0,-1000.0,0.0,1.48
2022-07-21,45.30429968125106,44.37762082413456,45.30429968125106,43.862799236847614,446280.0,356.0,9702881.0,145000.0,0.0,0.0,0.0,0.0,1.57
2022-07-22,44.789478093964114,47.26062171294144,47.363586030398835,44.48058514159195,546972.0,592.0,12114990.0,-96000.0,0.0,0.0,0.0,0.0,1.48
2022-07-25,45.30429968125106,44.789478093964114,45.510228316165836,44.27465650667717,212245.0,182.0,4635379.0,87000.0,0.0,0.0,0.0,0.0,1.51
2022-07-26,43.965763554305006,45.819121268538,45.819121268538,43.862799236847614,254605.0,352.0,5479230.0,-93000.0,0.0,0.0,0.0,0.0,1.45
2022-07-27,44.68651377650672,44.789478093964114,45.20133536379367,43.862799236847614,249951.0,204.0,5422923.0,115000.0,0.0,0.0,0.0,0.0,1.52
2022-07-28,44.37762082413456,47.15765739548405,47.363586030398835,44.06872787176239,446253.0,363.0,9799143.0,-171000.0,0.0,0.0,-1000.0,0.0,1.41
2022-07-29,45.819121268538,45.30429968125106,45.92208558599539,45.098371046336275,483193.0,308.0,10690033.0,168000.0,0.0,0.0,0.0,0.0,1.49
2022-08-01,45.510228316165836,45.71615695108061,45.819121268538,44.99540672887889,183884.0,191.0,4053258.0,14000.0,0.0,0.0,-4.0,0.0,1.5
2022-08-02,43.553906284475445,45.30429968125106,45.30429968125106,43.245013332103284,385388.0,507.0,8200739.0,-59000.0,0.0,0.0,0.0,0.0,1.46
2022-08-03,42.73019174481634,44.06872787176239,44.37762082413456,42.421298792444176,333655.0,292.0,7057630.0,-35000.0,0.0,0.0,-11000.0,0.0,1.44
2022-08-04,42.627227427358946,42.73019174481634,43.245013332103284,41.18572698295551,338813.0,283.0,6925788.0,109000.0,0.0,0.0,-13000.0,0.0,1.43
2022-08-05,44.48058514159195,43.553906284475445,44.58354945904933,43.45094196701806,396324.0,277.0,8492300.0,266000.0,0.0,0.0,-3000.0,0.0,1.6
2022-08-08,44.789478093964114,44.892442411421506,45.098371046336275,43.65687060193284,238789.0,210.0,5163297.0,50000.0,0.0,0.0,0.0,0.0,1.57
2022-08-09,45.20133536379367,44.789478093964114,45.510228316165836,44.58354945904933,285316.0,204.0,6243741.0,175000.0,0.0,0.0,0.0,0.0,1.67
2022-08-10,44.48058514159195,44.99540672887889,45.819121268538,44.48058514159195,256027.0,267.0,5609569.0,7000.0,0.0,0.0,-5000.0,0.0,1.63
2022-08-11,44.789478093964114,45.20133536379367,45.20133536379367,44.68651377650672,112719.0,222.0,2458840.0,14800.0,0.0,0.0,0.0,0.0,1.63
2022-08-12,45.61319263362322,44.892442411421506,46.23097853836755,44.58354945904933,443527.0,337.0,9830120.0,164000.0,0.0,0.0,0.0,0.0,1.73
2022-08-15,46.333942855824944,46.53987149073973,46.53987149073973,45.61319263362322,239044.0,208.0,5356175.0,119000.0,0.0,0.0,0.0,0.0,1.8
2022-08-16,46.53987149073973,46.95172876056928,47.46655034785622,46.333942855824944,398980.0,232.0,9093169.0,74000.0,0.0,0.0,0.0,0.0,1.85
2022-08-17,47.981371935143166,46.53987149073973,48.29026488751533,46.333942855824944,616885.0,435.0,14230323.0,259000.0,0.0,0.0,0.0,0.0,2.03
2022-08-18,49.21694374463183,47.878407617685774,49.422872379546604,46.7458001256545,938064.0,629.0,22056351.0,-159000.0,0.0,0.0,-8000.0,0.0,1.93
2022-08-19,47.878407617685774,50.452515554120495,50.452515554120495,47.878407617685774,1678905.0,1205.0,39859846.0,-762000.0,0.0,0.0,0.0,0.0,1.51
2022-08-22,48.29026488751533,47.56951466531361,51.070301458864826,47.56951466531361,1350228.0,948.0,32426107.0,23000.0,0.0,0.0,-1000.0,0.0,1.54
2022-08-23,47.981371935143166,48.49619352243011,49.31990806208922,47.878407617685774,742192.0,509.0,17484436.0,0.0,0.0,0.0,0.0,0.0,1.55
2022-08-24,47.981371935143166,48.18730057005794,49.11397942717444,47.77544330022839,718016.0,295.0,16867719.0,6000.0,0.0,0.0,0.0,0.0,1.59
2022-08-25,48.5991578398875,48.49619352243011,48.908050792259665,47.981371935143166,307999.0,223.0,7252568.0,156000.0,0.0,0.0,0.0,0.0,1.74
2022-08-26,48.80508647480227,49.11397942717444,49.73176533191877,48.5991578398875,408076.0,302.0,9725794.0,212000.0,0.0,0.0,0.0,0.0,1.85
2022-08-29,47.26062171294144,47.56951466531361,47.77544330022839,46.53987149073973,341631.0,293.0,7792085.0,6000.0,0.0,0.0,-6000.0,0.0,1.84
2022-08-30,48.908050792259665,47.363586030398835,49.422872379546604,47.363586030398835,451443.0,339.0,10705790.0,304000.0,0.0,0.0,0.0,0.0,1.81
2022-08-31,50.04065828429094,48.49619352243011,51.379194411236995,48.49619352243011,940383.0,694.0,22959031.0,190000.0,0.0,0.0,0.0,0.0,1.87
2022-09-01,48.80508647480227,49.62880101446139,49.73176533191877,48.5991578398875,403107.0,281.0,9587916.0,50000.0,0.0,0.0,-17000.0,0.0,1.9
2022-09-02,48.49619352243011,48.80508647480227,49.73176533191877,48.49619352243011,191095.0,195.0,4538491.0,13000.0,0.0,0.0,0.0,0.0,1.91
2022-09-05,49.93769396683355,49.01101510971706,50.86437282395005,47.46655034785622,1272141.0,867.0,30776842.0,-126000.0,0.0,0.0,0.0,0.0,1.84
2022-09-06,49.525836697003996,50.3495512366631,51.070301458864826,46.53987149073973,2373295.0,1675.0,55892126.0,-729000.0,0.0,0.0,0.0,0.0,1.47
2022-09-07,47.77544330022839,50.65844418903527,50.65844418903527,47.15765739548405,2519028.0,1821.0,59682312.0,-513000.0,0.0,0.0,0.0,0.0,1.26
2022-09-08,51.2762300937796,48.29026488751533,52.09994463343872,48.18730057005794,3719648.0,2574.0,92198216.0,995379.0,0.0,0.0,0.0,0.0,1.92
2022-09-12,51.2762300937796,53.232552125469994,54.468123934958655,51.17326577632222,3046880.0,2213.0,77453998.0,-888900.0,0.0,0.0,-6000.0,0.0,1.49
2022-09-13,49.73176533191877,51.070301458864826,51.070301458864826,49.62880101446139,1640838.0,1160.0,39902421.0,-373000.0,0.0,0.0,0.0,0.0,1.3
2022-09-14,48.908050792259665,48.70212215734488,49.01101510971706,47.672478982771,797366.0,777.0,18769972.0,-83100.0,0.0,0.0,-1000.0,0.0,1.27
2022-09-15,49.83472964937616,49.21694374463183,50.3495512366631,49.11397942717444,652021.0,536.0,15768667.0,322000.0,0.0,0.0,-2000.0,0.0,1.48
2022-09-16,48.29026488751533,50.65844418903527,50.65844418903527,48.29026488751533,494981.0,510.0,11747529.0,-89000.0,0.0,0.0,-9000.0,0.0,1.47
2022-09-19,46.95172876056928,48.39322920497272,48.39322920497272,46.642835808197106,605191.0,416.0,13898592.0,-50000.0,0.0,0.0,0.0,0.0,1.45
2022-09-20,47.15765739548405,47.15765739548405,47.981371935143166,47.15765739548405,188701.0,155.0,4342164.0,6000.0,0.0,0.0,0.0,0.0,1.45
2022-09-21,45.92208558599539,46.7458001256545,47.46655034785622,45.92208558599539,398137.0,292.0,8979657.0,-97800.0,0.0,0.0,0.0,0.0,1.4
2022-09-22,46.12801422091017,45.30429968125106,46.7458001256545,44.48058514159195,410144.0,338.0,9026160.0,103000.0,0.0,0.0,-1000.0,0.0,1.48
2022-09-23,44.58354945904933,45.92208558599539,46.333942855824944,44.48058514159195,361346.0,267.0,7940338.0,-45000.0,0.0,0.0,0.0,0.0,1.45
2022-09-26,41.59758425278506,44.58354945904933,44.58354945904933,41.391655617870285,713832.0,560.0,14688564.0,-5000.0,0.0,0.0,0.0,0.0,1.48
2022-09-27,42.318334474986784,41.2886913004129,42.627227427358946,41.2886913004129,305711.0,241.0,6223122.0,107000.0,0.0,0.0,0.0,0.0,1.55
2022-09-28,39.74422653855206,42.318334474986784,42.524263109901554,39.74422653855206,811131.0,608.0,15971479.0,-204000.0,0.0,0.0,-9000.0,0.0,1.35
2022-09-29,40.56794107821117,40.67090539566856,41.391655617870285,39.95015517346684,325683.0,272.0,6456943.0,123000.0,0.0,0.0,0.0,0.0,1.41
2022-09-30,40.464976760753785,40.15608380838162,40.56794107821117,38.61161904652079,367741.0,352.0,7058014.0,3000.0,0.0,0.0,1000.0,0.0,1.44
2022-10-03,40.05311949092423,40.3620124432964,40.464976760753785,39.64126222109468,195397.0,236.0,3806898.0,37000.0,0.0,0.0,0.0,0.0,1.47
2022-10-04,43.965763554305006,43.965763554305006,43.965763554305006,43.965763554305006,2847965.0,608.0,60804036.0,38000.0,0.0,0.0,0.0,0.0,1.49
2022-10-05,44.48058514159195,47.363586030398835,47.77544330022839,44.48058514159195,2956958.0,1873.0,66020590.0,-573000.0,0.0,0.0,0.0,0.0,1.25
2022-10-06,43.45094196701806,44.37762082413456,44.37762082413456,43.245013332103284,624867.0,478.0,13220596.0,-123000.0,0.0,0.0,0.0,0.0,1.19
2022-10-07,43.0390846971885,43.14204901464589,43.862799236847614,43.0390846971885,256919.0,254.0,5415110.0,52000.0,0.0,0.0,0.0,0.0,1.22
2022-10-11,41.18572698295551,42.112405840072,42.21537015752939,41.082762665498116,381662.0,478.0,7695773.0,39000.0,0.0,0.0,0.0,0.0,1.29
2022-10-12,41.391655617870285,41.70054857024245,41.70054857024245,40.56794107821117,273756.0,260.0,5456033.0,103000.0,0.0,0.0,0.0,0.0,1.35
2022-10-13,39.02347631635034,41.59758425278506,41.59758425278506,38.71458336397818,559797.0,556.0,10756493.0,-110000.0,0.0,0.0,1000.0,0.0,1.3
2022-10-14,40.3620124432964,39.95015517346684,41.18572698295551,39.95015517346684,441275.0,315.0,8690165.0,57000.0,0.0,0.0,7000.0,0.0,1.36
2022-10-17,40.15608380838162,39.74422653855206,40.25904812583901,38.92051199889295,359907.0,309.0,6919364.0,-22000.0,0.0,0.0,3000.0,0.0,1.36
2022-10-18,41.18572698295551,40.56794107821117,41.391655617870285,40.3620124432964,254938.0,224.0,5058320.0,70000.0,0.0,0.0,5000.0,0.0,1.41
2022-10-19,40.67090539566856,41.18572698295551,41.80351288769984,40.15608380838162,264985.0,297.0,5291494.0,88000.0,0.0,0.0,5000.0,0.0,1.47
2022-10-20,40.3620124432964,40.05311949092423,40.56794107821117,39.435333586179894,166284.0,266.0,3222644.0,-32000.0,0.0,0.0,-8000.0,0.0,1.33
2022-10-21,39.64126222109468,40.15608380838162,40.15608380838162,39.33236926872251,210709.0,222.0,4056422.0,-53000.0,0.0,0.0,0.0,0.0,1.33
2022-10-24,40.15608380838162,40.15608380838162,40.773869713125954,40.15608380838162,180095.0,144.0,3538458.0,52000.0,0.0,0.0,17000.0,0.0,1.36
2022-10-25,39.435333586179894,40.15608380838162,40.773869713125954,39.33236926872251,203609.0,170.0,3930367.0,10000.0,0.0,0.0,12000.0,0.0,1.37
2022-10-26,40.05311949092423,39.74422653855206,40.3620124432964,39.435333586179894,223213.0,168.0,4319768.0,35000.0,0.0,0.0,3000.0,0.0,1.43
2022-10-27,41.391655617870285,40.05311949092423,41.391655617870285,40.05311949092423,319016.0,223.0,6337537.0,194000.0,0.0,0.0,-1000.0,0.0,1.53
2022-10-28,39.847190856009455,41.59758425278506,41.59758425278506,39.847190856009455,157344.0,295.0,3084757.0,-52000.0,0.0,0.0,0.0,0.0,1.47
2022-10-31,40.25904812583901,40.15608380838162,40.876834030583346,40.15608380838162,105646.0,102.0,2079650.0,29000.0,0.0,0.0,0.0,0.0,1.49
2022-11-01,40.979798348040724,40.773869713125954,41.391655617870285,40.3620124432964,167849.0,143.0,3344366.0,96000.0,0.0,0.0,2000.0,0.0,1.55
2022-11-02,41.59758425278506,40.979798348040724,41.80351288769984,40.979798348040724,201505.0,189.0,4061378.0,99000.0,0.0,0.0,8000.0,0.0,1.61
2022-11-03,41.80351288769984,41.59758425278506,41.90647720515723,40.876834030583346,152868.0,142.0,3081598.0,37000.0,0.0,0.0,-6000.0,0.0,1.63
2022-11-04,42.009441522614615,41.49461993532767,42.009441522614615,41.391655617870285,134740.0,211.0,2733389.0,23000.0,0.0,0.0,-2000.0,0.0,1.65
2022-11-07,42.524263109901554,42.112405840072,42.936120379731115,41.80351288769984,264201.0,227.0,5457458.0,106000.0,0.0,0.0,0.0,0.0,1.71
2022-11-08,42.421298792444176,43.0390846971885,43.65687060193284,42.421298792444176,330573.0,309.0,6913134.0,23000.0,0.0,0.0,3000.0,0.0,1.73
2022-11-09,42.73019174481634,43.0390846971885,43.245013332103284,42.73019174481634,140805.0,148.0,2934046.0,52000.0,0.0,0.0,-1000.0,0.0,1.73
2022-11-10,41.80351288769984,42.21537015752939,42.421298792444176,41.70054857024245,163847.0,184.0,3345486.0,-44000.0,0.0,0.0,0.0,0.0,1.6
2022-11-11,45.92208558599539,42.524263109901554,45.92208558599539,42.524263109901554,1124086.0,550.0,25030588.0,-5000.0,0.0,0.0,0.0,0.0,1.56
2022-11-14,48.5991578398875,46.333942855824944,49.01101510971706,46.333942855824944,5173396.0,2302.0,120182612.0,91000.0,0.0,0.0,-3000.0,0.0,1.57
2022-11-15,46.12801422091017,47.56951466531361,47.56951466531361,45.510228316165836,1188473.0,1073.0,26770024.0,-253000.0,0.0,0.0,-4000.0,0.0,1.42
2022-11-16,45.20133536379367,46.333942855824944,46.333942855824944,45.098371046336275,557728.0,447.0,12318532.0,-14000.0,0.0,0.0,-2000.0,0.0,1.39
2022-11-17,45.92208558599539,44.99540672887889,46.02504990345278,44.68651377650672,261437.0,282.0,5808234.0,53000.0,0.0,0.0,0.0,0.0,1.41
2022-11-18,45.20133536379367,45.92208558599539,46.95172876056928,45.20133536379367,396839.0,375.0,8858261.0,-38000.0,0.0,0.0,0.0,0.0,1.36
2022-11-21,45.20133536379367,45.30429968125106,45.92208558599539,44.99540672887889,163397.0,194.0,3597187.0,11000.0,0.0,0.0,0.0,0.0,1.36
2022-11-22,44.789478093964114,44.892442411421506,45.61319263362322,44.58354945904933,229425.0,236.0,5004058.0,35000.0,0.0,0.0,0.0,0.0,1.38
2022-11-23,45.61319263362322,45.30429968125106,46.436907173282336,45.30429968125106,393889.0,389.0,8796864.0,26000.0,0.0,0.0,0.0,0.0,1.4
2022-11-24,45.510228316165836,45.71615695108061,46.12801422091017,45.30429968125106,199077.0,193.0,4407960.0,68000.0,0.0,0.0,0.0,0.0,1.45
2022-11-25,50.04065828429094,46.02504990345278,50.04065828429094,46.02504990345278,4441568.0,2171.0,105500606.0,138000.0,0.0,0.0,0.0,0.0,1.55
2022-11-28,49.93769396683355,49.422872379546604,51.89401599852393,48.908050792259665,8132800.0,3878.0,198425253.0,-707000.0,0.0,0.0,16000.0,0.0,1.15
2022-11-29,48.39322920497272,49.73176533191877,49.73176533191877,48.29026488751533,866843.0,711.0,20462716.0,-113000.0,0.0,0.0,-2000.0,0.0,1.13
2022-11-30,47.77544330022839,48.39322920497272,48.80508647480227,47.672478982771,850124.0,765.0,19867997.0,31000.0,0.0,0.0,0.0,0.0,1.18
2022-12-01,49.11397942717444,48.08433625260056,50.04065828429094,47.981371935143166,3575696.0,1046.0,85597896.0,-267000.0,0.0,0.0,1000.0,0.0,1.08
2022-12-02,47.56951466531361,48.80508647480227,49.422872379546604,47.363586030398835,1907764.0,1093.0,44474493.0,105000.0,0.0,0.0,-3000.0,0.0,1.11
2022-12-05,48.29026488751533,47.77544330022839,48.39322920497272,47.77544330022839,706353.0,428.0,16488181.0,195000.0,0.0,0.0,0.0,0.0,1.23
2022-12-06,47.15765739548405,48.39322920497272,48.39322920497272,46.95172876056928,526861.0,492.0,12156629.0,-37000.0,0.0,0.0,-5000.0,0.0,1.22
2022-12-07,46.436907173282336,47.15765739548405,47.363586030398835,46.12801422091017,551398.0,479.0,12495853.0,-33000.0,0.0,0.0,0.0,0.0,1.23
2022-12-08,47.46655034785622,46.53987149073973,47.77544330022839,46.436907173282336,322861.0,239.0,7380265.0,92000.0,0.0,0.0,0.0,0.0,1.26
2022-12-09,47.15765739548405,47.77544330022839,47.77544330022839,47.15765739548405,181910.0,153.0,4181488.0,64000.0,0.0,0.0,0.0,0.0,1.32
2022-12-12,47.981371935143166,47.15765739548405,48.18730057005794,46.7458001256545,446680.0,250.0,10337618.0,191000.0,0.0,0.0,0.0,0.0,1.43
2022-12-13,47.981371935143166,47.981371935143166,49.01101510971706,47.878407617685774,721750.0,464.0,16958125.0,-26000.0,0.0,0.0,0.0,0.0,1.38
2022-12-14,48.5991578398875,48.908050792259665,50.96733714140744,47.981371935143166,4373467.0,2672.0,105600349.0,-321000.0,0.0,0.0,1000.0,0.0,1.28
2022-12-15,48.18730057005794,48.5991578398875,48.908050792259665,47.981371935143166,636989.0,486.0,14946087.0,3000.0,0.0,0.0,-1000.0,0.0,1.27
2022-12-16,47.054693078026666,47.56951466531361,47.878407617685774,46.7458001256545,519086.0,448.0,11936940.0,60000.0,0.0,0.0,-1000.0,0.0,1.24
2022-12-19,46.95172876056928,46.95172876056928,48.5991578398875,46.95172876056928,510613.0,312.0,11800971.0,217000.0,0.0,0.0,1000.0,0.0,1.29
2022-12-20,45.407263998708444,46.95172876056928,47.77544330022839,45.20133536379367,531933.0,414.0,11895146.0,24000.0,0.0,0.0,3000.0,0.0,1.32
2022-12-21,45.71615695108061,45.71615695108061,46.642835808197106,45.510228316165836,250212.0,174.0,5580399.0,17000.0,0.0,0.0,-2000.0,0.0,1.25
2022-12-22,46.12801422091017,45.819121268538,46.436907173282336,45.819121268538,177252.0,142.0,3977439.0,69000.0,0.0,0.0,0.0,0.0,1.29
2022-12-23,46.53987149073973,45.510228316165836,47.054693078026666,44.99540672887889,533118.0,311.0,11980294.0,-17000.0,0.0,0.0,-3000.0,0.0,1.3
2022-12-26,46.84876444311189,46.333942855824944,47.878407617685774,46.333942855824944,540026.0,359.0,12378902.0,20000.0,0.0,0.0,0.0,0.0,1.28
2022-12-27,46.7458001256545,46.95172876056928,47.26062171294144,46.53987149073973,160788.0,163.0,3658070.0,-26000.0,0.0,0.0,0.0,0.0,1.2
2022-12-28,45.819121268538,46.7458001256545,46.7458001256545,45.819121268538,229162.0,175.0,5131300.0,-18000.0,0.0,0.0,0.0,0.0,1.2
2022-12-29,46.23097853836755,45.819121268538,46.7458001256545,45.30429968125106,401509.0,301.0,9019659.0,62000.0,0.0,0.0,0.0,0.0,1.23
2022-12-30,45.71615695108061,46.333942855824944,46.95172876056928,45.61319263362322,217773.0,206.0,4855818.0,-78000.0,0.0,0.0,0.0,0.0,1.19
2023-01-03,45.71615695108061,45.71615695108061,45.819121268538,45.20133536379367,210051.0,162.0,4639505.0,29000.0,0.0,0.0,0.0,0.0,1.2
2023-01-04,46.12801422091017,45.71615695108061,47.15765739548405,45.71615695108061,221748.0,154.0,4980246.0,65000.0,0.0,0.0,0.0,0.0,1.22
2023-01-05,46.53987149073973,46.642835808197106,46.84876444311189,46.02504990345278,335067.0,193.0,7557290.0,208000.0,0.0,0.0,0.0,0.0,1.33
2023-01-06,46.436907173282336,46.23097853836755,46.7458001256545,46.23097853836755,103026.0,121.0,2329185.0,49000.0,0.0,0.0,0.0,0.0,1.35
2023-01-09,47.26062171294144,46.7458001256545,47.26062171294144,46.53987149073973,307721.0,215.0,7028853.0,141000.0,0.0,0.0,0.0,0.0,1.41
2023-01-10,46.7458001256545,47.26062171294144,47.56951466531361,46.436907173282336,248893.0,226.0,5678993.0,24000.0,0.0,0.0,0.0,0.0,1.41
2023-01-11,46.436907173282336,47.15765739548405,47.15765739548405,46.436907173282336,158497.0,122.0,3593544.0,37400.0,0.0,0.0,0.0,0.0,1.44
2023-01-12,45.92208558599539,46.53987149073973,46.53987149073973,45.61319263362322,244705.0,196.0,5461594.0,-14000.0,0.0,0.0,0.0,0.0,1.42
2023-01-13,46.23097853836755,46.7458001256545,46.7458001256545,45.71615695108061,306167.0,254.0,6872862.0,2000.0,0.0,0.0,0.0,0.0,1.42
2023-01-16,46.23097853836755,45.61319263362322,46.23097853836755,45.510228316165836,261171.0,179.0,5811378.0,40000.0,0.0,0.0,0.0,0.0,1.45
2023-01-17,45.71615695108061,46.23097853836755,46.333942855824944,45.510228316165836,221667.0,174.0,4937181.0,12000.0,0.0,0.0,1000.0,0.0,1.43
2023-01-30,46.7458001256545,46.02504990345278,46.95172876056928,46.02504990345278,357101.0,296.0,8078078.0,227000.0,0.0,0.0,0.0,0.0,1.58
2023-01-31,47.363586030398835,46.333942855824944,47.363586030398835,46.333942855824944,266929.0,183.0,6106192.0,150000.0,0.0,0.0,0.0,0.0,1.68
2023-02-01,47.672478982771,47.15765739548405,47.878407617685774,47.15765739548405,273861.0,215.0,6334872.0,102000.0,0.0,0.0,0.0,0.0,1.75
2023-02-02,48.29026488751533,47.981371935143166,48.70212215734488,47.878407617685774,445512.0,316.0,10433278.0,125000.0,0.0,0.0,21000.0,0.0,1.81
2023-02-03,48.5991578398875,47.981371935143166,48.80508647480227,47.981371935143166,419407.0,289.0,9864857.0,156000.0,0.0,0.0,0.0,0.0,1.87
2023-02-06,48.70212215734488,48.5991578398875,49.11397942717444,48.18730057005794,314779.0,298.0,7431456.0,91000.0,0.0,0.0,0.0,0.0,1.9
2023-02-07,48.29026488751533,48.5991578398875,48.5991578398875,48.18730057005794,143932.0,167.0,3374616.0,12000.0,0.0,0.0,0.0,0.0,1.91
2023-02-08,48.5991578398875,48.39322920497272,48.70212215734488,48.08433625260056,386398.0,287.0,9083274.0,120000.0,0.0,0.0,-1000.0,0.0,1.96
2023-02-09,48.70212215734488,48.29026488751533,48.80508647480227,48.18730057005794,222112.0,192.0,5235385.0,61000.0,0.0,0.0,0.0,0.0,1.98
2023-02-10,48.08433625260056,48.39322920497272,48.39322920497272,47.77544330022839,169316.0,169.0,3944230.0,-23000.0,0.0,0.0,0.0,0.0,1.95
2023-02-13,47.46655034785622,48.08433625260056,48.08433625260056,47.46655034785622,255479.0,245.0,5913562.0,64000.0,0.0,0.0,0.0,0.0,1.98
2023-02-14,47.363586030398835,47.878407617685774,48.08433625260056,47.363586030398835,143994.0,141.0,3334781.0,43000.0,0.0,0.0,0.0,0.0,1.99
2023-02-15,47.15765739548405,47.363586030398835,47.46655034785622,46.84876444311189,234779.0,234.0,5373800.0,-63000.0,0.0,0.0,0.0,0.0,1.94
2023-02-16,48.39322920497272,47.56951466531361,48.70212215734488,47.56951466531361,462136.0,354.0,10843265.0,169000.0,0.0,0.0,0.0,0.0,2.04
2023-02-17,48.80508647480227,48.39322920497272,49.01101510971706,48.39322920497272,446443.0,303.0,10562883.0,170000.0,0.0,0.0,0.0,0.0,2.14
2023-02-20,48.908050792259665,49.83472964937616,49.83472964937616,48.80508647480227,458970.0,363.0,10965001.0,91000.0,0.0,0.0,0.0,0.0,2.21
2023-02-21,48.80508647480227,49.31990806208922,49.31990806208922,48.49619352243011,282675.0,264.0,6694295.0,93000.0,0.0,0.0,0.0,0.0,2.24
2023-02-22,48.70212215734488,48.08433625260056,48.908050792259665,48.08433625260056,258023.0,215.0,6080047.0,103000.0,0.0,0.0,0.0,0.0,2.31
2023-02-23,49.31990806208922,49.01101510971706,49.31990806208922,48.80508647480227,300723.0,282.0,7177715.0,130000.0,0.0,0.0,0.0,0.0,2.39
2023-02-24,49.01101510971706,49.422872379546604,49.525836697003996,48.80508647480227,231437.0,407.0,5509328.0,-28000.0,0.0,0.0,0.0,0.0,2.37
2023-03-01,48.5991578398875,49.21694374463183,49.21694374463183,48.39322920497272,187888.0,375.0,4437636.0,1000.0,0.0,0.0,0.0,0.0,2.37
2023-03-02,48.49619352243011,48.908050792259665,48.908050792259665,48.39322920497272,183646.0,202.0,4332214.0,15000.0,0.0,0.0,-1000.0,0.0,2.38
2023-03-03,49.01101510971706,48.5991578398875,49.01101510971706,48.5991578398875,374873.0,263.0,8895740.0,90000.0,0.0,0.0,0.0,0.0,2.41
2023-03-06,49.83472964937616,49.01101510971706,50.3495512366631,49.01101510971706,606981.0,464.0,14647395.0,182000.0,0.0,0.0,0.0,0.0,2.52
2023-03-07,49.62880101446139,49.83472964937616,50.04065828429094,49.31990806208922,237916.0,266.0,5730903.0,40000.0,0.0,0.0,0.0,0.0,2.54
2023-03-08,50.24658691920571,49.422872379546604,50.452515554120495,49.422872379546604,561689.0,493.0,13651264.0,98000.0,0.0,0.0,0.0,0.0,2.57
2023-03-09,50.452515554120495,50.76140850649266,51.2762300937796,50.04065828429094,567495.0,523.0,13949910.0,-124000.0,0.0,0.0,0.0,0.0,2.49
2023-03-10,49.21694374463183,49.93769396683355,50.14362260174833,49.11397942717444,489984.0,628.0,11794295.0,-81000.0,0.0,0.0,0.0,0.0,2.44
2023-03-13,48.08433625260056,49.21694374463183,49.21694374463183,46.7458001256545,430296.0,586.0,9950737.0,-75000.0,0.0,0.0,0.0,0.0,2.4
2023-03-14,47.77544330022839,47.981371935143166,48.18730057005794,47.56951466531361,168915.0,194.0,3924751.0,-43000.0,0.0,0.0,-1000.0,0.0,2.33
2023-03-15,47.363586030398835,47.981371935143166,47.981371935143166,47.363586030398835,282437.0,265.0,6526504.0,-82000.0,0.0,0.0,0.0,0.0,2.26
2023-03-16,46.333942855824944,47.363586030398835,47.46655034785622,46.12801422091017,333024.0,256.0,7552639.0,-122000.0,0.0,0.0,0.0,0.0,2.19
2023-03-17,46.7458001256545,46.53987149073973,47.26062171294144,46.436907173282336,173731.0,160.0,3947392.0,0.0,0.0,0.0,-37000.0,0.0,2.2
2023-03-20,47.15765739548405,47.363586030398835,47.363586030398835,46.7458001256545,135284.0,168.0,3088336.0,21000.0,0.0,0.0,-3000.0,0.0,2.22
2023-03-21,47.56951466531361,47.46655034785622,47.981371935143166,47.363586030398835,235133.0,192.0,5446802.0,104000.0,0.0,0.0,0.0,0.0,2.24
2023-03-22,48.39322920497272,47.77544330022839,48.49619352243011,47.77544330022839,331010.0,224.0,7751373.0,178963.0,0.0,0.0,0.0,0.0,2.32
2023-03-23,48.80508647480227,48.39322920497272,48.908050792259665,47.981371935143166,237163.0,199.0,5609716.0,74734.0,0.0,0.0,0.0,0.0,2.36
2023-03-24,49.422872379546604,49.01101510971706,49.62880101446139,48.80508647480227,345498.0,274.0,8264842.0,160000.0,0.0,0.0,0.0,0.0,2.47
2023-03-27,49.31990806208922,49.31990806208922,49.73176533191877,49.11397942717444,323401.0,265.0,7761365.0,82000.0,0.0,0.0,0.0,0.0,2.52
2023-03-28,48.49619352243011,49.31990806208922,49.31990806208922,48.18730057005794,178260.0,208.0,4206381.0,-39000.0,0.0,0.0,0.0,0.0,2.5
2023-03-29,47.878407617685774,48.49619352243011,49.01101510971706,47.77544330022839,141630.0,181.0,3313755.0,-48000.0,0.0,0.0,0.0,0.0,2.47
2023-03-30,47.981371935143166,47.878407617685774,48.5991578398875,47.878407617685774,145466.0,177.0,3409503.0,33000.0,0.0,0.0,0.0,0.0,2.49
2023-03-31,48.08433625260056,47.981371935143166,48.18730057005794,47.878407617685774,135929.0,195.0,3166749.0,26000.0,0.0,0.0,1000.0,0.0,2.5
2023-04-06,49.21694374463183,48.08433625260056,49.21694374463183,47.56951466531361,327083.0,484.0,7719632.0,53318.0,0.0,0.0,0.0,0.0,2.54
2023-04-07,49.21694374463183,49.11397942717444,49.525836697003996,48.80508647480227,301319.0,692.0,7201428.0,29000.0,0.0,0.0,0.0,0.0,2.55
2023-04-10,49.525836697003996,49.31990806208922,50.3495512366631,49.31990806208922,412131.0,382.0,9958765.0,178800.0,0.0,0.0,0.0,0.0,2.67
2023-04-11,49.62880101446139,49.93769396683355,49.93769396683355,49.525836697003996,203769.0,315.0,4914806.0,50000.0,0.0,0.0,0.0,0.0,2.69
2023-04-12,49.93769396683355,49.93769396683355,50.14362260174833,49.62880101446139,375652.0,397.0,9101910.0,143000.0,0.0,0.0,0.0,0.0,2.77
2023-04-13,49.93769396683355,49.83472964937616,50.452515554120495,49.83472964937616,440626.0,401.0,10742132.0,58000.0,0.0,0.0,0.0,0.0,2.84
2023-04-14,49.21694374463183,49.83472964937616,49.93769396683355,49.21694374463183,312838.0,355.0,7509936.0,-94000.0,0.0,0.0,0.0,0.0,2.71
2023-04-17,48.908050792259665,49.01101510971706,49.31990806208922,48.80508647480227,224262.0,306.0,5338994.0,36000.0,0.0,0.0,0.0,0.0,2.73
2023-04-18,49.31990806208922,49.01101510971706,50.14362260174833,49.01101510971706,497786.0,375.0,11989957.0,77000.0,0.0,0.0,1000.0,0.0,2.78
2023-04-19,49.422872379546604,49.62880101446139,50.3495512366631,49.31990806208922,567783.0,408.0,13713304.0,143000.0,0.0,0.0,-1000.0,0.0,2.87
2023-04-20,48.70212215734488,49.422872379546604,49.422872379546604,48.5991578398875,331268.0,411.0,7857696.0,-198000.0,0.0,0.0,0.0,0.0,2.73
2023-04-21,47.77544330022839,48.70212215734488,48.80508647480227,47.56951466531361,441707.0,386.0,10319765.0,-201000.0,0.0,0.0,0.0,0.0,2.37
2023-04-24,47.77544330022839,47.77544330022839,48.08433625260056,47.56951466531361,130228.0,173.0,3026882.0,-79000.0,0.0,0.0,0.0,0.0,2.32
2023-04-25,46.84876444311189,47.363586030398835,48.39322920497272,46.333942855824944,445998.0,392.0,10240711.0,-241000.0,0.0,0.0,0.0,0.0,2.18
2023-04-26,47.15765739548405,46.53987149073973,47.26062171294144,46.23097853836755,282255.0,255.0,6391702.0,-2000.0,0.0,0.0,0.0,0.0,2.19
2023-04-27,46.95172876056928,46.642835808197106,47.26062171294144,46.333942855824944,111104.0,124.0,2531305.0,-9000.0,0.0,0.0,0.0,0.0,2.19
2023-04-28,47.672478982771,47.363586030398835,47.878407617685774,47.363586030398835,107970.0,145.0,2493003.0,18000.0,0.0,0.0,0.0,0.0,2.2
2023-05-02,52.40883758581088,52.40883758581088,52.40883758581088,52.40883758581088,5292704.0,3097.0,134699255.0,15000.0,0.0,0.0,0.0,0.0,2.16
2023-05-03,47.26062171294144,48.5991578398875,49.93769396683355,47.26062171294144,16686691.0,8256.0,392717524.0,-885000.0,0.0,0.0,-3000.0,0.0,1.67
2023-05-04,47.56951466531361,47.363586030398835,47.77544330022839,46.333942855824944,2355021.0,1654.0,53920067.0,-105000.0,0.0,0.0,0.0,0.0,1.69
2023-05-05,46.642835808197106,48.08433625260056,48.08433625260056,46.53987149073973,1242459.0,1226.0,28352985.0,-370000.0,0.0,0.0,1000.0,0.0,1.52
2023-05-08,46.333942855824944,46.95172876056928,47.363586030398835,46.23097853836755,1313983.0,931.0,29767830.0,-124000.0,0.0,0.0,-4000.0,0.0,1.52
2023-05-09,45.510228316165836,46.7458001256545,46.7458001256545,45.510228316165836,1153896.0,1551.0,25666866.0,85030.0,0.0,0.0,0.0,0.0,1.63
2023-05-10,45.098371046336275,45.510228316165836,45.510228316165836,44.68651377650672,758672.0,901.0,16614364.0,-67000.0,0.0,0.0,5000.0,0.0,1.62
2023-05-11,43.0390846971885,45.30429968125106,45.30429968125106,43.0390846971885,1817146.0,2069.0,38592887.0,-138980.0,0.0,0.0,-1000.0,0.0,1.58
2023-05-12,43.245013332103284,43.0390846971885,43.45094196701806,42.627227427358946,468493.0,543.0,9820257.0,-2000.0,0.0,0.0,-2000.0,0.0,1.57
2023-05-15,43.14204901464589,43.245013332103284,43.245013332103284,42.627227427358946,304268.0,576.0,6349455.0,-73000.0,0.0,0.0,2000.0,0.0,1.5
2023-05-16,43.65687060193284,43.862799236847614,43.862799236847614,43.34797764956067,227020.0,259.0,4806633.0,-7000.0,0.0,0.0,12000.0,0.0,1.47
2023-05-17,43.862799236847614,43.65687060193284,44.06872787176239,43.34797764956067,293749.0,306.0,6258897.0,34000.0,0.0,0.0,28000.0,0.0,1.5
2023-05-18,44.06872787176239,44.37762082413456,44.37762082413456,43.65687060193284,215578.0,239.0,4603278.0,-27000.0,0.0,0.0,14000.0,0.0,1.47
2023-05-19,43.965763554305006,44.37762082413456,44.48058514159195,43.862799236847614,221146.0,215.0,4734530.0,18000.0,0.0,0.0,1000.0,0.0,1.46
2023-05-22,44.06872787176239,44.48058514159195,44.789478093964114,44.06872787176239,587036.0,433.0,12646229.0,66000.0,0.0,0.0,-1000.0,0.0,1.5
2023-05-23,44.48058514159195,44.37762082413456,44.58354945904933,44.06872787176239,262313.0,421.0,5654121.0,91000.0,0.0,0.0,-1000.0,0.0,1.55
2023-05-24,44.68651377650672,44.48058514159195,44.68651377650672,44.27465650667717,202241.0,316.0,4375030.0,65000.0,0.0,0.0,0.0,0.0,1.6
2023-05-25,44.48058514159195,44.892442411421506,44.892442411421506,44.48058514159195,263033.0,342.0,5704173.0,-25000.0,0.0,0.0,0.0,0.0,1.54
2023-05-26,44.48058514159195,44.892442411421506,44.892442411421506,44.06872787176239,400689.0,464.0,8637775.0,-68000.0,0.0,0.0,0.0,0.0,1.46
2023-05-29,45.098371046336275,44.58354945904933,45.20133536379367,44.48058514159195,349175.0,316.0,7635704.0,23000.0,0.0,0.0,0.0,0.0,1.48
2023-05-30,44.99540672887889,44.789478093964114,45.510228316165836,44.789478093964114,330087.0,293.0,7243290.0,41000.0,0.0,0.0,-13000.0,0.0,1.51
2023-05-31,45.20133536379367,45.098371046336275,45.407263998708444,44.68651377650672,375021.0,287.0,8231419.0,88000.0,0.0,0.0,6000.0,0.0,1.56
2023-06-01,45.20133536379367,45.510228316165836,45.510228316165836,44.789478093964114,238320.0,239.0,5216684.0,-44000.0,0.0,0.0,0.0,0.0,1.54
2023-06-02,45.61319263362322,44.99540672887889,45.71615695108061,44.99540672887889,489003.0,296.0,10794316.0,82000.0,0.0,0.0,-3000.0,0.0,1.58
2023-06-05,45.71615695108061,45.61319263362322,46.23097853836755,45.407263998708444,419737.0,383.0,9336696.0,-29000.0,0.0,0.0,0.0,0.0,1.55
2023-06-06,45.61319263362322,45.92208558599539,45.92208558599539,44.99540672887889,794822.0,619.0,17516045.0,-21000.0,0.0,0.0,0.0,0.0,1.55
2023-06-07,45.20133536379367,45.71615695108061,45.819121268538,45.20133536379367,395844.0,403.0,8720023.0,66000.0,0.0,0.0,0.0,0.0,1.59
2023-06-08,44.99540672887889,45.20133536379367,45.30429968125106,44.892442411421506,161141.0,269.0,3525053.0,-40000.0,0.0,0.0,0.0,0.0,1.56
2023-06-09,44.99540672887889,45.098371046336275,45.407263998708444,44.892442411421506,173130.0,205.0,3793746.0,12000.0,0.0,0.0,1000.0,0.0,1.57
2023-06-12,44.892442411421506,44.99540672887889,44.99540672887889,44.68651377650672,201557.0,305.0,4391140.0,21000.0,0.0,0.0,0.0,0.0,1.58
2023-06-13,44.789478093964114,44.892442411421506,44.99540672887889,44.48058514159195,272565.0,435.0,5923911.0,39000.0,0.0,0.0,15000.0,0.0,1.61
2023-06-14,44.68651377650672,44.789478093964114,44.99540672887889,44.37762082413456,303481.0,370.0,6572413.0,-18000.0,0.0,0.0,0.0,0.0,1.59
2023-06-15,45.71615695108061,44.68651377650672,46.7458001256545,44.68651377650672,917339.0,643.0,20484309.0,-57000.0,0.0,0.0,-1000.0,0.0,1.58
2023-06-16,45.71615695108061,45.71615695108061,46.12801422091017,45.30429968125106,312156.0,383.0,6918145.0,-18541.0,0.0,0.0,0.0,0.0,1.54
2023-06-19,45.20133536379367,45.71615695108061,46.12801422091017,45.098371046336275,249432.0,375.0,5493450.0,-83000.0,0.0,0.0,1000.0,0.0,1.49
2023-06-20,44.789478093964114,45.098371046336275,45.510228316165836,44.789478093964114,380126.0,322.0,8309016.0,48000.0,0.0,0.0,1000.0,0.0,1.52
2023-06-21,45.71615695108061,45.30429968125106,45.92208558599539,44.99540672887889,380690.0,352.0,8424607.0,145000.0,0.0,0.0,0.0,0.0,1.51
2023-06-26,45.407263998708444,46.12801422091017,46.12801422091017,45.30429968125106,266091.0,215.0,5885099.0,21000.0,0.0,0.0,0.0,0.0,1.48
2023-06-27,44.892442411421506,45.30429968125106,45.30429968125106,44.37762082413456,644386.0,1211.0,13997621.0,37000.0,0.0,0.0,0.0,0.0,1.49
2023-06-28,44.789478093964114,44.789478093964114,45.098371046336275,44.68651377650672,217417.0,467.0,4744090.0,6010.0,0.0,0.0,3000.0,0.0,1.49
2023-06-29,44.789478093964114,44.99540672887889,45.098371046336275,44.68651377650672,359724.0,426.0,7822801.0,75000.0,0.0,0.0,0.0,0.0,1.59
2023-06-30,44.789478093964114,44.892442411421506,44.99540672887889,44.58354945904933,209055.0,288.0,4549953.0,57000.0,0.0,0.0,0.0,0.0,1.63
2023-07-03,44.99540672887889,45.30429968125106,45.510228316165836,44.789478093964114,283973.0,297.0,6217813.0,84000.0,0.0,0.0,0.0,0.0,1.68
2023-07-04,46.138477107672585,45.41106868480388,46.34630808563508,45.203237706841385,755916.0,855.0,16667035.0,176000.0,0.0,0.0,0.0,0.0,1.73
2023-07-05,45.826730640728854,45.826730640728854,46.138477107672585,45.72281515174761,212316.0,329.0,4698257.0,-41000.0,0.0,0.0,-2000.0,0.0,1.65
2023-07-06,45.72281515174761,45.826730640728854,46.03456161869134,45.514984173785116,196535.0,363.0,4325299.0,-33000.0,0.0,0.0,-5000.0,0.0,1.61
2023-07-07,44.891491239897654,45.30715319582263,45.41106868480388,44.68366026193516,357084.0,704.0,7733258.0,-73000.0,0.0,0.0,-1000.0,0.0,1.56
2023-07-10,44.37191379499143,44.891491239897654,44.891491239897654,44.16408281702894,295693.0,493.0,6314800.0,-49000.0,0.0,0.0,-2000.0,0.0,1.53
2023-07-11,44.06016732804769,44.37191379499143,44.579744772953916,43.748420861103966,346196.0,642.0,7342081.0,-91000.0,0.0,0.0,0.0,0.0,1.44
2023-07-12,43.748420861103966,44.06016732804769,44.06016732804769,43.644505372122715,274823.0,576.0,5787289.0,-99985.0,0.0,0.0,0.0,0.0,1.42
2023-07-13,43.021012438235246,43.748420861103966,43.748420861103966,42.709265971291515,758384.0,894.0,15737540.0,-207000.0,0.0,0.0,0.0,0.0,1.35
2023-07-14,43.43667439416023,43.54058988314147,43.748420861103966,43.1249279272165,319018.0,467.0,6655485.0,-64000.0,0.0,0.0,0.0,0.0,1.35
2023-07-17,44.47582928397267,43.43667439416023,44.579744772953916,43.43667439416023,430103.0,350.0,9151444.0,38000.0,0.0,0.0,-1697.0,0.0,1.45
2023-07-18,44.267998306010185,44.68366026193516,45.203237706841385,44.267998306010185,429592.0,365.0,9213289.0,-92999.0,0.0,0.0,-1.0,0.0,1.4
2023-07-19,43.644505372122715,44.78757575091641,44.78757575091641,43.644505372122715,214677.0,285.0,4538542.0,-12000.0,0.0,0.0,-2089.0,0.0,1.4
2023-07-20,43.748420861103966,43.644505372122715,44.06016732804769,43.644505372122715,128082.0,211.0,2697598.0,27000.0,0.0,0.0,0.0,0.0,1.41
2023-07-21,43.54058988314147,43.644505372122715,43.748420861103966,43.22884341619774,218348.0,600.0,4573763.0,-12000.0,0.0,0.0,-75.0,0.0,1.5
2023-07-24,43.021012438235246,43.85233635008521,43.85233635008521,42.917096949254,235694.0,386.0,4888071.0,-71000.0,0.0,0.0,-683.0,0.0,1.46
2023-07-25,42.917096949254,42.813181460272766,43.22884341619774,42.60535048231027,322598.0,423.0,6654445.0,40000.0,0.0,0.0,805.0,0.0,1.49
2023-07-26,43.021012438235246,42.917096949254,43.332758905178984,42.917096949254,132421.0,209.0,2744419.0,2000.0,0.0,0.0,-288.0,0.0,1.49
2023-07-27,43.332758905178984,43.332758905178984,43.644505372122715,43.021012438235246,185274.0,257.0,3866199.0,-11000.0,0.0,0.0,-240.0,0.0,1.48
2023-07-28,43.22884341619774,43.1249279272165,43.43667439416023,43.021012438235246,183876.0,324.0,3825629.0,30000.0,0.0,0.0,-513.0,0.0,1.51
2023-07-31,43.332758905178984,43.54058988314147,43.85233635008521,43.22884341619774,249810.0,303.0,5226333.0,-71000.0,0.0,0.0,727.0,0.0,1.47
2023-08-01,43.43667439416023,43.43667439416023,43.85233635008521,43.332758905178984,91637.0,171.0,1914051.0,-10000.0,0.0,0.0,-30.0,0.0,1.46
2023-08-02,42.917096949254,43.22884341619774,43.644505372122715,42.813181460272766,210873.0,344.0,4378253.0,-46000.0,0.0,0.0,-223.0,0.0,1.44
2023-08-04,43.22884341619774,42.917096949254,43.43667439416023,42.709265971291515,120099.0,218.0,2492144.0,-5000.0,0.0,0.0,0.0,0.0,1.45
2023-08-07,43.748420861103966,43.021012438235246,43.748420861103966,42.813181460272766,268324.0,304.0,5593580.0,114000.0,0.0,0.0,73.0,0.0,1.52
2023-08-08,43.1249279272165,43.748420861103966,43.748420861103966,42.917096949254,162671.0,258.0,3381040.0,-54000.0,0.0,0.0,-4000.0,0.0,1.5
2023-08-09,43.021012438235246,43.1249279272165,43.1249279272165,42.709265971291515,145442.0,188.0,3003914.0,-11000.0,0.0,0.0,0.0,0.0,1.5
2023-08-10,42.085773037404046,43.021012438235246,43.021012438235246,41.774026570460315,342646.0,462.0,6965973.0,-148000.0,0.0,0.0,1332.0,0.0,1.41
2023-08-11,42.1896885263853,41.87794205944156,42.1896885263853,41.87794205944156,148064.0,203.0,2996567.0,18000.0,0.0,0.0,-1910.0,0.0,1.42
2023-08-14,41.254449125554096,42.1896885263853,42.1896885263853,41.150533636572845,465678.0,697.0,9299666.0,-66950.0,0.0,0.0,7809.0,0.0,1.4
2023-08-15,41.462280103516576,41.35836461453533,41.67011108147907,41.35836461453533,122405.0,201.0,2445163.0,31000.0,0.0,0.0,-100.0,0.0,1.42
2023-08-16,41.9818575484228,41.462280103516576,42.1896885263853,41.35836461453533,166994.0,178.0,3367311.0,65000.0,0.0,0.0,4781.0,0.0,1.46
2023-08-17,42.50143499332903,41.87794205944156,42.709265971291515,41.87794205944156,170791.0,160.0,3491872.0,69000.0,0.0,0.0,-1000.0,0.0,1.51
2023-08-18,42.709265971291515,42.39751950434778,43.22884341619774,42.39751950434778,231907.0,202.0,4782262.0,77000.0,0.0,0.0,-2000.0,0.0,1.56
2023-08-21,43.021012438235246,42.709265971291515,43.22884341619774,42.709265971291515,58740.0,127.0,1214927.0,24000.0,0.0,0.0,0.0,0.0,1.58
2023-08-22,43.332758905178984,43.021012438235246,43.54058988314147,43.021012438235246,140792.0,151.0,2936582.0,1000.0,0.0,0.0,-1.0,0.0,1.58
2023-08-23,43.332758905178984,43.021012438235246,43.54058988314147,43.021012438235246,101631.0,119.0,2111444.0,25000.0,0.0,0.0,0.0,0.0,1.59
2023-08-24,43.22884341619774,43.54058988314147,44.06016732804769,43.22884341619774,215658.0,242.0,4529631.0,101000.0,0.0,0.0,-1.0,0.0,1.66
2023-08-25,42.813181460272766,43.021012438235246,43.85233635008521,42.813181460272766,256971.0,196.0,5332338.0,87000.0,0.0,0.0,23937.0,0.0,1.71
2023-08-28,42.917096949254,42.917096949254,43.22884341619774,42.813181460272766,85182.0,165.0,1762334.0,16000.0,0.0,0.0,-2.0,0.0,1.72
2023-08-29,43.021012438235246,42.917096949254,43.021012438235246,42.709265971291515,74466.0,204.0,1533968.0,6000.0,0.0,0.0,-25.0,0.0,1.73
2023-08-30,43.22884341619774,43.021012438235246,43.332758905178984,43.021012438235246,136483.0,150.0,2833815.0,57000.0,0.0,0.0,1000.0,0.0,1.76
2023-08-31,44.267998306010185,43.1249279272165,44.267998306010185,43.1249279272165,333307.0,277.0,7015496.0,98000.0,0.0,0.0,766.0,0.0,1.83
2023-09-01,44.37191379499143,44.37191379499143,44.99540672887889,44.16408281702894,356554.0,344.0,7634877.0,73000.0,0.0,0.0,-174.0,0.0,1.88
2023-09-04,43.95625183906645,44.267998306010185,44.47582928397267,43.95625183906645,131710.0,222.0,2797871.0,-11000.0,0.0,0.0,-6360.0,0.0,1.87
2023-09-05,44.06016732804769,43.95625183906645,44.47582928397267,43.748420861103966,116264.0,152.0,2460151.0,39000.0,0.0,0.0,-380.0,0.0,1.89
2023-09-06,43.748420861103966,44.06016732804769,44.06016732804769,43.748420861103966,125762.0,166.0,2654560.0,-23000.0,0.0,0.0,7589.0,0.0,1.88
2023-09-07,44.37191379499143,44.37191379499143,44.78757575091641,43.85233635008521,312312.0,308.0,6684981.0,21000.0,0.0,0.0,-2000.0,0.0,1.87
2023-09-08,43.85233635008521,44.37191379499143,44.579744772953916,43.748420861103966,115387.0,264.0,2443011.0,-18000.0,0.0,0.0,-1000.0,0.0,1.81
2023-09-11,43.332758905178984,43.43667439416023,43.85233635008521,43.22884341619774,143710.0,178.0,3002873.0,18000.0,0.0,0.0,2558.0,0.0,1.83
2023-09-12,47.593293953410004,44.267998306010185,47.593293953410004,44.06016732804769,4882511.0,2526.0,110854243.0,89000.0,0.0,0.0,-11658.0,0.0,1.88
2023-09-13,48.52853335424121,46.55413906359756,49.87943471099739,45.9306461297101,6840139.0,4007.0,157124535.0,74000.0,0.0,0.0,-12204.0,0.0,1.94
2023-09-14,48.216786887297474,48.00895590933499,49.255941777109925,48.00895590933499,1421033.0,1135.0,33184657.0,102000.0,0.0,0.0,34.0,0.0,2.0
2023-09-15,48.00895590933499,48.7363643322037,48.84027982118494,47.697209442391255,1177317.0,799.0,27352536.0,12000.0,0.0,0.0,483.0,0.0,2.05
2023-09-18,52.78906840247223,48.632448843222456,52.78906840247223,48.42461786525997,8244839.0,4432.0,205715992.0,54000.0,0.0,0.0,-14567.0,0.0,1.98
2023-09-19,51.85382900164104,51.95774449062228,52.58123742450975,51.33425155673481,5537188.0,3026.0,138290329.0,539000.0,0.0,0.0,-693.0,0.0,2.32
2023-09-20,54.86737818209713,51.74991351265979,56.84177247274078,50.19118117794112,9212904.0,5999.0,240842770.0,-196000.0,0.0,0.0,23963.0,0.0,2.18
2023-09-21,55.90653307190957,54.03605427024717,57.88092736255322,53.4125613363597,12928533.0,8342.0,349308134.0,-467000.0,0.0,0.0,-18353.0,0.0,1.79
2023-09-22,55.38695562700335,55.59478660496584,57.049603450703266,54.03605427024717,6958648.0,4432.0,185417920.0,-327000.0,0.0,0.0,-4987.0,0.0,1.63
2023-09-25,52.685152913490995,54.76346269311589,54.97129367107837,52.685152913490995,3259612.0,2267.0,84358855.0,50000.0,0.0,0.0,71.0,0.0,1.65
2023-09-26,51.23033606775357,52.685152913490995,53.30864584737846,51.126420578772326,2724105.0,1874.0,68070788.0,804000.0,0.0,0.0,175.0,0.0,2.17
2023-09-27,51.43816704571606,51.54208253469731,52.685152913490995,51.23033606775357,1701813.0,1215.0,42417908.0,-471000.0,0.0,0.0,8892.0,0.0,1.87
2023-09-28,56.53002600579704,52.58123742450975,56.53002600579704,52.58123742450975,7459046.0,3863.0,200946375.0,1048000.0,0.0,0.0,-7077.0,0.0,2.58
2023-10-02,62.14146241078424,60.1670681201406,62.14146241078424,59.43965969727189,5316274.0,2323.0,156799366.0,129000.0,0.0,0.0,0.0,0.0,2.66
2023-10-03,65.7785045251278,66.19416648105279,67.54506783780897,62.76495534467171,24025926.0,14142.0,759458395.0,1641800.0,0.0,0.0,4184.0,0.0,3.79
2023-10-04,72.32518033094621,65.0510961022591,72.32518033094621,63.80411023448416,27544196.0,16111.0,928375794.0,53000.0,0.0,0.0,-6679.0,0.0,3.85
2023-10-05,74.50740559955236,79.39143358167085,79.39143358167085,73.4682507097399,37846884.0,20344.0,1369381261.0,-2927000.0,0.0,0.0,-2605.0,0.0,1.97
2023-10-06,71.18210995215253,71.38994093011502,73.05258875381493,69.62337761743386,18138683.0,10108.0,621976123.0,1333000.0,0.0,0.0,-204.0,0.0,2.84
2023-10-11,67.54506783780897,71.70168739705875,71.70168739705875,66.09025099207155,4835791.0,2999.0,158428075.0,531000.0,0.0,0.0,0.0,0.0,3.18
2023-10-12,68.58422272762141,68.79205370558391,69.31163115049013,67.02549039290274,2972504.0,1791.0,97550399.0,-564000.0,0.0,0.0,1000.0,259000.0,2.81
2023-10-13,67.23332137086524,67.8568143047527,69.20771566150887,66.81765941494025,1943234.0,1326.0,63235087.0,-115000.0,0.0,0.0,0.0,0.0,2.74
2023-10-16,66.19416648105279,66.81765941494025,67.54506783780897,64.42760316837163,2655335.0,1693.0,84262015.0,12000.0,0.0,0.0,0.0,0.0,2.69
2023-10-17,65.25892708022158,66.50591294799652,66.92157490392151,64.84326512429661,2347523.0,1321.0,74843663.0,-2000.0,0.0,0.0,0.0,0.0,2.72
2023-10-18,63.38844827855918,66.40199745901528,66.40199745901528,62.97278632263421,1886517.0,1240.0,58356512.0,114000.0,0.0,0.0,4000.0,0.0,2.79
2023-10-19,62.34929338874674,62.66103985569047,63.38844827855918,62.14146241078424,1599733.0,1101.0,48108329.0,188000.0,0.0,0.0,0.0,-47000.0,2.91
2023-10-20,59.751406164215624,62.037546921803006,62.037546921803006,58.192673829496954,2109161.0,1487.0,60434096.0,300000.0,0.0,0.0,10000.0,0.0,3.1
2023-10-23,60.1670681201406,58.296589318478205,61.51796947689679,58.192673829496954,1352757.0,1033.0,39147286.0,70000.0,0.0,0.0,-2000.0,-41000.0,3.14
2023-10-24,63.38844827855918,59.127913230328154,64.32368767939039,59.127913230328154,1930041.0,1351.0,58175664.0,-196000.0,0.0,0.0,-13000.0,-5000.0,3.02
2023-10-25,64.63543414633412,63.70019474550291,65.25892708022158,63.49236376754043,1862336.0,1287.0,57887008.0,38000.0,0.0,0.0,0.0,0.0,3.05
2023-10-26,61.72580045485927,61.31013849893429,63.596279256521676,61.31013849893429,2253188.0,1358.0,67429845.0,147000.0,0.0,0.0,0.0,-166000.0,3.15
2023-10-27,67.8568143047527,64.53151865735288,67.8568143047527,64.42760316837163,2709211.0,1507.0,87331468.0,71000.0,0.0,0.0,0.0,0.0,3.19
2023-10-30,74.6113210885336,72.11734935298374,74.6113210885336,72.11734935298374,7480581.0,3472.0,265553816.0,-165000.0,0.0,0.0,0.0,0.0,3.09
2023-10-31,68.16856077169643,71.70168739705875,72.7408422868712,67.23332137086524,17582301.0,9304.0,586496305.0,-688985.0,0.0,0.0,-3524.0,0.0,2.69
2023-11-01,72.22126484196497,67.75289881577146,74.19565913260863,67.23332137086524,24298518.0,13932.0,840183606.0,917000.0,0.0,0.0,-538.0,4000.0,3.39
2023-11-02,73.98782815464614,72.11734935298374,74.09174364362737,70.03903957335883,18619775.0,11777.0,648780159.0,-785900.0,0.0,0.0,676.0,328000.0,2.95
2023-11-03,72.32518033094621,74.19565913260863,75.23481402242108,70.35078604030257,8942738.0,5785.0,311257174.0,-1231099.0,0.0,0.0,153.0,30000.0,2.26
2023-11-06,69.72729310641509,71.18210995215253,71.28602544113376,68.68813821660265,5977278.0,3914.0,200070910.0,-250986.0,0.0,0.0,-363.0,151000.0,2.07
2023-11-07,69.62337761743386,70.03903957335883,73.15650424279617,68.16856077169643,6131324.0,3945.0,207847792.0,-490000.0,0.0,0.0,-94.0,81000.0,1.82
2023-11-08,69.31163115049013,69.62337761743386,71.07819446317129,68.89596919456514,3018170.0,1945.0,101530591.0,-22000.0,0.0,0.0,213.0,140000.0,1.86
2023-11-09,67.75289881577146,69.62337761743386,69.62337761743386,66.81765941494025,3357826.0,2443.0,109855849.0,530971.0,0.0,0.0,14059.0,0.0,2.21
2023-11-10,69.10380017252764,69.41554663947136,71.49385641909626,67.8568143047527,6972114.0,4507.0,232420718.0,-746000.0,0.0,0.0,-11145.0,100000.0,1.89
2023-11-13,71.49385641909626,69.10380017252764,71.70168739705875,67.54506783780897,6479379.0,4080.0,218969171.0,441000.0,0.0,0.0,2413.0,0.0,2.17
2023-11-14,74.4034901105711,73.98782815464614,78.45619418083965,73.4682507097399,28663923.0,16707.0,1051345835.0,230000.0,0.0,0.0,6575.0,20000.0,2.4
2023-11-15,81.78148982823947,75.96222244528977,81.78148982823947,75.23481402242108,29466501.0,13236.0,1136508085.0,2884000.0,0.0,0.0,-9169.0,0.0,4.24
2023-11-16,81.05408140537077,84.69112351971432,89.36732052387032,79.70318004861458,74831125.0,41493.0,3055594672.0,-2496000.0,0.0,0.0,743.0,0.0,2.64
2023-11-17,79.39143358167085,81.57365885027698,81.88540531722072,78.24836320287716,17941916.0,10365.0,688362162.0,-1147000.0,0.0,0.0,481.0,6000.0,1.8
2023-11-20,78.56010966982089,79.70318004861458,80.4305884714833,78.04053222491466,7817171.0,4774.0,297179743.0,-857000.0,0.0,0.0,440.0,55000.0,1.32
2023-11-21,79.2875180926896,79.4953490706521,81.46974336129574,78.66402515880213,9104634.0,5806.0,350665467.0,-296000.0,0.0,0.0,0.0,0.0,1.19
2023-11-22,79.4953490706521,78.76794064778338,80.95016591638952,78.66402515880213,5178297.0,3197.0,198802929.0,1026601.0,0.0,0.0,231.0,80000.0,1.84
2023-11-23,82.92456020703315,80.32667298250205,87.39292623322667,80.01492651555832,35664786.0,17745.0,1450168074.0,1146000.0,0.0,0.0,1114.0,-24000.0,2.56
2023-11-24,83.75588411888312,83.85979960786436,88.32816563405788,80.32667298250205,23590910.0,14714.0,953045181.0,-1147000.0,0.0,0.0,-1663.0,0.0,1.84
2023-11-27,81.57365885027698,83.75588411888312,83.75588411888312,80.11884200453956,5032225.0,3317.0,196944735.0,-541891.0,0.0,0.0,41.0,10000.0,1.7
2023-11-28,81.88540531722072,80.95016591638952,82.71672922907067,80.74233493842704,4444300.0,2719.0,174312971.0,587000.0,0.0,0.0,1000.0,0.0,2.11
2023-11-29,80.95016591638952,81.88540531722072,84.17154607480809,80.84625042740826,5286344.0,4064.0,209040947.0,-117000.0,0.0,0.0,4000.0,0.0,2.11
2023-11-30,80.2227574935208,81.57365885027698,81.88540531722072,78.76794064778338,5810886.0,3718.0,224686301.0,550180.0,0.0,0.0,-360.0,0.0,2.42
2023-12-01,80.95016591638952,80.32667298250205,81.3658278723145,80.01492651555832,2480341.0,1682.0,96130158.0,-136000.0,0.0,0.0,-4000.0,0.0,2.29
2023-12-04,82.71672922907067,80.95016591638952,84.79503900869555,80.11884200453956,9386579.0,5608.0,374529268.0,245820.0,0.0,0.0,-179.0,-5000.0,2.54
2023-12-05,82.71672922907067,83.85979960786436,84.79503900869555,80.53450396046453,7228795.0,4468.0,287381597.0,-1117000.0,0.0,0.0,-1899.0,0.0,2.13
2023-12-06,82.82064471805192,82.82064471805192,84.79503900869555,81.3658278723145,10853945.0,6157.0,435966478.0,893000.0,0.0,0.0,42.0,45000.0,2.69
2023-12-07,80.32667298250205,83.13239118499565,83.9637150968456,80.32667298250205,5294721.0,4380.0,208975257.0,-904800.0,0.0,0.0,8236.0,30000.0,2.17
2023-12-08,80.95016591638952,81.3658278723145,81.78148982823947,80.32667298250205,2222334.0,1661.0,86601239.0,326000.0,0.0,0.0,351.0,0.0,2.38
2023-12-11,80.4305884714833,82.0932362951832,84.06763058582686,80.4305884714833,5228289.0,3560.0,206219684.0,-477000.0,0.0,0.0,6900.0,0.0,2.09
2023-12-12,76.27396891223351,81.157996894352,81.157996894352,75.54656048936481,7338621.0,5141.0,273726481.0,382000.0,0.0,0.0,123340.0,0.0,2.37
2023-12-13,79.18360260370837,76.58571537917724,80.84625042740826,76.27396891223351,8469430.0,4865.0,320247419.0,401000.0,0.0,0.0,-959.0,0.0,2.64
2023-12-14,77.31312380204596,80.01492651555832,80.32667298250205,76.68963086815849,4810092.0,3269.0,181029139.0,-136000.0,0.0,0.0,-127684.0,30000.0,2.55
2023-12-15,75.3387295114023,78.04053222491466,78.3522786918584,75.3387295114023,2980172.0,2197.0,108999209.0,210000.0,0.0,0.0,-5840.0,0.0,2.69
2023-12-18,74.81915206649609,75.23481402242108,76.06613793427103,74.4034901105711,1302095.0,1088.0,47096049.0,166000.0,0.0,0.0,-996.0,0.0,2.8
2023-12-19,73.15650424279617,74.92306755547733,74.92306755547733,72.63692679788996,2629641.0,1809.0,92909729.0,1120000.0,0.0,0.0,353.0,0.0,3.44
2023-12-20,74.92306755547733,74.09174364362737,75.3387295114023,73.77999717668364,1202927.0,1154.0,43234767.0,-67000.0,0.0,0.0,1022.0,0.0,3.28
2023-12-21,74.19565913260863,74.81915206649609,75.7543914673273,73.4682507097399,1357354.0,1289.0,48629088.0,-130000.0,0.0,0.0,-407.0,0.0,3.1
2023-12-22,73.98782815464614,75.44264500038355,75.44264500038355,73.77999717668364,913318.0,709.0,32699836.0,-185000.0,0.0,0.0,0.0,0.0,2.95
2023-12-25,73.36433522075866,75.13089853343982,75.13089853343982,73.15650424279617,943649.0,812.0,33614494.0,-143000.0,0.0,0.0,0.0,95000.0,2.87
2023-12-26,74.09174364362737,73.88391266566488,75.54656048936481,73.26041973177742,1380426.0,1097.0,49475574.0,-109000.0,0.0,0.0,-250.0,30000.0,2.85
2023-12-27,75.13089853343982,74.19565913260863,76.37788440121476,74.19565913260863,1932417.0,1493.0,70033276.0,-16000.0,0.0,0.0,-1975.0,30000.0,2.87
2023-12-28,75.13089853343982,76.37788440121476,77.10529282408346,75.02698304445858,2964871.0,1788.0,108417670.0,-648000.0,0.0,0.0,470.0,0.0,2.49
2023-12-29,74.81915206649609,75.85830695630852,76.48179989019599,74.6113210885336,1912497.0,1268.0,69382355.0,163000.0,0.0,0.0,-1999.0,0.0,2.63
2024-01-02,72.84475777585243,75.54656048936481,75.85830695630852,72.84475777585243,1662542.0,1175.0,58955678.0,-68000.0,0.0,0.0,-1066.0,0.0,2.61
2024-01-03,71.70168739705875,72.5330113089087,72.5330113089087,71.28602544113376,1836555.0,1220.0,63428940.0,698000.0,0.0,0.0,-316.0,0.0,3.07
2024-01-04,71.49385641909626,71.70168739705875,72.42909581992747,71.18210995215253,1159792.0,842.0,39981618.0,380000.0,0.0,0.0,0.0,0.0,3.26
2024-01-05,71.80560288603999,72.32518033094621,72.7408422868712,71.80560288603999,760404.0,839.0,26387009.0,144000.0,0.0,0.0,-151.0,0.0,3.35
2024-01-08,69.41554663947136,71.90951837502124,71.90951837502124,69.41554663947136,1743876.0,1394.0,59113751.0,571000.0,0.0,0.0,2860.0,-229000.0,3.72
2024-01-09,70.6625325072463,70.6625325072463,71.28602544113376,68.68813821660265,2109018.0,1453.0,70995411.0,71000.0,0.0,0.0,-1409.0,-224000.0,3.78
2024-01-10,68.9998846835464,70.24687055132132,70.45470152928381,68.48030723864018,1615197.0,1590.0,53850714.0,92000.0,0.0,0.0,5999.0,-20000.0,3.69
2024-01-11,68.58422272762141,69.62337761743386,70.24687055132132,68.37639174965892,1043409.0,909.0,34638693.0,-2000.0,0.0,0.0,3738.0,-50000.0,3.69
2024-01-12,67.75289881577146,68.68813821660265,68.9998846835464,67.6489833267902,925536.0,840.0,30385688.0,-64000.0,0.0,0.0,-104.0,-15000.0,3.53
2024-01-15,67.96072979373395,68.06464528271519,68.89596919456514,67.6489833267902,764205.0,612.0,25088478.0,254000.0,0.0,0.0,0.0,0.0,3.69
2024-01-16,66.71374392595901,68.58422272762141,68.58422272762141,66.60982843697776,1056710.0,750.0,34116102.0,68000.0,0.0,0.0,-6000.0,0.0,3.75
2024-01-17,65.7785045251278,66.71374392595901,67.44115234882773,64.63543414633412,1314258.0,982.0,41892268.0,112000.0,0.0,0.0,2200.0,0.0,3.81
2024-01-18,66.19416648105279,66.50591294799652,66.71374392595901,65.67458903614657,510452.0,513.0,16250482.0,98000.0,0.0,0.0,138.0,0.0,3.87
2024-01-19,66.50591294799652,66.92157490392151,66.92157490392151,65.9863355030903,671434.0,708.0,21452725.0,-12000.0,0.0,0.0,-68.0,0.0,3.85
2024-01-22,67.44115234882773,67.33723685984647,68.48030723864018,66.71374392595901,833197.0,835.0,27134161.0,-229000.0,0.0,0.0,-2.0,0.0,3.73
2024-01-23,68.06464528271519,67.96072979373395,68.58422272762141,67.6489833267902,858364.0,670.0,28128611.0,-34800.0,0.0,0.0,29.0,-60000.0,3.69
2024-01-24,69.93512408437759,69.62337761743386,71.07819446317129,68.68813821660265,2320599.0,1500.0,78244219.0,-251000.0,0.0,0.0,-464.0,-45000.0,3.57
2024-01-25,68.58422272762141,71.07819446317129,71.28602544113376,68.58422272762141,2400941.0,1720.0,80750853.0,-770000.0,0.0,0.0,52.0,-20000.0,3.04
2024-01-26,71.18210995215253,68.79205370558391,73.6760816877024,68.79205370558391,7643373.0,4640.0,265412174.0,-143000.0,0.0,0.0,-279.0,-55000.0,3.07
2024-01-29,71.07819446317129,71.70168739705875,71.80560288603999,69.72729310641509,1804231.0,1303.0,61349683.0,-206000.0,0.0,0.0,-5000.0,0.0,2.96
2024-01-30,70.6625325072463,70.24687055132132,70.97427897419003,70.03903957335883,1090666.0,882.0,36927585.0,387000.0,0.0,0.0,0.0,0.0,3.21
2024-01-31,69.93512408437759,71.07819446317129,71.18210995215253,69.41554663947136,836837.0,852.0,28156724.0,66000.0,0.0,0.0,903.0,0.0,3.22
2024-02-01,69.20771566150887,70.03903957335883,70.55861701826507,68.58422272762141,885877.0,640.0,29549395.0,311492.0,0.0,0.0,1900.0,0.0,3.31
2024-02-02,70.03903957335883,69.93512408437759,70.14295506234008,69.10380017252764,602990.0,647.0,20194766.0,158000.0,0.0,0.0,0.0,0.0,3.4
2024-02-05,68.58422272762141,70.03903957335883,70.03903957335883,67.75289881577146,1121234.0,1075.0,37073290.0,180000.0,0.0,0.0,4000.0,0.0,3.49
2024-02-15,69.10380017252764,69.83120859539635,70.03903957335883,68.58422272762141,786537.0,694.0,26182575.0,270000.0,0.0,0.0,2441.0,0.0,3.66
2024-02-16,72.11734935298374,69.62337761743386,72.42909581992747,69.62337761743386,1863453.0,1420.0,63965526.0,441000.0,0.0,0.0,45.0,0.0,3.92
2024-02-19,73.36433522075866,72.94867326483369,73.98782815464614,72.11734935298374,1993572.0,1590.0,70123852.0,435000.0,0.0,0.0,801.0,-35000.0,4.2
2024-02-20,72.94867326483369,73.77999717668364,73.77999717668364,71.90951837502124,1117410.0,1278.0,38960289.0,105000.0,0.0,0.0,-6005.0,0.0,4.15
2024-02-21,72.84475777585243,72.7408422868712,73.6760816877024,72.32518033094621,1476461.0,966.0,51936870.0,264000.0,0.0,0.0,190.0,0.0,4.23
2024-02-22,80.11884200453956,74.81915206649609,80.11884200453956,74.4034901105711,20819636.0,10490.0,790193254.0,-1397000.0,0.0,0.0,-2342.0,-121000.0,3.38
2024-02-23,76.79354635713973,80.01492651555832,80.01492651555832,76.27396891223351,10128634.0,5878.0,379783934.0,-1349999.0,0.0,0.0,3569.0,0.0,2.59
2024-02-26,76.37788440121476,76.17005342325226,78.66402515880213,75.7543914673273,4553962.0,2667.0,169266256.0,-251000.0,0.0,0.0,-4616.0,0.0,2.46
2024-02-27,75.44264500038355,75.3387295114023,78.24836320287716,75.13089853343982,4239145.0,2329.0,155898664.0,446000.0,0.0,0.0,4674.0,0.0,2.76
2024-02-29,81.05408140537077,75.85830695630852,81.78148982823947,75.54656048936481,12413778.0,6110.0,477813814.0,2310000.0,0.0,0.0,-4000.0,0.0,4.15
2024-03-01,81.67757433925821,81.26191238333325,82.50889825110819,79.59926455963333,7647762.0,4481.0,298870092.0,1672000.0,0.0,0.0,115.0,0.0,5.21
2024-03-04,89.78298247979531,82.30106727314569,89.78298247979531,81.57365885027698,22546785.0,9744.0,959011955.0,3812000.0,0.0,0.0,5651.0,0.0,7.33
2024-03-05,98.71971453218234,95.602249862745,98.71971453218234,94.14743301700757,7937839.0,3626.0,372066318.0,428000.0,0.0,0.0,15000.0,0.0,7.42
2024-03-06,108.48777049641933,101.21368626773221,108.48777049641933,99.3432074660698,37843615.0,19126.0,1906390952.0,4140000.0,0.0,0.0,220025.0,0.0,9.96
2024-03-07,109.73475636419425,114.30703787936902,115.55402374714396,107.44861560660688,41528824.0,22348.0,2226682730.0,4782200.0,0.0,0.0,-235283.0,0.0,12.97
2024-03-08,105.78596778290697,112.02089712178163,112.22872809974413,104.74681289309451,20376603.0,11719.0,1059140311.0,3471000.0,0.0,0.0,370.0,0.0,15.15
2024-03-11,107.0329536506819,108.9034324523443,113.47571396751907,106.61729169475691,20605009.0,12276.0,1087284315.0,-2237000.0,0.0,0.0,43085.0,0.0,13.6
2024-03-12,103.2919960473571,106.20162973883194,106.20162973883194,101.21368626773221,4115946.0,2963.0,203258463.0,729000.0,0.0,0.0,-2000.0,80000.0,14.02
2024-03-13,101.83717920161968,103.91548898124456,103.91548898124456,95.81008084070749,3373067.0,2617.0,160999564.0,861000.0,0.0,0.0,1000.0,0.0,14.49
2024-03-14,102.56458762448838,100.17453137791976,104.95464387105702,99.75886942199477,1719443.0,1474.0,84646984.0,256000.0,0.0,0.0,-1000.0,51000.0,14.65
2024-03-15,96.74532024153868,100.79802431180723,102.04501017958216,96.74532024153868,1678865.0,1530.0,79926567.0,41000.0,0.0,0.0,1000.0,-7000.0,14.64
2024-03-18,99.55103844403229,96.22574279663246,99.75886942199477,96.22574279663246,966936.0,981.0,45862895.0,120000.0,0.0,0.0,0.0,5000.0,14.7
2024-03-19,97.78447513135113,100.17453137791976,100.59019333384474,97.78447513135113,787800.0,805.0,37485009.0,-38000.0,0.0,0.0,0.0,0.0,14.65
2024-03-20,93.62785557210134,98.09622159829487,98.09622159829487,91.65346128145771,1779076.0,1461.0,80514782.0,49000.0,0.0,0.0,1000.0,13000.0,14.65
2024-03-21,99.3432074660698,94.66701046191379,100.17453137791976,94.66701046191379,1988031.0,1713.0,93300465.0,-253000.0,0.0,0.0,0.0,0.0,14.49
2024-03-22,105.37030582698199,100.79802431180723,105.37030582698199,100.79802431180723,4518133.0,3203.0,225133429.0,-791000.0,0.0,0.0,-1000.0,-9000.0,13.99
2024-03-25,106.20162973883194,106.61729169475691,107.65644658456937,105.99379876086945,3632341.0,2165.0,186433936.0,-337000.0,0.0,0.0,-1000.0,-53000.0,13.78
2024-03-26,96.01791181866999,112.8522210336316,113.06005201159408,95.602249862745,28002330.0,17373.0,1395465066.0,-6184000.0,0.0,0.0,-10849.0,0.0,9.87
2024-03-27,94.45917948395132,95.49833437376375,95.602249862745,91.02996834757023,8013765.0,5765.0,359512188.0,-1250000.0,0.0,0.0,-10941.0,0.0,9.11
2024-03-28,92.79653166025139,93.9396020390451,94.35526399497006,90.09472894673904,5572055.0,4228.0,247204892.0,-683000.0,0.0,0.0,2015.0,0.0,8.7
2024-03-29,90.19864443572028,91.8612922594202,95.18658790682001,90.19864443572028,4538197.0,3785.0,201391089.0,-795000.0,0.0,0.0,-409.0,0.0,8.07
2024-04-01,92.69261617127016,90.7182218806265,95.91399632968873,89.78298247979531,6631045.0,4993.0,298003381.0,-1054000.0,0.0,0.0,-161.0,140000.0,7.4
2024-04-02,93.52394008312011,93.21219361617638,98.6157990432011,92.27695421534517,8179155.0,5747.0,374590502.0,-1437000.0,0.0,0.0,563.0,0.0,6.46
2024-04-03,92.69261617127016,91.54954579247645,94.77092595089505,91.54954579247645,3097785.0,2576.0,138605390.0,95000.0,0.0,0.0,-140.0,0.0,6.54
2024-04-08,92.06912323738268,92.79653166025139,94.56309497293255,91.96520774840144,2756880.0,2342.0,123573014.0,-265000.0,0.0,0.0,-11.0,0.0,6.38
2024-04-09,90.82213736960776,93.10827812719512,93.10827812719512,90.82213736960776,2739641.0,2195.0,120436429.0,-18000.0,0.0,0.0,-790.0,0.0,6.39
2024-04-10,91.23779932553272,91.23779932553272,93.83568655006384,91.13388383655149,2111978.0,1522.0,93384984.0,-246000.0,0.0,0.0,2059.0,0.0,6.2
2024-04-11,87.28901074424543,91.44563030349522,91.44563030349522,86.35377134341422,4801185.0,3631.0,203202559.0,104000.0,0.0,0.0,1000.0,0.0,6.26
2024-04-12,88.95165856794534,88.74382758998286,90.7182218806265,87.28901074424543,2402106.0,1869.0,102804708.0,12000.0,0.0,0.0,3000.0,0.0,6.28
2024-04-15,84.17154607480809,88.63991210100161,88.63991210100161,84.17154607480809,2859503.0,2388.0,117914357.0,-91000.0,0.0,0.0,-23000.0,0.0,6.25
2024-04-16,80.2227574935208,83.13239118499565,83.13239118499565,80.11884200453956,2563632.0,1988.0,100224238.0,554000.0,0.0,0.0,0.0,0.0,6.64
2024-04-17,80.53450396046453,82.0932362951832,82.30106727314569,80.53450396046453,1422251.0,1244.0,55690742.0,-157000.0,0.0,0.0,23000.0,0.0,6.56
2024-04-18,78.45619418083965,80.63841944944578,80.84625042740826,78.3522786918584,1862559.0,1449.0,71334251.0,-111000.0,0.0,0.0,-5000.0,0.0,6.5
2024-04-19,76.37788440121476,77.2092083130647,80.01492651555832,75.65047597834604,2123219.0,1549.0,79135827.0,82000.0,0.0,0.0,-1000.0,0.0,6.56
2024-04-22,73.6760816877024,77.31312380204596,77.4170392910272,73.6760816877024,1625299.0,1298.0,58646764.0,537000.0,0.0,0.0,2000.0,0.0,6.93
2024-04-23,74.6113210885336,75.3387295114023,76.89746184612098,73.6760816877024,1263681.0,1038.0,45507184.0,-9800.0,0.0,0.0,1000.0,0.0,6.92
2024-04-24,76.48179989019599,76.27396891223351,77.4170392910272,75.65047597834604,1809346.0,1391.0,66781082.0,-284000.0,0.0,0.0,-1000.0,0.0,6.94
2024-04-25,74.81915206649609,76.48179989019599,76.68963086815849,74.4034901105711,1269541.0,1107.0,46049704.0,417000.0,0.0,0.0,0.0,0.0,7.2
2024-04-26,76.27396891223351,75.85830695630852,77.52095478000844,75.44264500038355,1466247.0,1019.0,53835260.0,-161000.0,0.0,0.0,0.0,0.0,7.2
2024-04-29,76.37788440121476,76.27396891223351,77.52095478000844,76.27396891223351,1022692.0,816.0,37796579.0,-20000.0,0.0,0.0,1000.0,0.0,7.18
2024-04-30,76.27396891223351,77.4170392910272,77.52095478000844,75.7543914673273,697283.0,767.0,25659394.0,-125000.0,0.0,0.0,-25000.0,0.0,7.07
2024-05-02,76.17005342325226,76.68963086815849,76.68963086815849,75.23481402242108,753263.0,638.0,27536149.0,92000.0,0.0,0.0,0.0,0.0,7.11
2024-05-03,74.92306755547733,76.48179989019599,77.00137733510222,74.81915206649609,1001523.0,854.0,36412799.0,-230000.0,0.0,0.0,0.0,0.0,6.97
2024-05-06,77.4170392910272,76.79354635713973,80.53450396046453,76.27396891223351,3709711.0,2552.0,140243007.0,-753000.0,0.0,0.0,0.0,0.0,6.41
2024-05-07,79.39143358167085,78.24836320287716,80.4305884714833,75.65047597834604,3298999.0,2199.0,123936715.0,-358000.0,0.0,0.0,2000.0,0.0,6.19
2024-05-08,79.4953490706521,79.59926455963333,81.46974336129574,77.93661673593343,2402503.0,1734.0,91884977.0,-260000.0,0.0,0.0,0.0,0.0,6.04
2024-05-09,78.66402515880213,79.80709553759583,81.05408140537077,78.45619418083965,1608195.0,1343.0,61474847.0,-103000.0,0.0,0.0,0.0,0.0,5.98
2024-05-10,79.18360260370837,79.4953490706521,79.70318004861458,76.68963086815849,1531069.0,1198.0,57531589.0,230000.0,0.0,0.0,0.0,0.0,6.12
2024-05-13,77.52095478000844,79.59926455963333,79.80709553759583,77.00137733510222,963836.0,738.0,35979919.0,72000.0,0.0,0.0,-1000.0,0.0,6.09
2024-05-14,78.24836320287716,77.52095478000844,78.56010966982089,77.4170392910272,934549.0,781.0,35098544.0,232496.0,0.0,0.0,0.0,0.0,6.18
2024-05-15,77.00137733510222,78.76794064778338,79.2875180926896,77.00137733510222,1250652.0,940.0,46920393.0,-135296.0,0.0,0.0,5000.0,0.0,6.06
2024-05-16,84.69112351971432,77.93661673593343,84.69112351971432,76.89746184612098,6973700.0,3677.0,276890140.0,65000.0,0.0,0.0,-1000.0,0.0,6.22
2024-05-17,83.13239118499565,85.21070096462054,89.78298247979531,80.01492651555832,21990012.0,13675.0,899753793.0,-5913000.0,0.0,0.0,161.0,0.0,2.84
2024-05-20,80.11884200453956,83.23630667397688,83.23630667397688,80.11884200453956,3043809.0,2446.0,119173432.0,-508000.0,0.0,0.0,2000.0,0.0,2.65
2024-05-21,84.69112351971432,80.95016591638952,86.66551781035797,80.2227574935208,5240642.0,3612.0,211235101.0,306000.0,0.0,0.0,-1000.0,0.0,2.87
2024-05-22,90.09472894673904,85.52244743156427,92.27695421534517,85.52244743156427,18520317.0,11287.0,798442402.0,-198000.0,0.0,0.0,-1000.0,0.0,2.89
2024-05-23,87.1850952552642,91.65346128145771,92.69261617127016,85.62636292054553,10130921.0,6574.0,432975094.0,-776000.0,0.0,0.0,17000.0,120000.0,2.48
2024-05-24,88.63991210100161,85.834193898508,89.99081345775778,83.9637150968456,4490900.0,3419.0,190028615.0,-142953.0,0.0,0.0,-1000.0,0.0,2.4
2024-05-27,94.04351752802633,92.90044714923265,96.01791181866999,88.32816563405788,21102940.0,12506.0,944105042.0,-908000.0,0.0,0.0,-2000.0,45000.0,1.92
2024-05-28,94.35526399497006,94.66701046191379,100.69410882282598,93.52394008312011,19783243.0,12494.0,924167924.0,-163047.0,0.0,0.0,6000.0,0.0,1.92
2024-05-29,97.16098219746367,97.26489768644491,101.10977077875096,96.01791181866999,21292900.0,12013.0,1003511911.0,-50000.0,0.0,0.0,-5000.0,0.0,1.98
2024-05-30,92.90044714923265,95.08267241783878,96.22574279663246,92.48478519330766,6101683.0,5210.0,276700527.0,339000.0,0.0,0.0,1000.0,55000.0,2.22
2024-05-31,92.90044714923265,94.14743301700757,98.30405257625735,91.8612922594202,7214290.0,5115.0,329483746.0,-661000.0,0.0,0.0,3000.0,0.0,1.79
2024-06-03,102.14892566856341,99.96670039995728,102.14892566856341,99.3432074660698,19473004.0,9286.0,949599960.0,2077000.0,0.0,0.0,45000.0,35000.0,3.15
2024-06-04,112.22872809974413,110.15041832011924,112.22872809974413,109.11126343030679,13154729.0,6945.0,706467266.0,-822000.0,0.0,0.0,42000.0,0.0,2.61
2024-06-05,101.00585528976971,115.34619276918147,116.17751668103142,101.00585528976971,38263571.0,20131.0,1929708425.0,-582000.0,0.0,0.0,-84000.0,0.0,2.15
2024-06-06,95.70616535172624,101.00585528976971,102.87633409143211,94.97875692885754,17147395.0,10506.0,813192833.0,1325200.0,0.0,0.0,-21000.0,5000.0,2.99
2024-06-07,96.01791181866999,95.29050339580127,97.16098219746367,94.14743301700757,6475360.0,4262.0,298144197.0,-678000.0,0.0,0.0,2000.0,0.0,2.61
2024-06-11,92.69261617127016,96.01791181866999,96.01791181866999,91.23779932553272,5041447.0,3657.0,225424713.0,586000.0,0.0,0.0,-5000.0,20000.0,2.92
2024-06-12,92.06912323738268,93.10827812719512,93.42002459413887,90.19864443572028,3704974.0,2733.0,162711375.0,-360000.0,0.0,0.0,-2000.0,35000.0,2.7
2024-06-13,92.38086970432643,93.52394008312011,95.602249862745,92.38086970432643,4888188.0,3453.0,219884089.0,-1062800.0,0.0,0.0,3000.0,0.0,2.07
2024-06-14,91.13388383655149,92.38086970432643,92.79653166025139,91.02996834757023,2491725.0,2550.0,109998161.0,-449000.0,0.0,0.0,0.0,0.0,1.89
2024-06-17,92.90044714923265,91.13388383655149,93.83568655006384,91.13388383655149,2561884.0,2089.0,114163257.0,132000.0,0.0,0.0,0.0,15000.0,1.98
2024-06-18,91.96520774840144,92.5887006822889,94.04351752802633,91.75737677043895,1887024.0,1685.0,83969463.0,-298000.0,0.0,0.0,3000.0,0.0,1.82
2024-06-19,91.34171481451398,93.52394008312011,94.25134850598882,91.23779932553272,2701338.0,1916.0,120103631.0,-299900.0,0.0,0.0,1000.0,0.0,1.67
2024-06-20,91.96520774840144,91.8612922594202,92.27695421534517,91.34171481451398,1617113.0,1289.0,71392075.0,253000.0,0.0,0.0,0.0,40000.0,1.84
2024-06-21,91.65346128145771,91.54954579247645,91.8612922594202,89.78298247979531,1734424.0,1375.0,76010470.0,349000.0,0.0,0.0,0.0,0.0,2.05
2024-06-24,92.79653166025139,91.44563030349522,94.97875692885754,90.19864443572028,3158794.0,2383.0,141258197.0,586000.0,0.0,0.0,-3000.0,30000.0,2.35
2024-06-25,94.14743301700757,92.48478519330766,94.56309497293255,91.13388383655149,2563835.0,2261.0,114973310.0,191000.0,0.0,0.0,-3000.0,0.0,2.33
2024-06-26,93.10827812719512,93.52394008312011,94.66701046191379,93.10827812719512,1816180.0,1430.0,81998630.0,97000.0,0.0,0.0,6000.0,0.0,2.03
2024-06-27,91.44563030349522,93.10827812719512,94.35526399497006,91.44563030349522,1619647.0,1283.0,72028644.0,-243000.0,0.0,0.0,0.0,0.0,1.8
2024-06-28,99.3432074660698,91.65346128145771,100.59019333384474,91.44563030349522,15479084.0,9235.0,731023114.0,876000.0,0.0,0.0,-1000.0,0.0,2.23
2024-07-01,101.21368626773221,99.96670039995728,103.70765800328208,99.3432074660698,18744287.0,11843.0,913924400.0,-972000.0,0.0,0.0,0.0,0.0,1.6
2024-07-02,98.82363002116358,101.73326371263843,101.83717920161968,97.26489768644491,4227637.0,4894.0,201374800.0,-71000.0,0.0,0.0,0.0,0.0,1.57
2024-07-03,108.6956014743818,101.00585528976971,108.6956014743818,100.90193980078847,10567691.0,5440.0,544644663.0,991000.0,0.0,0.0,0.0,-50000.0,2.15
2024-07-04,110.56608027604422,117.00884059288137,118.87931939454378,110.15041832011924,41219870.0,23269.0,2299923424.0,4112900.0,0.0,0.0,16000.0,-86000.0,4.8
2024-07-05,121.62268830364863,110.5660802760442,121.62268830364863,110.5660802760442,21912166.0,11800.0,1243250580.0,1353000.0,0.0,0.0,0.0,-169000.0,5.53
2024-07-08,110.5660802760442,125.1691474823142,127.67253043196048,109.52300404702493,32130760.0,18450.0,1817190792.0,-3289633.0,0.0,0.0,6000.0,33000.0,2.99
2024-07-09,105.97654486835935,110.77469552184807,113.90392420890592,104.93346863934006,14740398.0,8912.0,768364379.0,688000.0,0.0,0.0,4000.0,5942.0,3.59
2024-07-10,110.14884978443649,107.43685158898636,111.6091565050635,106.39377535996707,9235122.0,6194.0,485418287.0,-537000.0,0.0,0.0,4000.0,-7560.0,3.31
2024-07-11,107.85408208059407,110.5660802760442,111.19192601345577,107.43685158898636,4671072.0,4321.0,242651310.0,-440000.0,0.0,0.0,-3000.0,0.0,3.08
2024-07-12,106.39377535996707,106.60239060577094,109.31438880122106,105.55931437675164,3466222.0,2387.0,177907614.0,-16000.0,0.0,0.0,0.0,3000.0,3.08
2024-07-15,104.93346863934006,106.60239060577094,107.22823634318249,104.09900765612464,2923565.0,2428.0,147682565.0,196633.0,0.0,0.0,-2000.0,0.0,3.23
2024-07-16,102.8473161813015,105.14208388514392,106.39377535996707,102.63870093549765,3543304.0,2815.0,176111504.0,-201000.0,0.0,0.0,3000.0,-1186.0,3.18
2024-07-17,103.47316191871307,103.577469541615,105.35069913094779,102.95162380420344,2270083.0,1745.0,113247450.0,-221000.0,0.0,0.0,-1000.0,11000.0,3.09
2024-07-18,100.55254847745908,102.32577806679186,102.95162380420344,100.23962560875329,2264428.0,1880.0,109660040.0,23000.0,0.0,0.0,-2000.0,-171.0,3.13
2024-07-19,97.42331979040122,100.13531798585136,101.3870094606745,96.79747405298964,2682397.0,2185.0,126707605.0,121000.0,0.0,0.0,0.0,-2379.0,3.23
2024-07-22,94.81562921785302,97.21470454459737,97.94485790491086,93.56393774302987,2473226.0,1842.0,112759910.0,332000.0,0.0,0.0,-2000.0,-15757.0,3.45
2024-07-23,95.75439782397036,96.17162831557808,97.84055028200893,94.50270634914722,1942797.0,2282.0,89312063.0,-267000.0,0.0,0.0,1839.0,0.0,3.28
2024-07-26,93.14670725142214,93.45963012012793,93.87686061173565,90.33040143307008,1837259.0,1221.0,81627259.0,-68000.0,0.0,0.0,-7000.0,165.0,3.36
2024-07-29,89.49594044985464,94.50270634914722,95.02424446365686,89.49594044985464,1842973.0,1666.0,80858148.0,-277000.0,0.0,0.0,0.0,-3207.0,3.23
2024-07-30,90.0174785643643,88.24424897503151,90.33040143307008,87.30548036891416,1636598.0,1252.0,69716711.0,32000.0,0.0,0.0,0.0,650.0,3.27
2024-07-31,89.80886331856043,88.87009471244308,91.37347766208936,87.61840323761994,992242.0,821.0,42841952.0,-211000.0,0.0,0.0,0.0,-119.0,3.16
2024-08-01,97.52762741330315,93.45963012012793,98.7793188881263,92.41655389110865,7855220.0,4920.0,363946530.0,-1111000.0,0.0,0.0,-9000.0,-4255.0,2.66
2024-08-02,93.25101487432408,94.91993684075493,97.63193503620506,93.25101487432408,3903338.0,2946.0,177983796.0,-759000.0,0.0,0.0,-2000.0,6758.0,2.35
2024-08-05,83.96763643605244,85.84517364828716,88.87009471244308,83.96763643605244,2020151.0,1663.0,81751815.0,-298000.0,0.0,0.0,-4104.0,-4096.0,2.17
2024-08-06,80.21256201158302,82.40302209252351,85.53225077958137,75.62302660389817,4272725.0,2903.0,162645396.0,360000.0,0.0,0.0,0.0,-34146.0,2.4
2024-08-07,88.13994135212958,82.40302209252351,88.13994135212958,81.56856110930809,2026454.0,1509.0,83903068.0,812000.0,0.0,0.0,0.0,0.0,2.91
2024-08-08,87.8270184834238,85.94948127118909,90.53901667887394,85.63655840248329,3539821.0,2359.0,149841427.0,-277000.0,0.0,0.0,0.0,57000.0,2.71
2024-08-09,90.22609381016815,90.85193954757972,94.29409110334336,90.22609381016815,3298423.0,2426.0,145464279.0,330000.0,0.0,0.0,-3000.0,-28000.0,2.95
2024-08-12,91.16486241628552,90.74763192467779,92.93809200561829,90.64332430177588,1616093.0,1202.0,70940361.0,191000.0,0.0,0.0,0.0,0.0,3.07
2024-08-13,92.93809200561829,91.68640053079515,93.04239962852023,88.76578708954115,1446647.0,1125.0,63613487.0,253000.0,0.0,0.0,3000.0,0.0,3.17
2024-08-14,92.10363102240287,93.87686061173565,94.71132159495107,91.68640053079515,1937349.0,1521.0,86482168.0,-116000.0,0.0,0.0,7000.0,44000.0,2.89
2024-08-15,94.29409110334336,92.2079386453048,95.65009020106844,90.33040143307008,2270503.0,1544.0,102092283.0,217000.0,0.0,0.0,1000.0,0.0,3.02
2024-08-16,93.98116823463756,95.65009020106844,96.38024356138195,93.98116823463756,1899697.0,1794.0,86543192.0,25000.0,0.0,0.0,1000.0,0.0,3.03
2024-08-19,103.36885429581113,98.36208839651857,103.36885429581113,98.36208839651857,5246084.0,3043.0,256362892.0,-25000.0,0.0,0.0,-1.0,0.0,3.01
2024-08-20,103.47316191871307,106.60239060577094,110.14884978443649,99.30085700263594,23892010.0,16081.0,1197386517.0,-2145000.0,0.0,0.0,-999.0,37101.0,1.94
2024-08-21,101.17839421487065,103.68177716451693,103.68177716451693,100.44824085455714,3287364.0,2724.0,160155773.0,201000.0,0.0,0.0,-1000.0,-5000.0,1.92
2024-08-22,100.656856100361,101.3870094606745,102.95162380420344,100.44824085455714,2500478.0,1838.0,121398707.0,51000.0,0.0,0.0,-1000.0,0.0,1.99
2024-08-23,100.13531798585136,99.196549379734,100.76116372326292,98.25778077361664,1591138.0,1537.0,75794289.0,288000.0,0.0,0.0,-2000.0,0.0,2.18
2024-08-26,106.60239060577094,101.28270183777256,109.31438880122106,100.96977896906678,13884779.0,8709.0,706806498.0,590000.0,0.0,0.0,0.0,108000.0,2.61
2024-08-27,103.47316191871307,106.39377535996707,106.60239060577094,101.90854757518414,6428741.0,6360.0,321142527.0,-332000.0,0.0,0.0,-1000.0,-79000.0,2.52
2024-08-28,104.51623814773235,103.68177716451693,105.14208388514392,102.8473161813015,4288304.0,3222.0,213798629.0,-588000.0,0.0,0.0,0.0,-23000.0,2.24
2024-08-29,102.22147044388993,103.26454667290922,105.55931437675164,102.22147044388993,3845499.0,2918.0,190852708.0,-475000.0,0.0,0.0,-2000.0,-5000.0,2.04
2024-08-30,100.96977896906678,104.3076229019285,104.93346863934006,100.96977896906678,3215720.0,2394.0,157703476.0,-483000.0,0.0,0.0,0.0,-528.0,1.83
2024-09-02,99.9267027400475,103.47316191871307,103.47316191871307,99.71808749424363,1647026.0,1255.0,79804679.0,12000.0,0.0,0.0,4000.0,0.0,1.86
2024-09-03,99.71808749424363,100.34393323165521,104.93346863934006,99.71808749424363,4427661.0,3198.0,217234316.0,94000.0,0.0,0.0,1000.0,-114.0,1.93
2024-09-04,93.25101487432408,91.895015776599,96.48455118428386,90.64332430177588,2608949.0,2482.0,117357128.0,46001.0,0.0,0.0,-16000.0,-1521.0,1.98
2024-09-05,93.45963012012793,94.0854758575395,97.0060892987935,93.25101487432408,1524868.0,1233.0,69380397.0,21000.0,0.0,0.0,-4000.0,-12000.0,1.99
2024-09-06,92.52086151401058,93.45963012012793,94.91993684075493,92.10363102240287,1208058.0,1000.0,53756204.0,-141000.0,0.0,0.0,0.0,-1000.0,1.9
2024-09-09,91.58209290789321,88.66147946663922,91.58209290789321,88.66147946663922,1292834.0,909.0,55930065.0,115000.0,0.0,0.0,-1000.0,-342.0,1.94
2024-09-10,87.8270184834238,92.31224626820672,93.14670725142214,86.78394225440451,2103490.0,1582.0,89617671.0,-230000.0,0.0,0.0,6000.0,-22690.0,1.86
2024-09-11,86.88824987730644,87.8270184834238,88.13994135212958,86.67963463150258,730162.0,681.0,30537290.0,-158000.0,0.0,0.0,0.0,-1358.0,1.76
2024-09-12,90.12178618726622,88.45286422083537,90.74763192467779,88.45286422083537,1243006.0,1009.0,53467677.0,331000.0,0.0,0.0,1000.0,0.0,1.94
2024-09-13,90.22609381016815,91.99932339950094,92.41655389110865,89.18301758114886,1497649.0,1329.0,64993773.0,-369000.0,0.0,0.0,-2000.0,0.0,1.74
2024-09-16,93.04239962852023,91.4777852849913,97.31901216749928,91.06055479338357,4632555.0,3103.0,210861114.0,88000.0,0.0,0.0,-6000.0,-65248.0,1.81
2024-09-18,91.26917003918743,93.66824536593178,93.98116823463756,91.26917003918743,1097527.0,1030.0,48702660.0,-197000.0,0.0,0.0,0.0,0.0,1.69
2024-09-19,93.35532249722601,91.4777852849913,93.45963012012793,91.26917003918743,767093.0,736.0,34013457.0,1000.0,0.0,0.0,0.0,-1000.0,1.71
2024-09-20,92.10363102240287,93.87686061173565,94.71132159495107,91.79070815369708,839871.0,1020.0,37505974.0,-114000.0,0.0,0.0,3000.0,0.0,1.65
2024-09-23,91.37347766208936,92.52086151401058,92.93809200561829,91.37347766208936,587299.0,902.0,25833533.0,-3000.0,0.0,0.0,0.0,0.0,1.66
2024-09-24,96.79747405298964,92.72947675981445,97.0060892987935,92.41655389110865,4965269.0,3862.0,227087504.0,556000.0,0.0,0.0,1.0,42000.0,2.08
2024-09-25,96.27593593848,97.21470454459737,98.98793413393015,96.17162831557808,3147293.0,3053.0,146731601.0,-115000.0,0.0,0.0,5999.0,-10432.0,2.03
2024-09-26,95.5457825781665,97.31901216749928,97.63193503620506,95.33716733236265,1256319.0,1420.0,57961275.0,215000.0,0.0,0.0,8000.0,0.0,2.06
2024-09-27,95.1285520865588,96.38024356138195,98.57070364232243,95.02424446365686,2268384.0,2390.0,105088518.0,-75000.0,0.0,0.0,1000.0,-20000.0,1.97
2024-09-30,92.83378438271636,94.91993684075493,95.5457825781665,92.52086151401058,1116708.0,1311.0,50018438.0,79000.0,0.0,0.0,6000.0,-1568.0,1.99
2024-10-01,93.04239962852023,93.45963012012793,93.66824536593178,91.37347766208936,924628.0,712.0,40988746.0,165000.0,0.0,0.0,-6000.0,3.0,2.11
2024-10-04,89.80886331856043,93.04239962852023,93.87686061173565,89.70455569565851,1045264.0,907.0,45498892.0,-205000.0,0.0,0.0,6000.0,-2087.0,1.98
2024-10-07,89.91317094146237,91.06055479338357,91.68640053079515,89.91317094146237,974280.0,749.0,42373098.0,-166000.0,0.0,0.0,1000.0,0.0,1.9
2024-10-08,88.974402335345,89.80886331856043,89.80886331856043,87.61840323761994,1198334.0,830.0,50841142.0,11000.0,0.0,0.0,-5000.0,-20232.0,1.89
2024-10-09,87.09686512311029,89.80886331856043,90.12178618726622,87.09686512311029,1163040.0,971.0,49109345.0,-534000.0,0.0,0.0,-1000.0,0.0,1.57
2024-10-11,86.99255750020838,87.72271086052186,88.45286422083537,86.99255750020838,718176.0,563.0,30080136.0,-59000.0,0.0,0.0,-1000.0,0.0,1.59
2024-10-14,87.40978799181607,87.61840323761994,88.24424897503151,86.15809651699293,571605.0,533.0,23885174.0,96000.0,0.0,0.0,-1000.0,-2000.0,1.66
2024-10-15,86.26240413989487,88.03563372922765,89.28732520405079,85.94948127118909,1339290.0,988.0,56096212.0,-261000.0,0.0,0.0,1000.0,0.0,1.53
2024-10-16,87.30548036891416,86.05378889409101,88.13994135212958,85.74086602538523,1063353.0,708.0,44490435.0,-2000.0,0.0,0.0,-11000.0,-18000.0,1.55
2024-10-17,90.53901667887394,87.93132610632573,91.37347766208936,87.8270184834238,2096669.0,1624.0,90892600.0,182000.0,0.0,0.0,0.0,12000.0,1.68
2024-10-18,87.8270184834238,91.16486241628552,91.26917003918743,87.8270184834238,1062619.0,912.0,45468607.0,-256000.0,0.0,0.0,15000.0,-11000.0,1.53
2024-10-21,88.66147946663922,88.03563372922765,89.39163282695273,88.03563372922765,591750.0,442.0,25192153.0,209000.0,0.0,0.0,3000.0,0.0,1.66
2024-10-22,89.49594044985464,88.76578708954115,90.64332430177588,88.03563372922765,694666.0,971.0,29768570.0,-27000.0,0.0,0.0,0.0,0.0,1.65
2024-10-23,88.55717184373731,89.70455569565851,90.43470905597201,88.24424897503151,609189.0,536.0,26009678.0,-109000.0,0.0,0.0,-11000.0,0.0,1.58
2024-10-24,86.78394225440451,88.55717184373731,89.49594044985464,86.67963463150258,742279.0,845.0,31270873.0,-129000.0,0.0,0.0,2000.0,-10000.0,1.52
2024-10-25,86.3667117627968,87.51409561471802,88.03563372922765,86.3667117627968,465130.0,409.0,19342739.0,-27000.0,0.0,0.0,-2000.0,0.0,1.5
2024-10-28,84.90640504216981,86.57532700860065,86.67963463150258,84.28055930475823,845372.0,765.0,34469141.0,246000.0,0.0,0.0,0.0,-156.0,1.66
2024-10-29,84.07194405895436,84.90640504216981,84.90640504216981,83.13317545283702,652225.0,574.0,26249082.0,130000.0,0.0,0.0,-1000.0,0.0,1.76
2024-10-30,83.55040594444472,84.59348217346401,85.42794315667945,83.02886782993508,499684.0,425.0,20149467.0,-22000.0,0.0,0.0,0.0,0.0,1.74
2024-11-01,85.11502028797365,82.50732971542544,85.11502028797365,81.98579160091579,531814.0,390.0,21431889.0,196000.0,0.0,0.0,-11000.0,0.0,1.87
2024-11-04,83.23748307573894,85.3236355337775,85.3236355337775,83.13317545283702,442598.0,829.0,17743860.0,-134000.0,0.0,0.0,0.0,0.0,1.8
2024-11-05,84.28055930475823,83.23748307573894,87.09686512311029,83.23748307573894,571089.0,667.0,23412052.0,73000.0,0.0,0.0,-2000.0,0.0,1.83
2024-11-06,83.75902119024857,85.3236355337775,85.3236355337775,83.75902119024857,363877.0,362.0,14699996.0,7000.0,0.0,0.0,1000.0,0.0,1.84
2024-11-07,86.05378889409101,84.90640504216981,86.57532700860065,84.90640504216981,787244.0,580.0,32360535.0,250000.0,0.0,0.0,0.0,1.0,1.99
2024-11-08,84.59348217346401,86.88824987730644,86.88824987730644,84.07194405895436,611368.0,822.0,24931199.0,-232000.0,0.0,0.0,0.0,-1.0,1.77
2024-11-11,84.48917455056208,84.59348217346401,85.11502028797365,83.86332881315052,328665.0,352.0,13301384.0,61000.0,0.0,0.0,0.0,0.0,1.75
2024-11-12,82.82025258413124,83.34179069864088,83.44609832154279,81.67286873221,686692.0,701.0,27155684.0,-17000.0,0.0,0.0,-1000.0,0.0,1.71
2024-11-13,82.61163733832737,83.44609832154279,83.86332881315052,81.77717635511195,629452.0,438.0,24904115.0,-3000.0,0.0,0.0,-1000.0,0.0,1.72
2024-11-14,80.94271537189651,82.61163733832737,82.82025258413124,80.94271537189651,455088.0,454.0,17778657.0,-37000.0,0.0,0.0,-1000.0,0.0,1.73
2024-11-15,82.82025258413124,81.04702299479844,83.44609832154279,81.04702299479844,409442.0,402.0,16235083.0,218000.0,0.0,0.0,-1000.0,0.0,1.82
2024-11-18,80.62979250319073,82.50732971542544,82.82025258413124,80.5254848802888,325984.0,567.0,12688350.0,-63700.0,0.0,0.0,2000.0,-7000.0,1.77
2024-11-19,82.09009922381773,81.04702299479844,82.50732971542544,81.04702299479844,327731.0,294.0,12870314.0,186000.0,0.0,0.0,3000.0,0.0,1.88
2024-11-20,81.46425348640615,82.29871446962159,82.29871446962159,80.94271537189651,234677.0,351.0,9155027.0,13000.0,0.0,0.0,0.0,0.0,1.89
2024-11-21,81.15133061770037,81.15133061770037,81.56856110930809,80.31686963448495,309204.0,347.0,12004912.0,18000.0,0.0,0.0,-6000.0,0.0,1.89
2024-11-22,81.56856110930809,82.09009922381773,84.1762516818563,81.56856110930809,427063.0,377.0,16903783.0,120000.0,0.0,0.0,2000.0,0.0,1.96
2024-11-25,84.07194405895436,82.92456020703315,85.84517364828716,82.29871446962159,605081.0,502.0,24352328.0,155000.0,0.0,0.0,1000.0,0.0,2.03
2024-11-26,86.47101938569872,86.67963463150258,90.53901667887394,86.47101938569872,4843567.0,3543.0,204890808.0,-738000.0,0.0,0.0,0.0,31000.0,1.61
2024-11-27,86.88824987730644,88.45286422083537,90.53901667887394,86.47101938569872,2949560.0,2349.0,124889758.0,44000.0,0.0,0.0,0.0,210.0,1.73
2024-11-28,85.11502028797365,86.26240413989487,86.47101938569872,83.44609832154279,1140870.0,1248.0,46429894.0,-71000.0,0.0,0.0,0.0,-77.0,1.74
2024-11-29,85.74086602538523,83.65471356734666,85.74086602538523,82.82025258413124,510456.0,432.0,20693046.0,94000.0,0.0,0.0,-6000.0,-133.0,1.76
2024-12-02,84.69778979636594,85.84517364828716,86.67963463150258,84.69778979636594,527660.0,680.0,21610665.0,-115000.0,0.0,0.0,0.0,0.0,1.7
2024-12-03,85.11502028797365,84.80209741926787,86.05378889409101,84.59348217346401,296486.0,287.0,12096700.0,92000.0,0.0,0.0,1000.0,0.0,1.76
2024-12-04,85.42794315667945,85.11502028797365,85.63655840248329,84.38486692766016,350861.0,319.0,14312221.0,128000.0,0.0,0.0,1000.0,0.0,1.81
2024-12-05,84.59348217346401,85.63655840248329,86.3667117627968,84.59348217346401,395993.0,454.0,16161486.0,-31000.0,0.0,0.0,0.0,0.0,1.78
2024-12-06,84.48917455056208,84.90640504216981,85.94948127118909,83.86332881315052,306009.0,303.0,12401109.0,3000.0,0.0,0.0,0.0,0.0,1.78
2024-12-09,83.44609832154279,84.07194405895436,84.1762516818563,83.13317545283702,392923.0,372.0,15735136.0,54000.0,0.0,0.0,-1000.0,0.0,1.79
2024-12-10,83.44609832154279,83.55040594444472,84.38486692766016,83.02886782993508,329180.0,242.0,13153847.0,32000.0,0.0,0.0,-1000.0,0.0,1.82
2024-12-11,84.07194405895436,86.05378889409101,86.05378889409101,83.75902119024857,395407.0,307.0,16001919.0,89000.0,0.0,0.0,0.0,0.0,1.84
2024-12-12,89.60024807275659,84.48917455056208,92.2079386453048,84.48917455056208,4842873.0,3684.0,208244624.0,396000.0,0.0,0.0,-4000.0,1663.0,2.09
2024-12-13,87.8270184834238,89.80886331856043,90.74763192467779,87.09686512311029,2229887.0,2140.0,94707214.0,-135000.0,0.0,0.0,0.0,4.0,2.01
2024-12-16,88.24424897503151,88.13994135212958,90.53901667887394,86.67963463150258,2340589.0,1995.0,99775767.0,-39000.0,0.0,0.0,0.0,-1.0,2.0
2024-12-17,93.87686061173565,88.87009471244308,95.96301306977422,88.87009471244308,8723550.0,6716.0,390783065.0,-491000.0,0.0,0.0,0.0,-839.0,1.75
2024-12-18,92.2079386453048,92.41655389110865,93.04239962852023,91.26917003918743,2535929.0,3176.0,112006182.0,-191000.0,0.0,0.0,0.0,99.0,1.69
2024-12-19,99.30085700263594,90.43470905597201,100.656856100361,89.18301758114886,15692154.0,11221.0,731683640.0,352000.0,0.0,0.0,0.0,27272.0,1.95
2024-12-20,98.36208839651857,98.36208839651857,104.3076229019285,97.63193503620506,21443361.0,16196.0,1039521642.0,-272000.0,0.0,0.0,3000.0,-23833.0,1.81
2024-12-23,100.76116372326292,98.04916552781279,103.26454667290922,96.58885880718579,10865403.0,7975.0,522767899.0,-22000.0,0.0,0.0,-2000.0,9740.0,1.8
2024-12-24,102.43008568969378,102.22147044388993,103.05593142710535,98.25778077361664,8964587.0,5689.0,435047427.0,441000.0,0.0,0.0,5000.0,-25.0,2.08
2024-12-25,105.35069913094779,107.85408208059407,109.73161929282878,104.72485339353622,20042912.0,13576.0,1027042495.0,-580000.0,0.0,0.0,-4000.0,471.0,1.71
2024-12-26,99.40516462553785,105.35069913094779,105.35069913094779,99.09224175683207,6947982.0,5063.0,338507486.0,346000.0,0.0,0.0,0.0,-20407.0,1.94
2024-12-27,98.88362651102821,99.71808749424363,101.8042399522822,98.04916552781279,4467361.0,3646.0,213901687.0,-270000.0,0.0,0.0,0.0,-607.0,1.77
2024-12-30,103.89039241032077,100.96977896906678,108.06269732639792,100.96977896906678,14343837.0,9619.0,721696918.0,461000.0,0.0,0.0,4.0,489.0,2.03
2024-12-31,103.99470003322271,102.32577806679186,104.93346863934006,102.32577806679186,4326140.0,4109.0,214559753.0,134000.0,0.0,0.0,0.0,0.0,2.12
2025-01-02,103.05593142710535,103.99470003322271,104.3076229019285,101.3870094606745,3326787.0,2715.0,163852657.0,-101000.0,0.0,0.0,-3000.0,-1000.0,2.07
2025-01-03,97.84055028200893,103.05593142710535,103.89039241032077,97.11039692169543,3998893.0,3949.0,191970584.0,15000.0,0.0,0.0,-1004.0,-9493.0,2.13
2025-01-06,101.07408659196872,99.09224175683207,101.28270183777256,97.42331979040122,2179881.0,2003.0,104057177.0,112000.0,0.0,0.0,2000.0,0.0,2.2
2025-01-07,99.50947224843979,101.8042399522822,106.18516011416321,99.50947224843979,7477158.0,6457.0,369273142.0,208000.0,0.0,0.0,0.0,9.0,2.34
2025-01-08,101.28270183777256,99.50947224843979,102.8473161813015,98.88362651102821,3699008.0,3038.0,179347238.0,250000.0,0.0,0.0,0.0,9000.0,2.49
2025-01-09,96.17162831557808,101.3870094606745,101.3870094606745,95.96301306977422,2920054.0,2740.0,137327437.0,-134000.0,0.0,0.0,-6000.0,-9009.0,2.4
2025-01-10,96.69316643008771,96.17162831557808,99.09224175683207,95.65009020106844,2102925.0,2072.0,98021950.0,-41000.0,0.0,0.0,-4000.0,56.0,2.38
2025-01-13,92.52086151401058,96.69316643008771,96.69316643008771,90.85193954757972,1958855.0,2197.0,86952340.0,247000.0,0.0,0.0,5000.0,138.0,2.52
2025-01-14,98.04916552781279,93.98116823463756,98.46639601942051,91.4777852849913,2025798.0,1856.0,92239211.0,19000.0,0.0,0.0,-16000.0,0.0,2.53
2025-01-15,93.77255298883372,94.91993684075493,96.90178167589158,93.66824536593178,2240393.0,2180.0,102085750.0,-475999.0,0.0,0.0,-1000.0,-29.0,2.15
2025-01-16,99.50947224843979,97.0060892987935,100.55254847745908,95.65009020106844,4470138.0,3788.0,210629793.0,376000.0,0.0,0.0,2000.0,5614.0,2.38
2025-01-17,99.71808749424363,100.34393323165521,101.17839421487065,98.25778077361664,6469159.0,5596.0,309369607.0,-1115000.0,0.0,88000.0,1000.0,10221.0,1.7
2025-01-20,99.71808749424363,99.50947224843979,100.76116372326292,98.36208839651857,2580022.0,2479.0,123093416.0,-102000.0,0.0,86000.0,4000.0,-2000.0,1.63
2025-01-21,98.25778077361664,99.71808749424363,100.13531798585136,97.736242659107,1433619.0,1425.0,67746645.0,88000.0,0.0,87000.0,0.0,0.0,1.69
2025-01-22,100.34393323165521,100.03101036294943,102.63870093549765,99.71808749424363,5665529.0,4059.0,274281929.0,4000.0,0.0,88000.0,3000.0,-1075.0,1.59
2025-02-03,101.28270183777256,95.96301306977422,101.3870094606745,95.96301306977422,1946557.0,1882.0,92825382.0,390000.0,0.0,75000.0,-11000.0,-656.0,1.85
2025-02-04,102.8473161813015,101.69993232938029,106.39377535996707,100.96977896906678,7634103.0,6116.0,379432691.0,-561000.0,0.0,4000.0,4000.0,-2079.0,1.42
2025-02-05,104.51623814773235,103.68177716451693,105.97654486835935,103.05593142710535,6217987.0,5319.0,312134303.0,776700.0,0.0,9000.0,-2000.0,50000.0,1.94
2025-02-06,104.09900765612464,103.577469541615,105.55931437675164,102.53439331259571,4207359.0,3706.0,209601184.0,84000.0,0.0,4000.0,0.0,-11000.0,1.98
2025-02-07,106.60239060577094,103.68177716451693,107.85408208059407,103.577469541615,7259078.0,5434.0,367648130.0,1323000.0,0.0,0.0,0.0,31044.0,2.78
2025-02-10,104.93346863934006,106.39377535996707,107.85408208059407,104.20331527902657,6235809.0,4788.0,316142919.0,-1263900.0,0.0,0.0,0.0,-16749.0,1.98
2025-02-11,105.35069913094779,105.55931437675164,108.06269732639792,104.3076229019285,8678651.0,5622.0,442457749.0,1060000.0,0.0,0.0,0.0,42252.0,2.61
2025-02-12,115.78146142114063,109.94023453863264,115.78146142114063,109.73161929282878,26569849.0,14908.0,1455482922.0,1826000.0,0.0,0.0,26231.0,36157.0,3.78
2025-02-13,108.6885430638095,119.11930535400235,119.3279205998062,108.27131257220178,32487340.0,20104.0,1756955352.0,-1965000.0,0.0,3000.0,-27746.0,-25640.0,2.45
2025-02-14,106.18516011416321,109.31438880122106,110.98331076765193,105.97654486835935,9478372.0,6481.0,492040436.0,-881000.0,0.0,0.0,-112.0,-5789.0,1.82
2025-02-17,107.01962109737863,106.39377535996707,111.6091565050635,106.18516011416321,13362399.0,8600.0,695314107.0,-771000.0,0.0,3000.0,10555.0,-1982.0,1.38
2025-02-18,107.01962109737863,107.64546683479021,108.47992781800563,106.81100585157479,2530939.0,2093.0,130152159.0,112000.0,0.0,3000.0,0.0,7000.0,1.45
2025-02-19,106.81100585157479,108.27131257220178,108.89715830961336,106.81100585157479,2392490.0,2278.0,123531625.0,-95000.0,0.0,3000.0,10000.0,2000.0,1.38
2025-02-20,104.51623814773235,107.22823634318249,108.06269732639792,104.3076229019285,3022841.0,2439.0,152740443.0,276000.0,0.0,9000.0,0.0,-2792.0,1.56
2025-02-21,106.60239060577094,104.72485339353622,106.81100585157479,103.78608478741886,2411701.0,2046.0,122309928.0,293000.0,0.0,0.0,-2000.0,-21372.0,1.78
2025-02-24,108.6885430638095,105.7679296225555,110.77469552184807,104.93346863934006,5048801.0,3767.0,263763995.0,599000.0,0.0,1000.0,-8441.0,29852.0,2.16
2025-02-25,108.06269732639792,108.47992781800563,110.35746503024035,107.01962109737863,3148208.0,2880.0,163752209.0,-367000.0,0.0,2000.0,2000.0,-19736.0,1.79
2025-02-26,110.14884978443649,108.27131257220178,110.5660802760442,108.06269732639792,4244173.0,3324.0,222472941.0,-117999.0,0.0,0.0,-4000.0,7736.0,1.68
2025-02-27,106.39377535996707,109.94023453863264,110.98331076765193,105.35069913094779,5232101.0,3898.0,270240380.0,39000.0,0.0,0.0,10683.0,-50100.0,1.72
2025-03-03,100.96977896906678,103.89039241032077,105.14208388514392,100.86547134616487,3139906.0,2752.0,153657183.0,-366000.0,0.0,15000.0,46.0,-26430.0,1.47
2025-03-04,101.59562470647836,100.13531798585136,102.63870093549765,98.67501126522436,2270087.0,1665.0,109908874.0,-37000.0,0.0,1000.0,-1601.0,-3161.0,1.43
2025-03-05,101.8042399522822,102.01285519808607,103.26454667290922,100.86547134616487,1402301.0,1607.0,68443337.0,-9000.0,0.0,0.0,694.0,17829.0,1.43
2025-03-06,99.30085700263594,101.8042399522822,102.53439331259571,99.30085700263594,1574697.0,1501.0,75641163.0,-174000.0,0.0,0.0,-1392.0,-16102.0,1.28
2025-03-07,97.11039692169543,98.46639601942051,99.40516462553785,97.0060892987935,1555956.0,1342.0,72949192.0,-47000.0,0.0,2000.0,95.0,-3049.0,1.28
2025-03-10,95.23285970946071,97.42331979040122,98.04916552781279,95.23285970946071,1175158.0,1032.0,54166988.0,-2000.0,0.0,4000.0,4536.0,-5220.0,1.31
2025-03-11,94.71132159495107,93.04239962852023,95.02424446365686,90.85193954757972,1386916.0,1175.0,61943422.0,147000.0,0.0,15000.0,-5981.0,1261.0,1.41
2025-03-12,93.56393774302987,94.29409110334336,95.44147495526458,93.45963012012793,855702.0,903.0,38732970.0,-142327.0,0.0,0.0,0.0,-4304.0,1.35
2025-03-13,99.9267027400475,94.81562921785302,100.44824085455714,94.81562921785302,5751507.0,4380.0,272585809.0,-251000.0,0.0,0.0,407.0,14492.0,1.04
2025-03-14,102.74300855839957,101.59562470647836,103.89039241032077,100.55254847745908,9693894.0,7586.0,473406147.0,-328000.0,0.0,0.0,0.0,-7832.0,0.84
2025-03-17,101.17839421487065,102.8473161813015,103.577469541615,100.44824085455714,2558152.0,2133.0,125128188.0,163000.0,0.0,0.0,-9000.0,-196.0,0.95
2025-03-18,99.50947224843979,100.76116372326292,101.69993232938029,98.7793188881263,1522621.0,1392.0,73002648.0,126000.0,0.0,0.0,4062.0,-4209.0,1.03
2025-03-19,97.31901216749928,98.88362651102821,98.98793413393015,96.38024356138195,1430746.0,1321.0,67004247.0,-120000.0,0.0,0.0,14107.0,-5305.0,1.0
2025-03-20,97.736242659107,97.84055028200893,98.7793188881263,97.52762741330315,716295.0,668.0,33650885.0,-31000.0,0.0,0.0,5742.0,430.0,0.96
2025-03-21,95.96301306977422,97.31901216749928,97.42331979040122,95.96301306977422,693873.0,737.0,32066762.0,16000.0,0.0,0.0,-225.0,-430.0,0.96
2025-03-24,94.39839872624529,96.79747405298964,97.42331979040122,94.18978348044143,1048033.0,1480.0,47746416.0,168000.0,0.0,0.0,-174.0,-1000.0,1.07
2025-03-25,94.0854758575395,96.27593593848,96.27593593848,93.56393774302987,633655.0,800.0,28689188.0,11000.0,0.0,0.0,1612.0,-1.0,1.09
2025-03-26,94.71132159495107,94.91993684075493,95.65009020106844,94.18978348044143,615233.0,837.0,27901225.0,138000.0,0.0,0.0,-403.0,376.0,1.09
2025-03-27,93.25101487432408,93.56393774302987,94.29409110334336,93.04239962852023,423448.0,619.0,18965411.0,-13000.0,0.0,0.0,-142.0,281.0,1.11
2025-03-28,90.0174785643643,92.2079386453048,92.83378438271636,88.45286422083537,1599999.0,1435.0,69086537.0,61969.0,0.0,3000.0,-6055.0,-25778.0,1.11
2025-03-31,83.96763643605244,86.26240413989487,87.61840323761994,83.96763643605244,1443005.0,1330.0,59067124.0,231000.0,0.0,7000.0,-12048.0,-8723.0,1.22
2025-04-01,86.47101938569872,85.63655840248329,86.99255750020838,85.3236355337775,574272.0,632.0,23723070.0,153000.0,0.0,0.0,7000.0,-2601.0,1.29
2025-04-02,87.40978799181607,85.84517364828716,87.51409561471802,85.3236355337775,547824.0,658.0,22758120.0,177044.0,0.0,0.0,0.0,645.0,1.28
2025-04-07,78.75225529095601,78.75225529095601,78.75225529095601,78.75225529095601,492934.0,633.0,18607989.0,224000.0,0.0,0.0,995.0,-2000.0,1.42
2025-04-08,72.91102840844803,70.92918357331138,73.01533603134995,70.92918357331138,3184310.0,2117.0,109249378.0,1223000.0,0.0,0.0,-3000.0,-152.0,2.17
2025-04-09,65.71380242821495,72.59810553974224,72.59810553974224,65.71380242821495,2030367.0,1484.0,65792723.0,-7000.0,0.0,0.0,2000.0,-6713.0,2.2
2025-04-10,72.28518267103645,72.07656742523258,72.28518267103645,71.86795217942874,786022.0,505.0,27200130.0,143000.0,0.0,0.0,0.0,0.0,2.3
2025-04-11,73.32825890005573,69.36456922978245,73.53687414585958,66.75687865723424,1149453.0,1156.0,39140164.0,193261.0,0.0,-17000.0,0.0,239.0,2.41
2025-04-14,74.78856562068273,75.10148848938852,77.81348668483865,74.47564275197695,969678.0,1539.0,35113276.0,-169999.0,0.0,-3000.0,-4000.0,2613.0,2.31
2025-04-15,78.75225529095601,75.51871898099624,78.96087053675987,75.51871898099624,690585.0,1453.0,25716724.0,132000.0,0.0,-1000.0,-1000.0,-522.0,2.38
2025-04-16,76.8747180787213,78.64794766805409,78.64794766805409,76.1445647184078,676021.0,1439.0,24984678.0,-195988.0,0.0,0.0,0.0,-1658.0,2.25
2025-04-17,75.72733422680008,76.1445647184078,76.45748758711359,74.6842579977808,477578.0,696.0,17297471.0,24000.0,0.0,0.0,1000.0,-592.0,2.27
2025-04-18,75.72733422680008,75.72733422680008,76.8747180787213,75.31010373519238,463070.0,513.0,16821594.0,65000.0,0.0,-101000.0,0.0,-1000.0,2.31
2025-04-21,72.07656742523258,75.31010373519238,75.93594947260394,72.07656742523258,672777.0,645.0,23466492.0,-8812.0,0.0,-102000.0,-1000.0,0.0,2.31
2025-04-22,70.82487595040945,70.92918357331138,72.70241316264416,70.51195308170365,590791.0,433.0,20210514.0,72551.0,0.0,-99000.0,-12000.0,250.0,2.36
2025-04-23,73.84979701456537,72.59810553974224,74.47564275197695,72.59810553974224,632467.0,493.0,22381131.0,170227.0,0.0,-94000.0,0.0,0.0,2.5
2025-04-24,73.43256652295767,74.9971808664866,74.9971808664866,73.32825890005573,416657.0,326.0,14755666.0,146774.0,0.0,-95000.0,-2000.0,0.0,2.61
2025-04-25,75.10148848938852,75.72733422680008,75.72733422680008,74.05841226036924,395277.0,454.0,14202240.0,55205.0,0.0,0.0,0.0,-1000.0,2.59
2025-04-28,76.24887234130972,75.72733422680008,76.77041045581937,75.51871898099624,400891.0,340.0,14643103.0,127850.0,0.0,0.0,0.0,0.0,2.64
2025-04-29,79.48240865126952,75.83164184970202,79.69102389707338,75.83164184970202,855651.0,785.0,32200724.0,51945.0,0.0,0.0,0.0,5117.0,2.68
2025-04-30,80.62979250319073,80.31686963448495,83.13317545283702,79.69102389707338,1991425.0,1752.0,77768254.0,-265001.0,0.0,0.0,0.0,-4339.0,2.56
2025-05-02,81.98579160091579,81.25563824060231,82.19440684671966,80.62979250319073,919407.0,807.0,35843659.0,78342.0,0.0,0.0,-1000.0,-74.0,2.64
2025-05-05,77.29194857032901,82.50732971542544,82.50732971542544,76.04025709550588,1034226.0,1083.0,38917322.0,-342.0,0.0,0.0,0.0,-851.0,2.63
2025-05-06,77.18764094742708,76.56179521001552,78.12640955354445,76.35317996421166,412161.0,359.0,15255584.0,-7981.0,0.0,0.0,-27000.0,-31.0,2.61
2025-05-07,76.1445647184078,77.18764094742708,77.18764094742708,75.51871898099624,407115.0,321.0,14880119.0,95124.0,0.0,0.0,-15000.0,-205.0,2.68
2025-05-08,77.39625619323095,76.77041045581937,77.70917906193674,76.66610283291745,298129.0,277.0,11033081.0,5007.0,0.0,0.0,1000.0,-536.0,2.69
2025-05-09,80.94271537189651,77.81348668483865,81.25563824060231,75.72733422680008,928120.0,780.0,35264983.0,108016.0,0.0,0.0,10000.0,0.0,2.75
2025-05-12,83.34179069864088,81.88148397801388,85.53225077958137,81.46425348640615,3163287.0,2264.0,127198437.0,-647156.0,0.0,0.0,10000.0,25021.0,2.34
2025-05-13,83.02886782993508,86.05378889409101,86.05378889409101,81.88148397801388,1192312.0,915.0,47702098.0,-26452.0,0.0,0.0,3000.0,-25000.0,2.36
2025-05-14,83.65471356734666,84.07194405895436,84.07194405895436,82.61163733832737,620253.0,631.0,24796912.0,13948.0,0.0,0.0,7000.0,7525.0,2.44
2025-05-15,83.55040594444472,83.44609832154279,85.3236355337775,83.23748307573894,964929.0,704.0,38936999.0,178808.0,0.0,0.0,0.0,1125.0,2.62
2025-05-16,82.92456020703315,83.55040594444472,83.55040594444472,82.61163733832737,350939.0,366.0,13941767.0,-49795.0,0.0,0.0,0.0,-196.0,2.57
2025-05-19,85.3236355337775,83.44609832154279,90.74763192467779,83.44609832154279,4628574.0,2860.0,194501784.0,-101323.0,0.0,0.0,64.0,-5249.0,2.48
2025-05-20,83.13317545283702,85.84517364828716,86.05378889409101,82.40302209252351,1574503.0,1474.0,63253857.0,-74505.0,0.0,0.0,2936.0,-1492.0,2.44
2025-05-21,83.34179069864088,83.44609832154279,83.86332881315052,82.40302209252351,410556.0,530.0,16345354.0,-81210.0,0.0,0.0,3000.0,-37.0,2.41
2025-05-22,82.61163733832737,83.23748307573894,83.23748307573894,81.88148397801388,328242.0,335.0,12971850.0,-79870.0,0.0,0.0,0.0,-633.0,2.36
2025-05-23,82.40302209252351,83.44609832154279,83.44609832154279,81.88148397801388,265791.0,236.0,10545409.0,-3097.0,0.0,0.0,0.0,-64.0,2.37
2025-05-26,83.13317545283702,83.65471356734666,85.94948127118909,83.13317545283702,1138743.0,922.0,46029518.0,-23484.0,0.0,0.0,-2000.0,0.0,2.38
2025-05-27,81.67286873221,83.13317545283702,83.44609832154279,81.46425348640615,393621.0,420.0,15499653.0,-28073.0,0.0,0.0,-2000.0,0.0,2.38
2025-05-28,81.15133061770037,83.34179069864088,83.34179069864088,80.5254848802888,291647.0,352.0,11390059.0,-27557.0,0.0,0.0,0.0,0.0,2.36
2025-05-29,80.5254848802888,81.35994586350422,82.29871446962159,80.10825438868109,255433.0,286.0,9873596.0,27764.0,0.0,0.0,-2000.0,0.0,2.38
2025-06-02,78.85656291385794,80.94271537189651,80.94271537189651,77.50056381613287,381641.0,352.0,14343937.0,-26050.0,0.0,0.0,38000.0,0.0,2.37
2025-06-03,78.64794766805409,80.10825438868109,80.10825438868109,78.54364004515216,154071.0,181.0,5825860.0,-6182.0,0.0,0.0,-5000.0,0.0,2.26
2025-06-04,80.5254848802888,79.16948578256374,83.02886782993508,79.16948578256374,987114.0,811.0,38474516.0,-150537.0,0.0,0.0,0.0,40.0,2.18
2025-06-05,80.31686963448495,82.19440684671966,82.19440684671966,80.10825438868109,391758.0,404.0,15202875.0,-27820.0,0.0,0.0,-5000.0,-40.0,2.17
2025-06-06,78.75225529095601,80.31686963448495,81.15133061770037,78.75225529095601,266053.0,281.0,10128523.0,-62505.0,0.0,0.0,-4000.0,219.0,2.04
2025-06-09,78.33502479934829,78.85656291385794,79.48240865126952,77.60487143903481,312018.0,329.0,11680879.0,-34121.0,0.0,0.0,0.0,-222.0,2.03
2025-06-10,79.48240865126952,78.33502479934829,80.31686963448495,78.33502479934829,364620.0,343.0,13892504.0,113972.0,0.0,0.0,3000.0,410.0,2.09
2025-06-11,79.58671627417144,79.58671627417144,80.5254848802888,78.75225529095601,321562.0,307.0,12278880.0,25925.0,0.0,0.0,0.0,-2211.0,2.11
2025-06-12,80.42117725738687,79.37810102836758,82.09009922381773,79.27379340546565,494254.0,389.0,19105751.0,97754.0,0.0,0.0,0.0,702.0,2.25
2025-06-13,78.23071717644638,79.69102389707338,79.89963914287722,78.23071717644638,379785.0,406.0,14339730.0,-102677.0,0.0,0.0,-1000.0,-2003.0,2.2
2025-06-16,78.23071717644638,77.60487143903481,78.43933242225023,76.56179521001552,254467.0,251.0,9485728.0,45000.0,0.0,0.0,0.0,-16.0,2.21
2025-06-17,78.43933242225023,78.23071717644638,79.0651781596618,77.70917906193674,215597.0,225.0,8103405.0,47000.0,0.0,0.0,0.0,121.0,2.22
2025-06-18,78.43933242225023,78.12640955354445,78.85656291385794,77.50056381613287,157275.0,185.0,5908580.0,42000.0,0.0,0.0,0.0,1036.0,2.24
2025-06-19,76.56179521001552,77.81348668483865,77.91779430774059,76.56179521001552,321590.0,496.0,11867576.0,-57000.0,0.0,0.0,0.0,0.0,2.26
2025-06-20,75.72733422680008,76.56179521001552,77.60487143903481,74.89287324358466,254248.0,268.0,9229558.0,18000.0,0.0,0.0,5000.0,-230.0,2.21
2025-06-23,74.2670275061731,73.53687414585958,74.9971808664866,73.01533603134995,310406.0,340.0,11016520.0,53000.0,0.0,0.0,-1000.0,-814.0,2.23
2025-06-24,76.77041045581937,76.77041045581937,77.60487143903481,75.20579611229044,349640.0,370.0,12855947.0,161000.0,0.0,0.0,0.0,188.0,2.32
2025-06-25,77.29194857032901,77.18764094742708,78.12640955354445,76.24887234130972,196176.0,360.0,7237620.0,32000.0,0.0,0.0,0.0,3.0,2.31
2025-06-26,77.70917906193674,77.29194857032901,79.37810102836758,77.29194857032901,396274.0,477.0,14910828.0,138000.0,0.0,0.0,1000.0,-1436.0,2.34
2025-06-27,78.33502479934829,78.43933242225023,78.96087053675987,77.39625619323095,209766.0,238.0,7852150.0,61400.0,0.0,0.0,-21000.0,10.0,2.36
2025-06-30,77.60487143903481,78.85656291385794,78.85656291385794,76.56179521001552,201746.0,349.0,7469029.0,26000.0,0.0,0.0,-2000.0,1101.0,2.35
2025-07-01,76.97902570162323,77.50056381613287,78.75225529095601,76.97902570162323,201377.0,271.0,7500936.0,27000.0,0.0,0.0,0.0,923.0,2.29
2025-07-02,77.18764094742708,77.18764094742708,77.60487143903481,76.56179521001552,84645.0,159.0,3122377.0,37000.0,0.0,0.0,0.0,0.0,2.22
2025-07-03,79.16948578256374,77.60487143903481,79.7953315199753,77.29194857032901,554632.0,514.0,20932000.0,339000.0,0.0,0.0,0.0,1828.0,2.42
2025-07-04,76.35317996421166,79.16948578256374,79.16948578256374,76.24887234130972,323405.0,623.0,11938127.0,-131000.0,0.0,0.0,0.0,-2540.0,2.32
2025-07-07,74.67508809686635,76.56294144762983,76.56294144762983,74.46532661344818,273626.0,297.0,9796642.0,-58000.0,0.0,0.0,0.0,-2310.0,2.23
2025-07-08,73.8360421631937,74.46532661344818,76.35317996421166,73.8360421631937,242433.0,221.0,8581893.0,-80000.0,0.0,0.0,1000.0,-629.0,2.13
2025-07-09,75.61901477224808,74.04580364661184,75.93365699737534,73.41651919635737,236093.0,256.0,8445760.0,41000.0,0.0,0.0,-3000.0,294.0,2.34
2025-07-10,74.67508809686635,75.93365699737534,75.93365699737534,74.3604458717391,179673.0,436.0,6405346.0,-55000.0,0.0,0.0,0.0,196.0,2.31
2025-07-11,75.09461106370267,75.09461106370267,76.35317996421166,74.67508809686635,201302.0,271.0,7237437.0,75000.0,0.0,0.0,0.0,0.0,2.36
2025-07-14,73.62628067977553,75.09461106370267,75.09461106370267,73.62628067977553,170612.0,198.0,6033320.0,-68000.0,0.0,0.0,0.0,-994.0,2.31
2025-07-15,75.93365699737534,73.62628067977553,77.61174886472064,73.62628067977553,348014.0,302.0,12516448.0,-2000.0,0.0,0.0,3000.0,157.0,2.32
2025-07-16,79.39472147377504,75.93365699737534,81.38745556624758,75.93365699737534,1676166.0,1210.0,63453399.0,34000.0,0.0,0.0,0.0,7461.0,2.37
2025-07-17,82.96066669188382,79.39472147377504,83.17042817530198,78.97519850693871,2514309.0,1552.0,97864274.0,64000.0,0.0,0.0,0.0,196.0,2.45
2025-07-18,90.61696083664681,86.21196968486537,91.2462452869013,85.68756597631996,14162546.0,11688.0,608601876.0,-1177000.0,0.0,0.0,34944.0,-6572.0,1.86
2025-07-21,87.7851808105016,90.40719935322865,90.72184157835588,87.05101561853802,4616353.0,3231.0,194329484.0,-302000.0,0.0,0.0,-2944.0,-3136.0,1.73
2025-07-22,83.48507040042922,87.7851808105016,88.51934600246517,83.17042817530198,2358980.0,1929.0,95823543.0,-88000.0,0.0,0.0,0.0,-322.0,1.76
2025-07-23,87.99494229391976,84.95340078435638,91.2462452869013,84.95340078435638,3941351.0,3298.0,166358692.0,-439000.0,0.0,0.0,3673.0,0.0,1.58
2025-07-24,87.6803000687925,88.09982303562883,88.09982303562883,85.79244671802903,1418100.0,1252.0,58772488.0,91000.0,0.0,0.0,0.0,4006.0,1.69
2025-07-25,85.58268523461086,87.6803000687925,87.6803000687925,85.58268523461086,882092.0,929.0,36265767.0,-213000.0,0.0,0.0,0.0,-1248.0,1.6
2025-07-28,86.63149265170168,87.6803000687925,87.6803000687925,85.16316226777454,676926.0,577.0,27895939.0,78000.0,0.0,0.0,0.0,-282.0,1.65
2025-07-29,85.79244671802903,86.10708894315627,87.1558963602471,85.37292375119272,703207.0,672.0,28869247.0,117000.0,0.0,0.0,5000.0,-855.0,1.72
2025-07-30,85.16316226777454,86.10708894315627,86.10708894315627,84.42899707581097,716977.0,776.0,29070813.0,206000.0,0.0,0.0,0.0,-1128.0,1.82
2025-07-31,85.47780449290178,86.0022082014472,86.0022082014472,84.63875855922913,567651.0,611.0,23098707.0,64000.0,0.0,0.0,0.0,359.0,1.87
2025-08-01,86.42173116828353,84.2192355923928,87.05101561853802,83.06554743359291,644952.0,750.0,26379082.0,187000.0,0.0,0.0,0.0,3215.0,2.02
2025-08-04,88.62422674417425,85.58268523461086,89.4632726778469,84.95340078435638,1290796.0,1166.0,54184886.0,283000.0,0.0,0.0,-4000.0,347.0,2.11
2025-08-05,93.0292178959557,90.0925571281014,93.0292178959557,88.72910748588332,4046134.0,3397.0,176304614.0,186000.0,0.0,0.0,3083.0,2815.0,2.3
2025-08-06,93.0292178959557,94.28778679646467,98.58789720653704,92.50481418741028,9075732.0,8793.0,411024410.0,-1579000.0,0.0,0.0,1000.0,-829.0,1.47
2025-08-07,89.98767638639231,91.87552973715579,92.08529122057395,89.77791490297415,1763753.0,2885.0,76296473.0,-164000.0,0.0,0.0,-1000.0,-20.0,1.38
2025-08-08,90.30231861151955,89.98767638639231,91.87552973715579,88.72910748588332,1105179.0,1180.0,47668453.0,-132000.0,0.0,0.0,-15000.0,-1012.0,1.37
2025-08-11,89.25351119442873,90.30231861151955,90.30231861151955,88.51934600246517,839736.0,1038.0,35667105.0,215000.0,0.0,0.0,-26000.0,75.0,1.53
2025-08-12,89.14863045271966,89.35839193613782,90.19743786981047,88.72910748588332,859717.0,666.0,36546116.0,98000.0,0.0,0.0,3000.0,498.0,1.64
2025-08-13,90.0925571281014,90.19743786981047,93.34386012108294,89.25351119442873,2060593.0,1637.0,89604358.0,464000.0,0.0,0.0,202.0,-188.0,1.93
2025-08-14,88.51934600246517,90.19743786981047,91.87552973715579,88.51934600246517,1289169.0,1387.0,54992580.0,-264000.0,0.0,0.0,0.0,-1821.0,1.81
2025-08-15,91.2462452869013,89.14863045271966,92.60969492911936,88.09982303562883,2194014.0,1616.0,95266344.0,836000.0,0.0,0.0,4000.0,180.0,2.34
2025-08-18,93.97314457133741,91.2462452869013,94.8121905050101,90.30231861151955,2356988.0,1956.0,105318352.0,582000.0,0.0,0.0,-576.0,0.0,2.7
2025-08-19,94.91707124671916,94.8121905050101,95.02195198842824,92.3999334457012,3814971.0,3368.0,171192107.0,-756909.0,0.0,0.0,8000.0,-249.0,2.1
2025-08-20,92.29505270399211,95.3365942135555,96.90980533919172,92.29505270399211,5790201.0,4709.0,260403564.0,-1394000.0,0.0,0.0,-13000.0,-2683.0,1.36
2025-08-21,93.34386012108294,92.29505270399211,95.3365942135555,92.29505270399211,2096138.0,1922.0,93974125.0,119000.0,0.0,0.0,-3000.0,0.0,1.47
2025-08-22,91.14136454519222,95.2317134718464,96.28052088893723,91.14136454519222,1822462.0,2004.0,81281784.0,-71000.0,0.0,0.0,0.0,-137.0,1.45
2025-08-25,96.59516311406446,92.29505270399211,98.7976586899552,92.29505270399211,8303309.0,6020.0,385094158.0,888000.0,0.0,0.0,9144.0,-598.0,2.03
2025-08-26,101.31479649097315,97.53908978944621,102.2587231663549,95.8609979221009,10977176.0,8780.0,521726000.0,341000.0,0.0,0.0,-3147.0,-293.0,2.24
2025-08-27,98.7976586899552,102.46848464977306,102.46848464977306,98.27325498140979,5729829.0,6213.0,272382663.0,-1050500.0,0.0,0.0,12979.0,0.0,1.57
2025-08-28,97.95861275628255,98.58789720653704,99.84646610704601,97.11956682260988,2599767.0,2747.0,121987036.0,-145000.0,0.0,0.0,-1605.0,-152.0,1.47
2025-08-29,95.3365942135555,98.7976586899552,99.3220623985006,95.2317134718464,2287452.0,1844.0,105209940.0,-4000.0,0.0,0.0,678.0,0.0,1.47
2025-09-01,95.12683273013732,95.75611718039181,99.53182388191877,95.02195198842824,2829379.0,2031.0,131353942.0,10000.0,0.0,0.0,1000.0,0.0,1.48
2025-09-02,92.9243371542466,95.44147495526457,97.74885127286439,91.66576825373762,1525970.0,1614.0,68338281.0,200000.0,0.0,0.0,-2000.0,0.0,1.6
2025-09-03,95.44147495526457,93.34386012108294,96.4902823723554,92.9243371542466,1227690.0,1510.0,55688586.0,284000.0,0.0,0.0,0.0,0.0,1.76
2025-09-04,93.5536216045011,96.4902823723554,97.0146860809008,93.34386012108294,1223700.0,1672.0,55472609.0,50904.0,0.0,0.0,0.0,0.0,1.79
2025-09-05,93.65850234621017,94.8121905050101,95.65123643868274,93.65850234621017,818226.0,833.0,36907384.0,61100.0,0.0,0.0,-270.0,0.0,1.79
2025-09-08,94.49754827988284,95.02195198842824,95.44147495526457,92.9243371542466,942798.0,848.0,42327946.0,254000.0,0.0,0.0,-288.0,-12000.0,1.93
2025-09-09,93.34386012108294,95.02195198842824,96.4902823723554,93.13409863766476,1198941.0,1447.0,54021863.0,-226000.0,0.0,0.0,-1442.0,0.0,1.83
2025-09-10,93.76338308791927,93.76338308791927,95.02195198842824,92.29505270399211,991736.0,929.0,44293396.0,294000.0,0.0,0.0,0.0,4000.0,2.0
2025-09-11,90.51208009493772,94.49754827988284,95.65123643868274,90.51208009493772,1438624.0,1726.0,63325410.0,-93000.0,0.0,0.0,4000.0,-3254.0,1.96
2025-09-12,90.82672232006496,91.56088751202854,94.18290605475559,90.82672232006496,1058531.0,853.0,46570286.0,203000.0,0.0,0.0,-3982.0,-746.0,2.07
2025-09-15,89.77791490297415,91.45600677031946,91.45600677031946,89.25351119442873,598894.0,764.0,25694749.0,80000.0,0.0,0.0,0.0,0.0,2.12
2025-09-16,89.25351119442873,89.88279564468323,92.29505270399211,89.14863045271966,695422.0,979.0,29959589.0,-2000.0,0.0,0.0,-8.0,0.0,2.12
2025-09-17,89.88279564468323,89.25351119442873,91.2462452869013,89.25351119442873,483142.0,566.0,20753771.0,127050.0,0.0,0.0,3000.0,0.0,2.2
2025-09-18,89.98767638639231,90.72184157835588,91.98041047886487,89.67303416126506,792232.0,552.0,34183025.0,-64000.0,0.0,0.0,-1000.0,0.0,2.05
2025-09-19,89.14863045271966,91.03648380348312,91.2462452869013,89.14863045271966,663787.0,541.0,28440647.0,-29000.0,0.0,0.0,990.0,0.0,2.03
2025-09-22,89.56815341955598,89.25351119442873,91.98041047886487,88.72910748588332,620072.0,547.0,26692030.0,128000.0,0.0,0.0,325.0,0.0,2.08
2025-09-23,88.62422674417425,90.19743786981047,90.19743786981047,88.30958451904701,575388.0,591.0,24395732.0,-13000.0,0.0,0.0,-1101.0,0.0,2.08
2025-09-24,87.89006155221067,89.77791490297415,90.61696083664681,87.6803000687925,668540.0,668.0,28217253.0,18000.0,0.0,0.0,-6.0,0.0,2.09
2025-09-25,88.41446526075607,88.09982303562883,91.56088751202854,88.09982303562883,1260058.0,963.0,53951263.0,361000.0,0.0,0.0,2914.0,0.0,2.32
2025-09-26,85.58268523461086,89.14863045271966,89.14863045271966,84.63875855922913,1087210.0,868.0,44530406.0,-251000.0,0.0,0.0,345.0,0.0,2.16
2025-09-30,87.47053858537436,86.42173116828353,88.20470377733791,84.63875855922913,794351.0,608.0,32792396.0,283000.0,0.0,0.0,-3000.0,0.0,2.29
2025-10-01,86.31685042657445,88.09982303562883,90.0925571281014,86.21196968486537,1005526.0,784.0,42250038.0,-24000.0,0.0,0.0,21604.0,0.0,2.27
2025-10-02,85.58268523461086,86.94613487682894,87.7851808105016,85.26804300948362,491976.0,658.0,20182427.0,38000.0,0.0,0.0,-4.0,0.0,2.3
2025-10-03,84.74363930093821,85.79244671802903,86.21196968486537,84.74363930093821,624317.0,542.0,25355755.0,53000.0,0.0,0.0,211.0,0.0,2.32
2025-10-07,85.47780449290178,85.16316226777454,86.42173116828353,84.53387781752005,490382.0,417.0,20006437.0,182000.0,0.0,0.0,-280.0,0.0,2.41
2025-10-08,86.31685042657445,85.16316226777454,86.42173116828353,84.63875855922913,416187.0,463.0,17001488.0,158000.0,0.0,0.0,1000.0,0.0,2.49
2025-10-09,85.58268523461086,86.31685042657445,87.05101561853802,85.37292375119272,429394.0,746.0,17602782.0,-28000.0,0.0,0.0,0.0,0.0,2.46
2025-10-13,84.32411633410189,80.7581711159931,84.32411633410189,80.54840963257493,673785.0,576.0,26605152.0,31000.0,0.0,0.0,-4061.0,0.0,2.41
2025-10-14,83.06554743359291,84.32411633410189,85.79244671802903,81.80697853308392,539338.0,562.0,21523331.0,26000.0,0.0,0.0,3622.0,0.0,2.42
2025-10-15,83.27530891701107,83.79971262555648,83.79971262555648,82.85578595017473,216898.0,284.0,8613773.0,31900.0,0.0,0.0,-3271.0,0.0,2.43
2025-10-16,84.74363930093821,83.17042817530198,84.95340078435638,83.17042817530198,389253.0,446.0,15642967.0,163600.0,0.0,0.0,-3000.0,0.0,2.54
2025-10-17,84.11435485068372,84.74363930093821,84.74363930093821,83.79971262555648,257221.0,416.0,10319693.0,-11000.0,0.0,0.0,0.0,0.0,2.47
2025-10-20,84.32411633410189,84.11435485068372,84.32411633410189,83.38018965872016,369347.0,481.0,14782642.0,127000.0,0.0,0.0,1000.0,0.0,2.5
2025-10-21,86.42173116828353,85.89732745973812,87.47053858537436,85.05828152606546,686491.0,915.0,28317818.0,186000.0,0.0,0.0,0.0,0.0,2.58
2025-10-22,87.26077710195618,86.73637339341077,88.20470377733791,86.42173116828353,352436.0,327.0,14674844.0,66000.0,0.0,0.0,1000.0,0.0,2.6
2025-10-23,85.05828152606546,87.26077710195618,87.26077710195618,85.05828152606546,304379.0,843.0,12393203.0,-96000.0,0.0,0.0,0.0,0.0,2.46
2025-10-27,84.11435485068372,85.58268523461086,86.0022082014472,83.79971262555648,503537.0,639.0,20240138.0,43000.0,0.0,0.0,433.0,0.0,2.48
2025-10-28,83.38018965872016,84.95340078435638,85.16316226777454,82.85578595017473,358610.0,563.0,14247402.0,9000.0,0.0,0.0,1000.0,0.0,2.45
2025-10-29,83.79971262555648,83.58995114213832,84.74363930093821,83.38018965872016,402273.0,384.0,16083857.0,145600.0,0.0,0.0,-4000.0,0.0,2.5
2025-10-30,82.75090520846567,84.53387781752005,84.53387781752005,82.43626298333841,355185.0,719.0,14062098.0,28000.0,0.0,0.0,4000.0,0.0,2.49
2025-10-31,82.43626298333841,82.43626298333841,83.27530891701107,82.22650149992025,210610.0,459.0,8298955.0,-22000.0,0.0,0.0,1000.0,0.0,2.45
2025-11-03,82.75090520846567,82.43626298333841,83.90459336726556,81.80697853308392,276152.0,256.0,10935973.0,132000.0,0.0,0.0,0.0,0.0,2.52
2025-11-04,79.91912518232044,82.96066669188382,82.96066669188382,79.91912518232044,518398.0,575.0,19980226.0,-198000.0,0.0,0.0,838.0,0.0,2.41
2025-11-05,78.76543702352053,78.66055628181147,79.49960221548412,77.61174886472064,292233.0,393.0,10968506.0,-4000.0,0.0,0.0,-6000.0,0.0,2.38
2025-11-06,78.24103331497513,79.70936369890228,79.70936369890228,78.03127183155698,432912.0,432.0,16196062.0,25000.0,0.0,0.0,-905.0,0.0,2.39
2025-11-07,76.98246441446615,77.82151034813882,77.82151034813882,75.93365699737534,563561.0,432.0,20646519.0,22000.0,0.0,0.0,-92.0,0.0,2.38
2025-11-10,76.56294144762983,76.98246441446615,77.82151034813882,76.24829922250258,222148.0,252.0,8130005.0,32000.0,0.0,0.0,203.0,0.0,2.4
2025-11-11,77.40198738130248,77.2971066395934,79.28984073206594,76.56294144762983,614097.0,444.0,22817203.0,158000.0,0.0,0.0,-2439.0,0.0,2.5
2025-11-12,77.61174886472064,77.40198738130248,78.24103331497513,77.2971066395934,280983.0,358.0,10428546.0,55000.0,0.0,0.0,3000.0,0.0,2.54
2025-11-13,77.50686812301157,78.03127183155698,78.03127183155698,76.66782218933889,430956.0,583.0,15880444.0,60000.0,0.0,0.0,7000.0,0.0,2.56
2025-11-14,75.514134030539,77.50686812301157,77.50686812301157,74.98973032199359,458550.0,497.0,16609945.0,-213000.0,0.0,0.0,1233.0,0.0,2.43
2025-11-17,76.14341848079349,77.19222589788431,77.19222589788431,74.57020735515727,424354.0,402.0,15285945.0,166124.0,0.0,0.0,-2474.0,0.0,2.54
2025-11-18,73.62628067977553,75.09461106370267,75.93365699737534,73.62628067977553,391135.0,449.0,13865690.0,8000.0,0.0,0.0,-1121.0,0.0,2.55
2025-11-19,73.41651919635737,73.52139993806644,74.25556513003002,72.36771177926654,362680.0,317.0,12668047.0,52000.0,0.0,0.0,595.0,0.0,2.56
2025-11-20,75.40925328882993,74.98973032199359,75.72389551395717,74.77996883857543,278628.0,279.0,10003174.0,100000.0,0.0,0.0,2000.0,0.0,2.57
2025-11-21,73.41651919635737,74.25556513003002,75.30437254712083,72.99699622952103,280954.0,397.0,9857706.0,-69512.0,0.0,0.0,-4816.0,0.0,2.51
2025-11-24,73.62628067977553,73.7311614214846,74.57020735515727,72.99699622952103,149157.0,328.0,5229753.0,29000.0,0.0,0.0,3000.0,0.0,2.53
2025-11-25,74.57020735515727,73.8360421631937,75.19949180541175,73.8360421631937,153175.0,196.0,5444278.0,46000.0,0.0,0.0,0.0,0.0,2.55
2025-11-26,76.98246441446615,75.09461106370267,77.19222589788431,75.09461106370267,259302.0,318.0,9483731.0,130000.0,0.0,0.0,1000.0,0.0,2.62
2025-11-27,76.35317996421166,76.98246441446615,77.82151034813882,75.93365699737534,205917.0,406.0,7523011.0,-32000.0,0.0,0.0,0.0,0.0,2.6
2025-11-28,76.35317996421166,75.82877625566624,76.56294144762983,75.40925328882993,199626.0,322.0,7229616.0,38000.0,0.0,0.0,3000.0,0.0,2.58
2025-12-01,75.30437254712083,76.35317996421166,76.35317996421166,75.30437254712083,171248.0,248.0,6181173.0,-28000.0,0.0,0.0,0.0,0.0,2.5
2025-12-02,75.09461106370267,75.72389551395717,76.35317996421166,74.77996883857543,163299.0,172.0,5854889.0,-20000.0,0.0,0.0,999.0,0.0,2.46
2025-12-03,76.98246441446615,76.03853773908442,78.03127183155698,75.30437254712083,322529.0,340.0,11840849.0,76000.0,0.0,0.0,0.0,0.0,2.51
2025-12-04,77.71662960642972,77.2971066395934,79.91912518232044,77.2971066395934,663838.0,688.0,24836940.0,-115000.0,0.0,0.0,1000.0,0.0,2.46
2025-12-05,76.98246441446615,78.45079479839329,80.12888666573862,75.93365699737534,557621.0,736.0,20656663.0,-125000.0,0.0,0.0,-2183.0,0.0,2.42
2025-12-08,77.19222589788431,77.2971066395934,77.40198738130248,76.03853773908442,230751.0,335.0,8431423.0,0.0,0.0,0.0,-1000.0,0.0,2.42
2025-12-09,77.19222589788431,77.2971066395934,77.2971066395934,76.35317996421166,178022.0,227.0,6521390.0,6000.0,0.0,0.0,6000.0,0.0,2.43
2025-12-10,77.19222589788431,77.61174886472064,77.92639108984788,76.77270293104799,220887.0,350.0,8124862.0,15000.0,0.0,0.0,0.0,0.0,2.44
2025-12-11,77.50686812301157,77.61174886472064,77.92639108984788,76.77270293104799,289066.0,264.0,10680185.0,150000.0,0.0,0.0,1000.0,0.0,2.54
2025-12-12,78.34591405668422,77.61174886472064,78.87031776522963,77.50686812301157,532943.0,670.0,19919323.0,132000.0,0.0,0.0,0.0,0.0,2.62
2025-12-15,78.24103331497513,77.61174886472064,78.87031776522963,76.56294144762983,248466.0,306.0,9232493.0,-25000.0,0.0,0.0,1000.0,0.0,2.61
2025-12-16,76.24829922250258,77.50686812301157,77.50686812301157,74.77996883857543,327256.0,692.0,11872842.0,-133000.0,0.0,0.0,1711.0,0.0,2.47
2025-12-17,75.72389551395717,76.45806070592074,77.2971066395934,75.61901477224808,342790.0,246.0,12451564.0,31000.0,0.0,0.0,-3320.0,0.0,2.36
2025-12-18,74.15068438832094,76.14341848079349,76.14341848079349,74.15068438832094,362661.0,545.0,12910881.0,-60000.0,0.0,0.0,14657.0,0.0,2.35
2025-12-19,73.7311614214846,74.25556513003002,74.77996883857543,72.5774732626847,441168.0,353.0,15591932.0,109000.0,0.0,0.0,2952.0,0.0,2.4
2025-12-22,74.77996883857543,74.25556513003002,75.19949180541175,74.25556513003002,431812.0,303.0,15388316.0,146000.0,0.0,0.0,14000.0,0.0,2.51
2025-12-23,73.7311614214846,75.72389551395717,75.72389551395717,73.52139993806644,345381.0,532.0,12178537.0,-163000.0,0.0,0.0,0.0,0.0,2.4
2025-12-24,74.25556513003002,74.3604458717391,74.77996883857543,73.62628067977553,284586.0,226.0,10054136.0,18000.0,0.0,0.0,-1042.0,0.0,2.38
2025-12-26,81.59721704966576,77.82151034813882,81.59721704966576,77.82151034813882,3157578.0,2847.0,120776915.0,-110000.0,0.0,0.0,2212.0,0.0,2.01
2025-12-29,86.10708894315627,83.38018965872016,88.20470377733791,83.27530891701107,6539065.0,4568.0,269242318.0,-565500.0,0.0,0.0,-4152.0,0.0,1.65
2025-12-30,84.11435485068372,83.06554743359291,84.95340078435638,81.17769408282943,2243260.0,1906.0,88468608.0,-313250.0,0.0,0.0,-22424.0,0.0,1.57
2025-12-31,81.49233630795668,83.06554743359291,83.27530891701107,81.38745556624758,1368033.0,1114.0,53456891.0,-463150.0,0.0,0.0,-233.0,0.0,1.39
2026-01-02,81.49233630795668,81.49233630795668,82.22650149992025,80.54840963257493,758454.0,715.0,29405563.0,-206000.0,0.0,0.0,-332.0,0.0,1.33
2026-01-05,79.6044829571932,81.80697853308392,82.12162075821117,79.18495999035687,986048.0,1272.0,37745582.0,-44100.0,0.0,0.0,8863.0,0.0,1.43
2026-01-06,85.89732745973812,83.90459336726556,86.84125413511985,82.85578595017473,3936747.0,3099.0,160557489.0,451000.0,0.0,0.0,38109.0,0.0,1.81
2026-01-07,83.90459336726556,85.89732745973812,87.05101561853802,83.90459336726556,1884347.0,2596.0,76382271.0,-267000.0,0.0,0.0,-3.0,0.0,1.78
2026-01-08,82.33138224162933,85.37292375119272,86.42173116828353,82.33138224162933,1079121.0,1162.0,43252275.0,-109500.0,0.0,0.0,999.0,0.0,1.71
2026-01-09,81.70209779137484,83.38018965872016,84.32411633410189,80.86305185770217,742502.0,828.0,29170002.0,-211500.0,0.0,0.0,9960.0,0.0,1.63
2026-01-12,83.48507040042922,82.01674001650208,84.11435485068372,81.38745556624758,784507.0,809.0,30908828.0,197000.0,0.0,0.0,4000.0,0.0,1.78
2026-01-13,82.54114372504749,84.95340078435638,84.95340078435638,81.49233630795668,724090.0,1168.0,28535380.0,15000.0,0.0,0.0,4997.0,0.0,1.82
2026-01-14,84.53387781752005,83.27530891701107,84.53387781752005,82.43626298333841,960170.0,797.0,38392674.0,511000.0,0.0,0.0,5000.0,0.0,2.14
2026-01-15,83.90459336726556,84.74363930093821,84.74363930093821,82.85578595017473,495560.0,829.0,19712866.0,-67000.0,0.0,0.0,0.0,0.0,2.07
2026-01-16,82.75090520846567,84.95340078435638,84.95340078435638,82.54114372504749,604943.0,1116.0,24067506.0,-49936.0,0.0,0.0,15000.0,0.0,1.93
2026-01-19,83.90459336726556,82.85578595017473,85.05828152606546,81.80697853308392,966749.0,1025.0,38669872.0,264000.0,0.0,0.0,2000.0,0.0,2.14
2026-01-20,82.64602446675657,83.79971262555648,83.90459336726556,82.64602446675657,639408.0,803.0,25348410.0,-137000.0,0.0,0.0,-1000.0,0.0,2.07
2026-01-21,81.17769408282943,81.911859274793,83.48507040042922,80.96793259941127,734956.0,1051.0,28669148.0,116000.0,0.0,0.0,-204.0,0.0,2.15
2026-01-22,81.911859274793,82.43626298333841,84.32411633410189,81.80697853308392,743214.0,831.0,29346951.0,169000.0,0.0,0.0,3947.0,0.0,2.16
2026-01-23,84.00947410897463,83.27530891701107,85.89732745973812,82.85578595017473,1579670.0,1274.0,63377786.0,161000.0,0.0,0.0,-254.0,0.0,2.26
2026-01-26,85.05828152606546,85.16316226777454,86.52661190999261,83.58995114213832,1203771.0,1163.0,48864177.0,-64001.0,0.0,0.0,-601.0,0.0,2.2
2026-01-27,87.6803000687925,86.21196968486537,87.7851808105016,84.11435485068372,2183668.0,2046.0,89829214.0,53060.0,0.0,0.0,-433.0,0.0,2.27
